Copyright 1986-2022 Xilinx, Inc. All Rights Reserved. Copyright 2022-2025 Advanced Micro Devices, Inc. All Rights Reserved.
---------------------------------------------------------------------------------------------------------------------------------------------------------------------------------------------------
| Tool Version : Vivado v.2024.2.2 (lin64) Build 6060944 Thu Mar 06 19:10:09 MST 2025
| Date         : Wed Apr  9 17:00:08 2025
| Host         : ece-linlabsrv01.ece.gatech.edu running 64-bit Red Hat Enterprise Linux release 8.10 (Ootpa)
| Command      : report_timing_summary -max_paths 10 -report_unconstrained -file da_timing_summary_routed.rpt -pb da_timing_summary_routed.pb -rpx da_timing_summary_routed.rpx -warn_on_violation
| Design       : da
| Device       : 7a35t-cpg236
| Speed File   : -1  PRODUCTION 1.23 2018-06-13
| Design State : Routed
---------------------------------------------------------------------------------------------------------------------------------------------------------------------------------------------------

Timing Summary Report

------------------------------------------------------------------------------------------------
| Timer Settings
| --------------
------------------------------------------------------------------------------------------------

  Enable Multi Corner Analysis               :  Yes
  Enable Pessimism Removal                   :  Yes
  Pessimism Removal Resolution               :  Nearest Common Node
  Enable Input Delay Default Clock           :  No
  Enable Preset / Clear Arcs                 :  No
  Disable Flight Delays                      :  No
  Ignore I/O Paths                           :  No
  Timing Early Launch at Borrowing Latches   :  No
  Borrow Time for Max Delay Exceptions       :  Yes
  Merge Timing Exceptions                    :  Yes
  Inter-SLR Compensation                     :  Conservative

  Corner  Analyze    Analyze    
  Name    Max Paths  Min Paths  
  ------  ---------  ---------  
  Slow    Yes        Yes        
  Fast    Yes        Yes        


------------------------------------------------------------------------------------------------
| Report Methodology
| ------------------
------------------------------------------------------------------------------------------------

Rule       Severity  Description                    Violations  
---------  --------  -----------------------------  ----------  
TIMING-18  Warning   Missing input or output delay  30          

Note: This report is based on the most recent report_methodology run and may not be up-to-date. Run report_methodology on the current design for the latest report.



check_timing report

Table of Contents
-----------------
1. checking no_clock (0)
2. checking constant_clock (0)
3. checking pulse_width_clock (0)
4. checking unconstrained_internal_endpoints (0)
5. checking no_input_delay (18)
6. checking no_output_delay (12)
7. checking multiple_clock (0)
8. checking generated_clocks (0)
9. checking loops (0)
10. checking partial_input_delay (0)
11. checking partial_output_delay (0)
12. checking latch_loops (0)

1. checking no_clock (0)
------------------------
 There are 0 register/latch pins with no clock.


2. checking constant_clock (0)
------------------------------
 There are 0 register/latch pins with constant_clock.


3. checking pulse_width_clock (0)
---------------------------------
 There are 0 register/latch pins which need pulse_width check


4. checking unconstrained_internal_endpoints (0)
------------------------------------------------
 There are 0 pins that are not constrained for maximum delay.

 There are 0 pins that are not constrained for maximum delay due to constant clock.


5. checking no_input_delay (18)
-------------------------------
 There are 18 input ports with no input delay specified. (HIGH)

 There are 0 input ports with no input delay but user has a false path constraint.


6. checking no_output_delay (12)
--------------------------------
 There are 12 ports with no output delay specified. (HIGH)

 There are 0 ports with no output delay but user has a false path constraint

 There are 0 ports with no output delay but with a timing clock defined on it or propagating through it


7. checking multiple_clock (0)
------------------------------
 There are 0 register/latch pins with multiple clocks.


8. checking generated_clocks (0)
--------------------------------
 There are 0 generated clocks that are not connected to a clock source.


9. checking loops (0)
---------------------
 There are 0 combinational loops in the design.


10. checking partial_input_delay (0)
------------------------------------
 There are 0 input ports with partial input delay specified.


11. checking partial_output_delay (0)
-------------------------------------
 There are 0 ports with partial output delay specified.


12. checking latch_loops (0)
----------------------------
 There are 0 combinational latch loops in the design through latch input



------------------------------------------------------------------------------------------------
| Design Timing Summary
| ---------------------
------------------------------------------------------------------------------------------------

    WNS(ns)      TNS(ns)  TNS Failing Endpoints  TNS Total Endpoints      WHS(ns)      THS(ns)  THS Failing Endpoints  THS Total Endpoints     WPWS(ns)     TPWS(ns)  TPWS Failing Endpoints  TPWS Total Endpoints  
    -------      -------  ---------------------  -------------------      -------      -------  ---------------------  -------------------     --------     --------  ----------------------  --------------------  
      6.875        0.000                      0                   55        0.281        0.000                      0                   55        4.500        0.000                       0                    39  


All user specified timing constraints are met.


------------------------------------------------------------------------------------------------
| Clock Summary
| -------------
------------------------------------------------------------------------------------------------

Clock      Waveform(ns)       Period(ns)      Frequency(MHz)
-----      ------------       ----------      --------------
clk_pin_p  {0.000 5.000}      10.000          100.000         


------------------------------------------------------------------------------------------------
| Intra Clock Table
| -----------------
------------------------------------------------------------------------------------------------

Clock             WNS(ns)      TNS(ns)  TNS Failing Endpoints  TNS Total Endpoints      WHS(ns)      THS(ns)  THS Failing Endpoints  THS Total Endpoints     WPWS(ns)     TPWS(ns)  TPWS Failing Endpoints  TPWS Total Endpoints  
-----             -------      -------  ---------------------  -------------------      -------      -------  ---------------------  -------------------     --------     --------  ----------------------  --------------------  
clk_pin_p           6.875        0.000                      0                   55        0.281        0.000                      0                   55        4.500        0.000                       0                    39  


------------------------------------------------------------------------------------------------
| Inter Clock Table
| -----------------
------------------------------------------------------------------------------------------------

From Clock    To Clock          WNS(ns)      TNS(ns)  TNS Failing Endpoints  TNS Total Endpoints      WHS(ns)      THS(ns)  THS Failing Endpoints  THS Total Endpoints  
----------    --------          -------      -------  ---------------------  -------------------      -------      -------  ---------------------  -------------------  


------------------------------------------------------------------------------------------------
| Other Path Groups Table
| -----------------------
------------------------------------------------------------------------------------------------

Path Group    From Clock    To Clock          WNS(ns)      TNS(ns)  TNS Failing Endpoints  TNS Total Endpoints      WHS(ns)      THS(ns)  THS Failing Endpoints  THS Total Endpoints  
----------    ----------    --------          -------      -------  ---------------------  -------------------      -------      -------  ---------------------  -------------------  


------------------------------------------------------------------------------------------------
| User Ignored Path Table
| -----------------------
------------------------------------------------------------------------------------------------

Path Group    From Clock    To Clock    
----------    ----------    --------    


------------------------------------------------------------------------------------------------
| Unconstrained Path Table
| ------------------------
------------------------------------------------------------------------------------------------

Path Group    From Clock    To Clock    
----------    ----------    --------    
(none)        clk_pin_p                   
(none)                      clk_pin_p     


------------------------------------------------------------------------------------------------
| Timing Details
| --------------
------------------------------------------------------------------------------------------------


---------------------------------------------------------------------------------------------------
From Clock:  clk_pin_p
  To Clock:  clk_pin_p

Setup :            0  Failing Endpoints,  Worst Slack        6.875ns,  Total Violation        0.000ns
Hold  :            0  Failing Endpoints,  Worst Slack        0.281ns,  Total Violation        0.000ns
PW    :            0  Failing Endpoints,  Worst Slack        4.500ns,  Total Violation        0.000ns
---------------------------------------------------------------------------------------------------


Max Delay Paths
--------------------------------------------------------------------------------------
Slack (MET) :             6.875ns  (required time - arrival time)
  Source:                 count_p1_d_reg[0]/C
                            (rising edge-triggered cell FDRE clocked by clk_pin_p  {rise@0.000ns fall@5.000ns period=10.000ns})
  Destination:            acc_p2_reg[9]/D
                            (rising edge-triggered cell FDRE clocked by clk_pin_p  {rise@0.000ns fall@5.000ns period=10.000ns})
  Path Group:             clk_pin_p
  Path Type:              Setup (Max at Slow Process Corner)
  Requirement:            10.000ns  (clk_pin_p rise@10.000ns - clk_pin_p rise@0.000ns)
  Data Path Delay:        3.125ns  (logic 1.608ns (51.453%)  route 1.517ns (48.547%))
  Logic Levels:           4  (CARRY4=3 LUT3=1)
  Clock Path Skew:        -0.026ns (DCD - SCD + CPR)
    Destination Clock Delay (DCD):    4.269ns = ( 14.269 - 10.000 ) 
    Source Clock Delay      (SCD):    4.631ns
    Clock Pessimism Removal (CPR):    0.336ns
  Clock Uncertainty:      0.035ns  ((TSJ^2 + TIJ^2)^1/2 + DJ) / 2 + PE
    Total System Jitter     (TSJ):    0.071ns
    Total Input Jitter      (TIJ):    0.000ns
    Discrete Jitter          (DJ):    0.000ns
    Phase Error              (PE):    0.000ns

    Location             Delay type                Incr(ns)  Path(ns)    Netlist Resource(s)
  -------------------------------------------------------------------    -------------------
                         (clock clk_pin_p rise edge)
                                                      0.000     0.000 r  
    M18                                               0.000     0.000 r  clk (IN)
                         net (fo=0)                   0.000     0.000    clk
    M18                  IBUF (Prop_ibuf_I_O)         0.938     0.938 r  clk_IBUF_inst/O
                         net (fo=1, routed)           1.972     2.910    clk_IBUF
    BUFGCTRL_X0Y0        BUFG (Prop_bufg_I_O)         0.096     3.006 r  clk_IBUF_BUFG_inst/O
                         net (fo=38, routed)          1.625     4.631    clk_IBUF_BUFG
    SLICE_X0Y20          FDRE                                         r  count_p1_d_reg[0]/C
  -------------------------------------------------------------------    -------------------
    SLICE_X0Y20          FDRE (Prop_fdre_C_Q)         0.456     5.087 r  count_p1_d_reg[0]/Q
                         net (fo=21, routed)          0.877     5.964    count_p1_d[0]
    SLICE_X0Y20          LUT3 (Prop_lut3_I1_O)        0.124     6.088 r  acc_p2[3]_i_2/O
                         net (fo=1, routed)           0.640     6.728    p_0_in[0]
    SLICE_X1Y20          CARRY4 (Prop_carry4_CYINIT_CO[3])
                                                      0.580     7.308 r  acc_p2_reg[3]_i_1/CO[3]
                         net (fo=1, routed)           0.000     7.308    acc_p2_reg[3]_i_1_n_0
    SLICE_X1Y21          CARRY4 (Prop_carry4_CI_CO[3])
                                                      0.114     7.422 r  acc_p2_reg[7]_i_1/CO[3]
                         net (fo=1, routed)           0.000     7.422    acc_p2_reg[7]_i_1_n_0
    SLICE_X1Y22          CARRY4 (Prop_carry4_CI_O[1])
                                                      0.334     7.756 r  acc_p2_reg[9]_i_1/O[1]
                         net (fo=1, routed)           0.000     7.756    acc_sig[9]
    SLICE_X1Y22          FDRE                                         r  acc_p2_reg[9]/D
  -------------------------------------------------------------------    -------------------

                         (clock clk_pin_p rise edge)
                                                     10.000    10.000 r  
    M18                                               0.000    10.000 r  clk (IN)
                         net (fo=0)                   0.000    10.000    clk
    M18                  IBUF (Prop_ibuf_I_O)         0.805    10.805 r  clk_IBUF_inst/O
                         net (fo=1, routed)           1.868    12.673    clk_IBUF
    BUFGCTRL_X0Y0        BUFG (Prop_bufg_I_O)         0.091    12.764 r  clk_IBUF_BUFG_inst/O
                         net (fo=38, routed)          1.505    14.269    clk_IBUF_BUFG
    SLICE_X1Y22          FDRE                                         r  acc_p2_reg[9]/C
                         clock pessimism              0.336    14.605    
                         clock uncertainty           -0.035    14.570    
    SLICE_X1Y22          FDRE (Setup_fdre_C_D)        0.062    14.632    acc_p2_reg[9]
  -------------------------------------------------------------------
                         required time                         14.632    
                         arrival time                          -7.756    
  -------------------------------------------------------------------
                         slack                                  6.875    

Slack (MET) :             6.986ns  (required time - arrival time)
  Source:                 count_p1_d_reg[0]/C
                            (rising edge-triggered cell FDRE clocked by clk_pin_p  {rise@0.000ns fall@5.000ns period=10.000ns})
  Destination:            acc_p2_reg[8]/D
                            (rising edge-triggered cell FDRE clocked by clk_pin_p  {rise@0.000ns fall@5.000ns period=10.000ns})
  Path Group:             clk_pin_p
  Path Type:              Setup (Max at Slow Process Corner)
  Requirement:            10.000ns  (clk_pin_p rise@10.000ns - clk_pin_p rise@0.000ns)
  Data Path Delay:        3.014ns  (logic 1.497ns (49.665%)  route 1.517ns (50.335%))
  Logic Levels:           4  (CARRY4=3 LUT3=1)
  Clock Path Skew:        -0.026ns (DCD - SCD + CPR)
    Destination Clock Delay (DCD):    4.269ns = ( 14.269 - 10.000 ) 
    Source Clock Delay      (SCD):    4.631ns
    Clock Pessimism Removal (CPR):    0.336ns
  Clock Uncertainty:      0.035ns  ((TSJ^2 + TIJ^2)^1/2 + DJ) / 2 + PE
    Total System Jitter     (TSJ):    0.071ns
    Total Input Jitter      (TIJ):    0.000ns
    Discrete Jitter          (DJ):    0.000ns
    Phase Error              (PE):    0.000ns

    Location             Delay type                Incr(ns)  Path(ns)    Netlist Resource(s)
  -------------------------------------------------------------------    -------------------
                         (clock clk_pin_p rise edge)
                                                      0.000     0.000 r  
    M18                                               0.000     0.000 r  clk (IN)
                         net (fo=0)                   0.000     0.000    clk
    M18                  IBUF (Prop_ibuf_I_O)         0.938     0.938 r  clk_IBUF_inst/O
                         net (fo=1, routed)           1.972     2.910    clk_IBUF
    BUFGCTRL_X0Y0        BUFG (Prop_bufg_I_O)         0.096     3.006 r  clk_IBUF_BUFG_inst/O
                         net (fo=38, routed)          1.625     4.631    clk_IBUF_BUFG
    SLICE_X0Y20          FDRE                                         r  count_p1_d_reg[0]/C
  -------------------------------------------------------------------    -------------------
    SLICE_X0Y20          FDRE (Prop_fdre_C_Q)         0.456     5.087 r  count_p1_d_reg[0]/Q
                         net (fo=21, routed)          0.877     5.964    count_p1_d[0]
    SLICE_X0Y20          LUT3 (Prop_lut3_I1_O)        0.124     6.088 r  acc_p2[3]_i_2/O
                         net (fo=1, routed)           0.640     6.728    p_0_in[0]
    SLICE_X1Y20          CARRY4 (Prop_carry4_CYINIT_CO[3])
                                                      0.580     7.308 r  acc_p2_reg[3]_i_1/CO[3]
                         net (fo=1, routed)           0.000     7.308    acc_p2_reg[3]_i_1_n_0
    SLICE_X1Y21          CARRY4 (Prop_carry4_CI_CO[3])
                                                      0.114     7.422 r  acc_p2_reg[7]_i_1/CO[3]
                         net (fo=1, routed)           0.000     7.422    acc_p2_reg[7]_i_1_n_0
    SLICE_X1Y22          CARRY4 (Prop_carry4_CI_O[0])
                                                      0.223     7.645 r  acc_p2_reg[9]_i_1/O[0]
                         net (fo=1, routed)           0.000     7.645    acc_sig[8]
    SLICE_X1Y22          FDRE                                         r  acc_p2_reg[8]/D
  -------------------------------------------------------------------    -------------------

                         (clock clk_pin_p rise edge)
                                                     10.000    10.000 r  
    M18                                               0.000    10.000 r  clk (IN)
                         net (fo=0)                   0.000    10.000    clk
    M18                  IBUF (Prop_ibuf_I_O)         0.805    10.805 r  clk_IBUF_inst/O
                         net (fo=1, routed)           1.868    12.673    clk_IBUF
    BUFGCTRL_X0Y0        BUFG (Prop_bufg_I_O)         0.091    12.764 r  clk_IBUF_BUFG_inst/O
                         net (fo=38, routed)          1.505    14.269    clk_IBUF_BUFG
    SLICE_X1Y22          FDRE                                         r  acc_p2_reg[8]/C
                         clock pessimism              0.336    14.605    
                         clock uncertainty           -0.035    14.570    
    SLICE_X1Y22          FDRE (Setup_fdre_C_D)        0.062    14.632    acc_p2_reg[8]
  -------------------------------------------------------------------
                         required time                         14.632    
                         arrival time                          -7.645    
  -------------------------------------------------------------------
                         slack                                  6.986    

Slack (MET) :             6.991ns  (required time - arrival time)
  Source:                 count_p1_d_reg[0]/C
                            (rising edge-triggered cell FDRE clocked by clk_pin_p  {rise@0.000ns fall@5.000ns period=10.000ns})
  Destination:            acc_p2_reg[5]/D
                            (rising edge-triggered cell FDRE clocked by clk_pin_p  {rise@0.000ns fall@5.000ns period=10.000ns})
  Path Group:             clk_pin_p
  Path Type:              Setup (Max at Slow Process Corner)
  Requirement:            10.000ns  (clk_pin_p rise@10.000ns - clk_pin_p rise@0.000ns)
  Data Path Delay:        3.011ns  (logic 1.494ns (49.615%)  route 1.517ns (50.385%))
  Logic Levels:           3  (CARRY4=2 LUT3=1)
  Clock Path Skew:        -0.024ns (DCD - SCD + CPR)
    Destination Clock Delay (DCD):    4.271ns = ( 14.271 - 10.000 ) 
    Source Clock Delay      (SCD):    4.631ns
    Clock Pessimism Removal (CPR):    0.336ns
  Clock Uncertainty:      0.035ns  ((TSJ^2 + TIJ^2)^1/2 + DJ) / 2 + PE
    Total System Jitter     (TSJ):    0.071ns
    Total Input Jitter      (TIJ):    0.000ns
    Discrete Jitter          (DJ):    0.000ns
    Phase Error              (PE):    0.000ns

    Location             Delay type                Incr(ns)  Path(ns)    Netlist Resource(s)
  -------------------------------------------------------------------    -------------------
                         (clock clk_pin_p rise edge)
                                                      0.000     0.000 r  
    M18                                               0.000     0.000 r  clk (IN)
                         net (fo=0)                   0.000     0.000    clk
    M18                  IBUF (Prop_ibuf_I_O)         0.938     0.938 r  clk_IBUF_inst/O
                         net (fo=1, routed)           1.972     2.910    clk_IBUF
    BUFGCTRL_X0Y0        BUFG (Prop_bufg_I_O)         0.096     3.006 r  clk_IBUF_BUFG_inst/O
                         net (fo=38, routed)          1.625     4.631    clk_IBUF_BUFG
    SLICE_X0Y20          FDRE                                         r  count_p1_d_reg[0]/C
  -------------------------------------------------------------------    -------------------
    SLICE_X0Y20          FDRE (Prop_fdre_C_Q)         0.456     5.087 r  count_p1_d_reg[0]/Q
                         net (fo=21, routed)          0.877     5.964    count_p1_d[0]
    SLICE_X0Y20          LUT3 (Prop_lut3_I1_O)        0.124     6.088 r  acc_p2[3]_i_2/O
                         net (fo=1, routed)           0.640     6.728    p_0_in[0]
    SLICE_X1Y20          CARRY4 (Prop_carry4_CYINIT_CO[3])
                                                      0.580     7.308 r  acc_p2_reg[3]_i_1/CO[3]
                         net (fo=1, routed)           0.000     7.308    acc_p2_reg[3]_i_1_n_0
    SLICE_X1Y21          CARRY4 (Prop_carry4_CI_O[1])
                                                      0.334     7.642 r  acc_p2_reg[7]_i_1/O[1]
                         net (fo=1, routed)           0.000     7.642    acc_sig[5]
    SLICE_X1Y21          FDRE                                         r  acc_p2_reg[5]/D
  -------------------------------------------------------------------    -------------------

                         (clock clk_pin_p rise edge)
                                                     10.000    10.000 r  
    M18                                               0.000    10.000 r  clk (IN)
                         net (fo=0)                   0.000    10.000    clk
    M18                  IBUF (Prop_ibuf_I_O)         0.805    10.805 r  clk_IBUF_inst/O
                         net (fo=1, routed)           1.868    12.673    clk_IBUF
    BUFGCTRL_X0Y0        BUFG (Prop_bufg_I_O)         0.091    12.764 r  clk_IBUF_BUFG_inst/O
                         net (fo=38, routed)          1.507    14.271    clk_IBUF_BUFG
    SLICE_X1Y21          FDRE                                         r  acc_p2_reg[5]/C
                         clock pessimism              0.336    14.607    
                         clock uncertainty           -0.035    14.572    
    SLICE_X1Y21          FDRE (Setup_fdre_C_D)        0.062    14.634    acc_p2_reg[5]
  -------------------------------------------------------------------
                         required time                         14.634    
                         arrival time                          -7.642    
  -------------------------------------------------------------------
                         slack                                  6.991    

Slack (MET) :             6.998ns  (required time - arrival time)
  Source:                 count_p1_reg[1]/C
                            (rising edge-triggered cell FDRE clocked by clk_pin_p  {rise@0.000ns fall@5.000ns period=10.000ns})
  Destination:            data_lut_p_reg[1]/D
                            (rising edge-triggered cell FDRE clocked by clk_pin_p  {rise@0.000ns fall@5.000ns period=10.000ns})
  Path Group:             clk_pin_p
  Path Type:              Setup (Max at Slow Process Corner)
  Requirement:            10.000ns  (clk_pin_p rise@10.000ns - clk_pin_p rise@0.000ns)
  Data Path Delay:        2.998ns  (logic 0.842ns (28.088%)  route 2.156ns (71.912%))
  Logic Levels:           2  (LUT3=1 LUT6=1)
  Clock Path Skew:        0.000ns (DCD - SCD + CPR)
    Destination Clock Delay (DCD):    4.272ns = ( 14.272 - 10.000 ) 
    Source Clock Delay      (SCD):    4.632ns
    Clock Pessimism Removal (CPR):    0.360ns
  Clock Uncertainty:      0.035ns  ((TSJ^2 + TIJ^2)^1/2 + DJ) / 2 + PE
    Total System Jitter     (TSJ):    0.071ns
    Total Input Jitter      (TIJ):    0.000ns
    Discrete Jitter          (DJ):    0.000ns
    Phase Error              (PE):    0.000ns

    Location             Delay type                Incr(ns)  Path(ns)    Netlist Resource(s)
  -------------------------------------------------------------------    -------------------
                         (clock clk_pin_p rise edge)
                                                      0.000     0.000 r  
    M18                                               0.000     0.000 r  clk (IN)
                         net (fo=0)                   0.000     0.000    clk
    M18                  IBUF (Prop_ibuf_I_O)         0.938     0.938 r  clk_IBUF_inst/O
                         net (fo=1, routed)           1.972     2.910    clk_IBUF
    BUFGCTRL_X0Y0        BUFG (Prop_bufg_I_O)         0.096     3.006 r  clk_IBUF_BUFG_inst/O
                         net (fo=38, routed)          1.626     4.632    clk_IBUF_BUFG
    SLICE_X0Y19          FDRE                                         r  count_p1_reg[1]/C
  -------------------------------------------------------------------    -------------------
    SLICE_X0Y19          FDRE (Prop_fdre_C_Q)         0.419     5.051 r  count_p1_reg[1]/Q
                         net (fo=8, routed)           0.995     6.046    count_p1[1]
    SLICE_X1Y16          LUT6 (Prop_lut6_I2_O)        0.299     6.345 r  data_lut_p[4]_i_2/O
                         net (fo=5, routed)           1.161     7.506    addr[3]
    SLICE_X0Y19          LUT3 (Prop_lut3_I0_O)        0.124     7.630 r  data_lut_p[1]_i_1/O
                         net (fo=1, routed)           0.000     7.630    data_lut[1]
    SLICE_X0Y19          FDRE                                         r  data_lut_p_reg[1]/D
  -------------------------------------------------------------------    -------------------

                         (clock clk_pin_p rise edge)
                                                     10.000    10.000 r  
    M18                                               0.000    10.000 r  clk (IN)
                         net (fo=0)                   0.000    10.000    clk
    M18                  IBUF (Prop_ibuf_I_O)         0.805    10.805 r  clk_IBUF_inst/O
                         net (fo=1, routed)           1.868    12.673    clk_IBUF
    BUFGCTRL_X0Y0        BUFG (Prop_bufg_I_O)         0.091    12.764 r  clk_IBUF_BUFG_inst/O
                         net (fo=38, routed)          1.508    14.272    clk_IBUF_BUFG
    SLICE_X0Y19          FDRE                                         r  data_lut_p_reg[1]/C
                         clock pessimism              0.360    14.632    
                         clock uncertainty           -0.035    14.597    
    SLICE_X0Y19          FDRE (Setup_fdre_C_D)        0.031    14.628    data_lut_p_reg[1]
  -------------------------------------------------------------------
                         required time                         14.628    
                         arrival time                          -7.630    
  -------------------------------------------------------------------
                         slack                                  6.998    

Slack (MET) :             7.012ns  (required time - arrival time)
  Source:                 count_p1_d_reg[0]/C
                            (rising edge-triggered cell FDRE clocked by clk_pin_p  {rise@0.000ns fall@5.000ns period=10.000ns})
  Destination:            acc_p2_reg[7]/D
                            (rising edge-triggered cell FDRE clocked by clk_pin_p  {rise@0.000ns fall@5.000ns period=10.000ns})
  Path Group:             clk_pin_p
  Path Type:              Setup (Max at Slow Process Corner)
  Requirement:            10.000ns  (clk_pin_p rise@10.000ns - clk_pin_p rise@0.000ns)
  Data Path Delay:        2.990ns  (logic 1.473ns (49.261%)  route 1.517ns (50.739%))
  Logic Levels:           3  (CARRY4=2 LUT3=1)
  Clock Path Skew:        -0.024ns (DCD - SCD + CPR)
    Destination Clock Delay (DCD):    4.271ns = ( 14.271 - 10.000 ) 
    Source Clock Delay      (SCD):    4.631ns
    Clock Pessimism Removal (CPR):    0.336ns
  Clock Uncertainty:      0.035ns  ((TSJ^2 + TIJ^2)^1/2 + DJ) / 2 + PE
    Total System Jitter     (TSJ):    0.071ns
    Total Input Jitter      (TIJ):    0.000ns
    Discrete Jitter          (DJ):    0.000ns
    Phase Error              (PE):    0.000ns

    Location             Delay type                Incr(ns)  Path(ns)    Netlist Resource(s)
  -------------------------------------------------------------------    -------------------
                         (clock clk_pin_p rise edge)
                                                      0.000     0.000 r  
    M18                                               0.000     0.000 r  clk (IN)
                         net (fo=0)                   0.000     0.000    clk
    M18                  IBUF (Prop_ibuf_I_O)         0.938     0.938 r  clk_IBUF_inst/O
                         net (fo=1, routed)           1.972     2.910    clk_IBUF
    BUFGCTRL_X0Y0        BUFG (Prop_bufg_I_O)         0.096     3.006 r  clk_IBUF_BUFG_inst/O
                         net (fo=38, routed)          1.625     4.631    clk_IBUF_BUFG
    SLICE_X0Y20          FDRE                                         r  count_p1_d_reg[0]/C
  -------------------------------------------------------------------    -------------------
    SLICE_X0Y20          FDRE (Prop_fdre_C_Q)         0.456     5.087 r  count_p1_d_reg[0]/Q
                         net (fo=21, routed)          0.877     5.964    count_p1_d[0]
    SLICE_X0Y20          LUT3 (Prop_lut3_I1_O)        0.124     6.088 r  acc_p2[3]_i_2/O
                         net (fo=1, routed)           0.640     6.728    p_0_in[0]
    SLICE_X1Y20          CARRY4 (Prop_carry4_CYINIT_CO[3])
                                                      0.580     7.308 r  acc_p2_reg[3]_i_1/CO[3]
                         net (fo=1, routed)           0.000     7.308    acc_p2_reg[3]_i_1_n_0
    SLICE_X1Y21          CARRY4 (Prop_carry4_CI_O[3])
                                                      0.313     7.621 r  acc_p2_reg[7]_i_1/O[3]
                         net (fo=1, routed)           0.000     7.621    acc_sig[7]
    SLICE_X1Y21          FDRE                                         r  acc_p2_reg[7]/D
  -------------------------------------------------------------------    -------------------

                         (clock clk_pin_p rise edge)
                                                     10.000    10.000 r  
    M18                                               0.000    10.000 r  clk (IN)
                         net (fo=0)                   0.000    10.000    clk
    M18                  IBUF (Prop_ibuf_I_O)         0.805    10.805 r  clk_IBUF_inst/O
                         net (fo=1, routed)           1.868    12.673    clk_IBUF
    BUFGCTRL_X0Y0        BUFG (Prop_bufg_I_O)         0.091    12.764 r  clk_IBUF_BUFG_inst/O
                         net (fo=38, routed)          1.507    14.271    clk_IBUF_BUFG
    SLICE_X1Y21          FDRE                                         r  acc_p2_reg[7]/C
                         clock pessimism              0.336    14.607    
                         clock uncertainty           -0.035    14.572    
    SLICE_X1Y21          FDRE (Setup_fdre_C_D)        0.062    14.634    acc_p2_reg[7]
  -------------------------------------------------------------------
                         required time                         14.634    
                         arrival time                          -7.621    
  -------------------------------------------------------------------
                         slack                                  7.012    

Slack (MET) :             7.014ns  (required time - arrival time)
  Source:                 count_p1_reg[1]/C
                            (rising edge-triggered cell FDRE clocked by clk_pin_p  {rise@0.000ns fall@5.000ns period=10.000ns})
  Destination:            data_lut_p_reg[2]/D
                            (rising edge-triggered cell FDRE clocked by clk_pin_p  {rise@0.000ns fall@5.000ns period=10.000ns})
  Path Group:             clk_pin_p
  Path Type:              Setup (Max at Slow Process Corner)
  Requirement:            10.000ns  (clk_pin_p rise@10.000ns - clk_pin_p rise@0.000ns)
  Data Path Delay:        3.026ns  (logic 0.870ns (28.754%)  route 2.156ns (71.246%))
  Logic Levels:           2  (LUT3=1 LUT6=1)
  Clock Path Skew:        0.000ns (DCD - SCD + CPR)
    Destination Clock Delay (DCD):    4.272ns = ( 14.272 - 10.000 ) 
    Source Clock Delay      (SCD):    4.632ns
    Clock Pessimism Removal (CPR):    0.360ns
  Clock Uncertainty:      0.035ns  ((TSJ^2 + TIJ^2)^1/2 + DJ) / 2 + PE
    Total System Jitter     (TSJ):    0.071ns
    Total Input Jitter      (TIJ):    0.000ns
    Discrete Jitter          (DJ):    0.000ns
    Phase Error              (PE):    0.000ns

    Location             Delay type                Incr(ns)  Path(ns)    Netlist Resource(s)
  -------------------------------------------------------------------    -------------------
                         (clock clk_pin_p rise edge)
                                                      0.000     0.000 r  
    M18                                               0.000     0.000 r  clk (IN)
                         net (fo=0)                   0.000     0.000    clk
    M18                  IBUF (Prop_ibuf_I_O)         0.938     0.938 r  clk_IBUF_inst/O
                         net (fo=1, routed)           1.972     2.910    clk_IBUF
    BUFGCTRL_X0Y0        BUFG (Prop_bufg_I_O)         0.096     3.006 r  clk_IBUF_BUFG_inst/O
                         net (fo=38, routed)          1.626     4.632    clk_IBUF_BUFG
    SLICE_X0Y19          FDRE                                         r  count_p1_reg[1]/C
  -------------------------------------------------------------------    -------------------
    SLICE_X0Y19          FDRE (Prop_fdre_C_Q)         0.419     5.051 r  count_p1_reg[1]/Q
                         net (fo=8, routed)           0.995     6.046    count_p1[1]
    SLICE_X1Y16          LUT6 (Prop_lut6_I2_O)        0.299     6.345 r  data_lut_p[4]_i_2/O
                         net (fo=5, routed)           1.161     7.506    addr[3]
    SLICE_X0Y19          LUT3 (Prop_lut3_I0_O)        0.152     7.658 r  data_lut_p[2]_i_1/O
                         net (fo=1, routed)           0.000     7.658    data_lut[2]
    SLICE_X0Y19          FDRE                                         r  data_lut_p_reg[2]/D
  -------------------------------------------------------------------    -------------------

                         (clock clk_pin_p rise edge)
                                                     10.000    10.000 r  
    M18                                               0.000    10.000 r  clk (IN)
                         net (fo=0)                   0.000    10.000    clk
    M18                  IBUF (Prop_ibuf_I_O)         0.805    10.805 r  clk_IBUF_inst/O
                         net (fo=1, routed)           1.868    12.673    clk_IBUF
    BUFGCTRL_X0Y0        BUFG (Prop_bufg_I_O)         0.091    12.764 r  clk_IBUF_BUFG_inst/O
                         net (fo=38, routed)          1.508    14.272    clk_IBUF_BUFG
    SLICE_X0Y19          FDRE                                         r  data_lut_p_reg[2]/C
                         clock pessimism              0.360    14.632    
                         clock uncertainty           -0.035    14.597    
    SLICE_X0Y19          FDRE (Setup_fdre_C_D)        0.075    14.672    data_lut_p_reg[2]
  -------------------------------------------------------------------
                         required time                         14.672    
                         arrival time                          -7.658    
  -------------------------------------------------------------------
                         slack                                  7.014    

Slack (MET) :             7.086ns  (required time - arrival time)
  Source:                 count_p1_d_reg[0]/C
                            (rising edge-triggered cell FDRE clocked by clk_pin_p  {rise@0.000ns fall@5.000ns period=10.000ns})
  Destination:            acc_p2_reg[6]/D
                            (rising edge-triggered cell FDRE clocked by clk_pin_p  {rise@0.000ns fall@5.000ns period=10.000ns})
  Path Group:             clk_pin_p
  Path Type:              Setup (Max at Slow Process Corner)
  Requirement:            10.000ns  (clk_pin_p rise@10.000ns - clk_pin_p rise@0.000ns)
  Data Path Delay:        2.916ns  (logic 1.399ns (47.974%)  route 1.517ns (52.026%))
  Logic Levels:           3  (CARRY4=2 LUT3=1)
  Clock Path Skew:        -0.024ns (DCD - SCD + CPR)
    Destination Clock Delay (DCD):    4.271ns = ( 14.271 - 10.000 ) 
    Source Clock Delay      (SCD):    4.631ns
    Clock Pessimism Removal (CPR):    0.336ns
  Clock Uncertainty:      0.035ns  ((TSJ^2 + TIJ^2)^1/2 + DJ) / 2 + PE
    Total System Jitter     (TSJ):    0.071ns
    Total Input Jitter      (TIJ):    0.000ns
    Discrete Jitter          (DJ):    0.000ns
    Phase Error              (PE):    0.000ns

    Location             Delay type                Incr(ns)  Path(ns)    Netlist Resource(s)
  -------------------------------------------------------------------    -------------------
                         (clock clk_pin_p rise edge)
                                                      0.000     0.000 r  
    M18                                               0.000     0.000 r  clk (IN)
                         net (fo=0)                   0.000     0.000    clk
    M18                  IBUF (Prop_ibuf_I_O)         0.938     0.938 r  clk_IBUF_inst/O
                         net (fo=1, routed)           1.972     2.910    clk_IBUF
    BUFGCTRL_X0Y0        BUFG (Prop_bufg_I_O)         0.096     3.006 r  clk_IBUF_BUFG_inst/O
                         net (fo=38, routed)          1.625     4.631    clk_IBUF_BUFG
    SLICE_X0Y20          FDRE                                         r  count_p1_d_reg[0]/C
  -------------------------------------------------------------------    -------------------
    SLICE_X0Y20          FDRE (Prop_fdre_C_Q)         0.456     5.087 r  count_p1_d_reg[0]/Q
                         net (fo=21, routed)          0.877     5.964    count_p1_d[0]
    SLICE_X0Y20          LUT3 (Prop_lut3_I1_O)        0.124     6.088 r  acc_p2[3]_i_2/O
                         net (fo=1, routed)           0.640     6.728    p_0_in[0]
    SLICE_X1Y20          CARRY4 (Prop_carry4_CYINIT_CO[3])
                                                      0.580     7.308 r  acc_p2_reg[3]_i_1/CO[3]
                         net (fo=1, routed)           0.000     7.308    acc_p2_reg[3]_i_1_n_0
    SLICE_X1Y21          CARRY4 (Prop_carry4_CI_O[2])
                                                      0.239     7.547 r  acc_p2_reg[7]_i_1/O[2]
                         net (fo=1, routed)           0.000     7.547    acc_sig[6]
    SLICE_X1Y21          FDRE                                         r  acc_p2_reg[6]/D
  -------------------------------------------------------------------    -------------------

                         (clock clk_pin_p rise edge)
                                                     10.000    10.000 r  
    M18                                               0.000    10.000 r  clk (IN)
                         net (fo=0)                   0.000    10.000    clk
    M18                  IBUF (Prop_ibuf_I_O)         0.805    10.805 r  clk_IBUF_inst/O
                         net (fo=1, routed)           1.868    12.673    clk_IBUF
    BUFGCTRL_X0Y0        BUFG (Prop_bufg_I_O)         0.091    12.764 r  clk_IBUF_BUFG_inst/O
                         net (fo=38, routed)          1.507    14.271    clk_IBUF_BUFG
    SLICE_X1Y21          FDRE                                         r  acc_p2_reg[6]/C
                         clock pessimism              0.336    14.607    
                         clock uncertainty           -0.035    14.572    
    SLICE_X1Y21          FDRE (Setup_fdre_C_D)        0.062    14.634    acc_p2_reg[6]
  -------------------------------------------------------------------
                         required time                         14.634    
                         arrival time                          -7.547    
  -------------------------------------------------------------------
                         slack                                  7.086    

Slack (MET) :             7.102ns  (required time - arrival time)
  Source:                 count_p1_d_reg[0]/C
                            (rising edge-triggered cell FDRE clocked by clk_pin_p  {rise@0.000ns fall@5.000ns period=10.000ns})
  Destination:            acc_p2_reg[4]/D
                            (rising edge-triggered cell FDRE clocked by clk_pin_p  {rise@0.000ns fall@5.000ns period=10.000ns})
  Path Group:             clk_pin_p
  Path Type:              Setup (Max at Slow Process Corner)
  Requirement:            10.000ns  (clk_pin_p rise@10.000ns - clk_pin_p rise@0.000ns)
  Data Path Delay:        2.900ns  (logic 1.383ns (47.687%)  route 1.517ns (52.313%))
  Logic Levels:           3  (CARRY4=2 LUT3=1)
  Clock Path Skew:        -0.024ns (DCD - SCD + CPR)
    Destination Clock Delay (DCD):    4.271ns = ( 14.271 - 10.000 ) 
    Source Clock Delay      (SCD):    4.631ns
    Clock Pessimism Removal (CPR):    0.336ns
  Clock Uncertainty:      0.035ns  ((TSJ^2 + TIJ^2)^1/2 + DJ) / 2 + PE
    Total System Jitter     (TSJ):    0.071ns
    Total Input Jitter      (TIJ):    0.000ns
    Discrete Jitter          (DJ):    0.000ns
    Phase Error              (PE):    0.000ns

    Location             Delay type                Incr(ns)  Path(ns)    Netlist Resource(s)
  -------------------------------------------------------------------    -------------------
                         (clock clk_pin_p rise edge)
                                                      0.000     0.000 r  
    M18                                               0.000     0.000 r  clk (IN)
                         net (fo=0)                   0.000     0.000    clk
    M18                  IBUF (Prop_ibuf_I_O)         0.938     0.938 r  clk_IBUF_inst/O
                         net (fo=1, routed)           1.972     2.910    clk_IBUF
    BUFGCTRL_X0Y0        BUFG (Prop_bufg_I_O)         0.096     3.006 r  clk_IBUF_BUFG_inst/O
                         net (fo=38, routed)          1.625     4.631    clk_IBUF_BUFG
    SLICE_X0Y20          FDRE                                         r  count_p1_d_reg[0]/C
  -------------------------------------------------------------------    -------------------
    SLICE_X0Y20          FDRE (Prop_fdre_C_Q)         0.456     5.087 r  count_p1_d_reg[0]/Q
                         net (fo=21, routed)          0.877     5.964    count_p1_d[0]
    SLICE_X0Y20          LUT3 (Prop_lut3_I1_O)        0.124     6.088 r  acc_p2[3]_i_2/O
                         net (fo=1, routed)           0.640     6.728    p_0_in[0]
    SLICE_X1Y20          CARRY4 (Prop_carry4_CYINIT_CO[3])
                                                      0.580     7.308 r  acc_p2_reg[3]_i_1/CO[3]
                         net (fo=1, routed)           0.000     7.308    acc_p2_reg[3]_i_1_n_0
    SLICE_X1Y21          CARRY4 (Prop_carry4_CI_O[0])
                                                      0.223     7.531 r  acc_p2_reg[7]_i_1/O[0]
                         net (fo=1, routed)           0.000     7.531    acc_sig[4]
    SLICE_X1Y21          FDRE                                         r  acc_p2_reg[4]/D
  -------------------------------------------------------------------    -------------------

                         (clock clk_pin_p rise edge)
                                                     10.000    10.000 r  
    M18                                               0.000    10.000 r  clk (IN)
                         net (fo=0)                   0.000    10.000    clk
    M18                  IBUF (Prop_ibuf_I_O)         0.805    10.805 r  clk_IBUF_inst/O
                         net (fo=1, routed)           1.868    12.673    clk_IBUF
    BUFGCTRL_X0Y0        BUFG (Prop_bufg_I_O)         0.091    12.764 r  clk_IBUF_BUFG_inst/O
                         net (fo=38, routed)          1.507    14.271    clk_IBUF_BUFG
    SLICE_X1Y21          FDRE                                         r  acc_p2_reg[4]/C
                         clock pessimism              0.336    14.607    
                         clock uncertainty           -0.035    14.572    
    SLICE_X1Y21          FDRE (Setup_fdre_C_D)        0.062    14.634    acc_p2_reg[4]
  -------------------------------------------------------------------
                         required time                         14.634    
                         arrival time                          -7.531    
  -------------------------------------------------------------------
                         slack                                  7.102    

Slack (MET) :             7.109ns  (required time - arrival time)
  Source:                 count_p1_reg[0]/C
                            (rising edge-triggered cell FDRE clocked by clk_pin_p  {rise@0.000ns fall@5.000ns period=10.000ns})
  Destination:            data_lut_p_reg[0]/D
                            (rising edge-triggered cell FDRE clocked by clk_pin_p  {rise@0.000ns fall@5.000ns period=10.000ns})
  Path Group:             clk_pin_p
  Path Type:              Setup (Max at Slow Process Corner)
  Requirement:            10.000ns  (clk_pin_p rise@10.000ns - clk_pin_p rise@0.000ns)
  Data Path Delay:        2.888ns  (logic 0.704ns (24.380%)  route 2.184ns (75.620%))
  Logic Levels:           2  (LUT3=1 LUT6=1)
  Clock Path Skew:        0.000ns (DCD - SCD + CPR)
    Destination Clock Delay (DCD):    4.272ns = ( 14.272 - 10.000 ) 
    Source Clock Delay      (SCD):    4.632ns
    Clock Pessimism Removal (CPR):    0.360ns
  Clock Uncertainty:      0.035ns  ((TSJ^2 + TIJ^2)^1/2 + DJ) / 2 + PE
    Total System Jitter     (TSJ):    0.071ns
    Total Input Jitter      (TIJ):    0.000ns
    Discrete Jitter          (DJ):    0.000ns
    Phase Error              (PE):    0.000ns

    Location             Delay type                Incr(ns)  Path(ns)    Netlist Resource(s)
  -------------------------------------------------------------------    -------------------
                         (clock clk_pin_p rise edge)
                                                      0.000     0.000 r  
    M18                                               0.000     0.000 r  clk (IN)
                         net (fo=0)                   0.000     0.000    clk
    M18                  IBUF (Prop_ibuf_I_O)         0.938     0.938 r  clk_IBUF_inst/O
                         net (fo=1, routed)           1.972     2.910    clk_IBUF
    BUFGCTRL_X0Y0        BUFG (Prop_bufg_I_O)         0.096     3.006 r  clk_IBUF_BUFG_inst/O
                         net (fo=38, routed)          1.626     4.632    clk_IBUF_BUFG
    SLICE_X0Y19          FDRE                                         r  count_p1_reg[0]/C
  -------------------------------------------------------------------    -------------------
    SLICE_X0Y19          FDRE (Prop_fdre_C_Q)         0.456     5.088 r  count_p1_reg[0]/Q
                         net (fo=9, routed)           1.020     6.108    count_p1[0]
    SLICE_X0Y16          LUT6 (Prop_lut6_I4_O)        0.124     6.232 r  data_lut_p[4]_i_4/O
                         net (fo=5, routed)           1.164     7.395    addr[0]
    SLICE_X0Y19          LUT3 (Prop_lut3_I1_O)        0.124     7.519 r  data_lut_p[0]_i_1/O
                         net (fo=1, routed)           0.000     7.519    data_lut[0]
    SLICE_X0Y19          FDRE                                         r  data_lut_p_reg[0]/D
  -------------------------------------------------------------------    -------------------

                         (clock clk_pin_p rise edge)
                                                     10.000    10.000 r  
    M18                                               0.000    10.000 r  clk (IN)
                         net (fo=0)                   0.000    10.000    clk
    M18                  IBUF (Prop_ibuf_I_O)         0.805    10.805 r  clk_IBUF_inst/O
                         net (fo=1, routed)           1.868    12.673    clk_IBUF
    BUFGCTRL_X0Y0        BUFG (Prop_bufg_I_O)         0.091    12.764 r  clk_IBUF_BUFG_inst/O
                         net (fo=38, routed)          1.508    14.272    clk_IBUF_BUFG
    SLICE_X0Y19          FDRE                                         r  data_lut_p_reg[0]/C
                         clock pessimism              0.360    14.632    
                         clock uncertainty           -0.035    14.597    
    SLICE_X0Y19          FDRE (Setup_fdre_C_D)        0.032    14.629    data_lut_p_reg[0]
  -------------------------------------------------------------------
                         required time                         14.629    
                         arrival time                          -7.519    
  -------------------------------------------------------------------
                         slack                                  7.109    

Slack (MET) :             7.109ns  (required time - arrival time)
  Source:                 count_p1_reg[0]/C
                            (rising edge-triggered cell FDRE clocked by clk_pin_p  {rise@0.000ns fall@5.000ns period=10.000ns})
  Destination:            data_lut_p_reg[3]/D
                            (rising edge-triggered cell FDRE clocked by clk_pin_p  {rise@0.000ns fall@5.000ns period=10.000ns})
  Path Group:             clk_pin_p
  Path Type:              Setup (Max at Slow Process Corner)
  Requirement:            10.000ns  (clk_pin_p rise@10.000ns - clk_pin_p rise@0.000ns)
  Data Path Delay:        2.886ns  (logic 0.704ns (24.391%)  route 2.182ns (75.609%))
  Logic Levels:           2  (LUT4=1 LUT6=1)
  Clock Path Skew:        0.000ns (DCD - SCD + CPR)
    Destination Clock Delay (DCD):    4.272ns = ( 14.272 - 10.000 ) 
    Source Clock Delay      (SCD):    4.632ns
    Clock Pessimism Removal (CPR):    0.360ns
  Clock Uncertainty:      0.035ns  ((TSJ^2 + TIJ^2)^1/2 + DJ) / 2 + PE
    Total System Jitter     (TSJ):    0.071ns
    Total Input Jitter      (TIJ):    0.000ns
    Discrete Jitter          (DJ):    0.000ns
    Phase Error              (PE):    0.000ns

    Location             Delay type                Incr(ns)  Path(ns)    Netlist Resource(s)
  -------------------------------------------------------------------    -------------------
                         (clock clk_pin_p rise edge)
                                                      0.000     0.000 r  
    M18                                               0.000     0.000 r  clk (IN)
                         net (fo=0)                   0.000     0.000    clk
    M18                  IBUF (Prop_ibuf_I_O)         0.938     0.938 r  clk_IBUF_inst/O
                         net (fo=1, routed)           1.972     2.910    clk_IBUF
    BUFGCTRL_X0Y0        BUFG (Prop_bufg_I_O)         0.096     3.006 r  clk_IBUF_BUFG_inst/O
                         net (fo=38, routed)          1.626     4.632    clk_IBUF_BUFG
    SLICE_X0Y19          FDRE                                         r  count_p1_reg[0]/C
  -------------------------------------------------------------------    -------------------
    SLICE_X0Y19          FDRE (Prop_fdre_C_Q)         0.456     5.088 r  count_p1_reg[0]/Q
                         net (fo=9, routed)           1.020     6.108    count_p1[0]
    SLICE_X0Y16          LUT6 (Prop_lut6_I4_O)        0.124     6.232 r  data_lut_p[4]_i_4/O
                         net (fo=5, routed)           1.162     7.394    addr[0]
    SLICE_X0Y19          LUT4 (Prop_lut4_I3_O)        0.124     7.518 r  data_lut_p[3]_i_1/O
                         net (fo=1, routed)           0.000     7.518    data_lut[3]
    SLICE_X0Y19          FDRE                                         r  data_lut_p_reg[3]/D
  -------------------------------------------------------------------    -------------------

                         (clock clk_pin_p rise edge)
                                                     10.000    10.000 r  
    M18                                               0.000    10.000 r  clk (IN)
                         net (fo=0)                   0.000    10.000    clk
    M18                  IBUF (Prop_ibuf_I_O)         0.805    10.805 r  clk_IBUF_inst/O
                         net (fo=1, routed)           1.868    12.673    clk_IBUF
    BUFGCTRL_X0Y0        BUFG (Prop_bufg_I_O)         0.091    12.764 r  clk_IBUF_BUFG_inst/O
                         net (fo=38, routed)          1.508    14.272    clk_IBUF_BUFG
    SLICE_X0Y19          FDRE                                         r  data_lut_p_reg[3]/C
                         clock pessimism              0.360    14.632    
                         clock uncertainty           -0.035    14.597    
    SLICE_X0Y19          FDRE (Setup_fdre_C_D)        0.031    14.628    data_lut_p_reg[3]
  -------------------------------------------------------------------
                         required time                         14.628    
                         arrival time                          -7.518    
  -------------------------------------------------------------------
                         slack                                  7.109    





Min Delay Paths
--------------------------------------------------------------------------------------
Slack (MET) :             0.281ns  (arrival time - required time)
  Source:                 count_p1_d_reg[0]/C
                            (rising edge-triggered cell FDRE clocked by clk_pin_p  {rise@0.000ns fall@5.000ns period=10.000ns})
  Destination:            acc_p2_reg[0]/D
                            (rising edge-triggered cell FDRE clocked by clk_pin_p  {rise@0.000ns fall@5.000ns period=10.000ns})
  Path Group:             clk_pin_p
  Path Type:              Hold (Min at Fast Process Corner)
  Requirement:            0.000ns  (clk_pin_p rise@0.000ns - clk_pin_p rise@0.000ns)
  Data Path Delay:        0.399ns  (logic 0.256ns (64.118%)  route 0.143ns (35.882%))
  Logic Levels:           2  (CARRY4=1 LUT3=1)
  Clock Path Skew:        0.013ns (DCD - SCD - CPR)
    Destination Clock Delay (DCD):    1.928ns
    Source Clock Delay      (SCD):    1.413ns
    Clock Pessimism Removal (CPR):    0.502ns

    Location             Delay type                Incr(ns)  Path(ns)    Netlist Resource(s)
  -------------------------------------------------------------------    -------------------
                         (clock clk_pin_p rise edge)
                                                      0.000     0.000 r  
    M18                                               0.000     0.000 r  clk (IN)
                         net (fo=0)                   0.000     0.000    clk
    M18                  IBUF (Prop_ibuf_I_O)         0.167     0.167 r  clk_IBUF_inst/O
                         net (fo=1, routed)           0.634     0.801    clk_IBUF
    BUFGCTRL_X0Y0        BUFG (Prop_bufg_I_O)         0.026     0.827 r  clk_IBUF_BUFG_inst/O
                         net (fo=38, routed)          0.586     1.413    clk_IBUF_BUFG
    SLICE_X0Y20          FDRE                                         r  count_p1_d_reg[0]/C
  -------------------------------------------------------------------    -------------------
    SLICE_X0Y20          FDRE (Prop_fdre_C_Q)         0.141     1.554 f  count_p1_d_reg[0]/Q
                         net (fo=21, routed)          0.143     1.697    count_p1_d[0]
    SLICE_X1Y20          LUT3 (Prop_lut3_I2_O)        0.045     1.742 r  acc_p2[3]_i_10/O
                         net (fo=1, routed)           0.000     1.742    acc_p2[3]_i_10_n_0
    SLICE_X1Y20          CARRY4 (Prop_carry4_S[0]_O[0])
                                                      0.070     1.812 r  acc_p2_reg[3]_i_1/O[0]
                         net (fo=1, routed)           0.000     1.812    acc_sig[0]
    SLICE_X1Y20          FDRE                                         r  acc_p2_reg[0]/D
  -------------------------------------------------------------------    -------------------

                         (clock clk_pin_p rise edge)
                                                      0.000     0.000 r  
    M18                                               0.000     0.000 r  clk (IN)
                         net (fo=0)                   0.000     0.000    clk
    M18                  IBUF (Prop_ibuf_I_O)         0.356     0.356 r  clk_IBUF_inst/O
                         net (fo=1, routed)           0.689     1.044    clk_IBUF
    BUFGCTRL_X0Y0        BUFG (Prop_bufg_I_O)         0.029     1.073 r  clk_IBUF_BUFG_inst/O
                         net (fo=38, routed)          0.855     1.928    clk_IBUF_BUFG
    SLICE_X1Y20          FDRE                                         r  acc_p2_reg[0]/C
                         clock pessimism             -0.502     1.426    
    SLICE_X1Y20          FDRE (Hold_fdre_C_D)         0.105     1.531    acc_p2_reg[0]
  -------------------------------------------------------------------
                         required time                         -1.531    
                         arrival time                           1.812    
  -------------------------------------------------------------------
                         slack                                  0.281    

Slack (MET) :             0.287ns  (arrival time - required time)
  Source:                 data_lut_p_reg[3]/C
                            (rising edge-triggered cell FDRE clocked by clk_pin_p  {rise@0.000ns fall@5.000ns period=10.000ns})
  Destination:            acc_p2_reg[5]/D
                            (rising edge-triggered cell FDRE clocked by clk_pin_p  {rise@0.000ns fall@5.000ns period=10.000ns})
  Path Group:             clk_pin_p
  Path Type:              Hold (Min at Fast Process Corner)
  Requirement:            0.000ns  (clk_pin_p rise@0.000ns - clk_pin_p rise@0.000ns)
  Data Path Delay:        0.404ns  (logic 0.251ns (62.122%)  route 0.153ns (37.878%))
  Logic Levels:           2  (CARRY4=1 LUT6=1)
  Clock Path Skew:        0.012ns (DCD - SCD - CPR)
    Destination Clock Delay (DCD):    1.927ns
    Source Clock Delay      (SCD):    1.414ns
    Clock Pessimism Removal (CPR):    0.501ns

    Location             Delay type                Incr(ns)  Path(ns)    Netlist Resource(s)
  -------------------------------------------------------------------    -------------------
                         (clock clk_pin_p rise edge)
                                                      0.000     0.000 r  
    M18                                               0.000     0.000 r  clk (IN)
                         net (fo=0)                   0.000     0.000    clk
    M18                  IBUF (Prop_ibuf_I_O)         0.167     0.167 r  clk_IBUF_inst/O
                         net (fo=1, routed)           0.634     0.801    clk_IBUF
    BUFGCTRL_X0Y0        BUFG (Prop_bufg_I_O)         0.026     0.827 r  clk_IBUF_BUFG_inst/O
                         net (fo=38, routed)          0.587     1.414    clk_IBUF_BUFG
    SLICE_X0Y19          FDRE                                         r  data_lut_p_reg[3]/C
  -------------------------------------------------------------------    -------------------
    SLICE_X0Y19          FDRE (Prop_fdre_C_Q)         0.141     1.555 r  data_lut_p_reg[3]/Q
                         net (fo=6, routed)           0.153     1.708    data_lut_p[3]
    SLICE_X1Y21          LUT6 (Prop_lut6_I1_O)        0.045     1.753 r  acc_p2[7]_i_8/O
                         net (fo=1, routed)           0.000     1.753    acc_p2[7]_i_8_n_0
    SLICE_X1Y21          CARRY4 (Prop_carry4_S[1]_O[1])
                                                      0.065     1.818 r  acc_p2_reg[7]_i_1/O[1]
                         net (fo=1, routed)           0.000     1.818    acc_sig[5]
    SLICE_X1Y21          FDRE                                         r  acc_p2_reg[5]/D
  -------------------------------------------------------------------    -------------------

                         (clock clk_pin_p rise edge)
                                                      0.000     0.000 r  
    M18                                               0.000     0.000 r  clk (IN)
                         net (fo=0)                   0.000     0.000    clk
    M18                  IBUF (Prop_ibuf_I_O)         0.356     0.356 r  clk_IBUF_inst/O
                         net (fo=1, routed)           0.689     1.044    clk_IBUF
    BUFGCTRL_X0Y0        BUFG (Prop_bufg_I_O)         0.029     1.073 r  clk_IBUF_BUFG_inst/O
                         net (fo=38, routed)          0.854     1.927    clk_IBUF_BUFG
    SLICE_X1Y21          FDRE                                         r  acc_p2_reg[5]/C
                         clock pessimism             -0.501     1.426    
    SLICE_X1Y21          FDRE (Hold_fdre_C_D)         0.105     1.531    acc_p2_reg[5]
  -------------------------------------------------------------------
                         required time                         -1.531    
                         arrival time                           1.818    
  -------------------------------------------------------------------
                         slack                                  0.287    

Slack (MET) :             0.297ns  (arrival time - required time)
  Source:                 count_p1_reg[1]/C
                            (rising edge-triggered cell FDRE clocked by clk_pin_p  {rise@0.000ns fall@5.000ns period=10.000ns})
  Destination:            count_p1_d_reg[1]/D
                            (rising edge-triggered cell FDRE clocked by clk_pin_p  {rise@0.000ns fall@5.000ns period=10.000ns})
  Path Group:             clk_pin_p
  Path Type:              Hold (Min at Fast Process Corner)
  Requirement:            0.000ns  (clk_pin_p rise@0.000ns - clk_pin_p rise@0.000ns)
  Data Path Delay:        0.417ns  (logic 0.230ns (55.092%)  route 0.187ns (44.908%))
  Logic Levels:           1  (LUT2=1)
  Clock Path Skew:        0.013ns (DCD - SCD - CPR)
    Destination Clock Delay (DCD):    1.928ns
    Source Clock Delay      (SCD):    1.414ns
    Clock Pessimism Removal (CPR):    0.501ns

    Location             Delay type                Incr(ns)  Path(ns)    Netlist Resource(s)
  -------------------------------------------------------------------    -------------------
                         (clock clk_pin_p rise edge)
                                                      0.000     0.000 r  
    M18                                               0.000     0.000 r  clk (IN)
                         net (fo=0)                   0.000     0.000    clk
    M18                  IBUF (Prop_ibuf_I_O)         0.167     0.167 r  clk_IBUF_inst/O
                         net (fo=1, routed)           0.634     0.801    clk_IBUF
    BUFGCTRL_X0Y0        BUFG (Prop_bufg_I_O)         0.026     0.827 r  clk_IBUF_BUFG_inst/O
                         net (fo=38, routed)          0.587     1.414    clk_IBUF_BUFG
    SLICE_X0Y19          FDRE                                         r  count_p1_reg[1]/C
  -------------------------------------------------------------------    -------------------
    SLICE_X0Y19          FDRE (Prop_fdre_C_Q)         0.128     1.542 r  count_p1_reg[1]/Q
                         net (fo=8, routed)           0.187     1.729    count_p1[1]
    SLICE_X0Y20          LUT2 (Prop_lut2_I0_O)        0.102     1.831 r  count_p1_d[1]_i_1/O
                         net (fo=1, routed)           0.000     1.831    count_p1_d[1]_i_1_n_0
    SLICE_X0Y20          FDRE                                         r  count_p1_d_reg[1]/D
  -------------------------------------------------------------------    -------------------

                         (clock clk_pin_p rise edge)
                                                      0.000     0.000 r  
    M18                                               0.000     0.000 r  clk (IN)
                         net (fo=0)                   0.000     0.000    clk
    M18                  IBUF (Prop_ibuf_I_O)         0.356     0.356 r  clk_IBUF_inst/O
                         net (fo=1, routed)           0.689     1.044    clk_IBUF
    BUFGCTRL_X0Y0        BUFG (Prop_bufg_I_O)         0.029     1.073 r  clk_IBUF_BUFG_inst/O
                         net (fo=38, routed)          0.855     1.928    clk_IBUF_BUFG
    SLICE_X0Y20          FDRE                                         r  count_p1_d_reg[1]/C
                         clock pessimism             -0.501     1.427    
    SLICE_X0Y20          FDRE (Hold_fdre_C_D)         0.107     1.534    count_p1_d_reg[1]
  -------------------------------------------------------------------
                         required time                         -1.534    
                         arrival time                           1.831    
  -------------------------------------------------------------------
                         slack                                  0.297    

Slack (MET) :             0.311ns  (arrival time - required time)
  Source:                 count_p1_d_reg[0]/C
                            (rising edge-triggered cell FDRE clocked by clk_pin_p  {rise@0.000ns fall@5.000ns period=10.000ns})
  Destination:            acc_p2_reg[1]/D
                            (rising edge-triggered cell FDRE clocked by clk_pin_p  {rise@0.000ns fall@5.000ns period=10.000ns})
  Path Group:             clk_pin_p
  Path Type:              Hold (Min at Fast Process Corner)
  Requirement:            0.000ns  (clk_pin_p rise@0.000ns - clk_pin_p rise@0.000ns)
  Data Path Delay:        0.429ns  (logic 0.286ns (66.626%)  route 0.143ns (33.374%))
  Logic Levels:           2  (CARRY4=1 LUT2=1)
  Clock Path Skew:        0.013ns (DCD - SCD - CPR)
    Destination Clock Delay (DCD):    1.928ns
    Source Clock Delay      (SCD):    1.413ns
    Clock Pessimism Removal (CPR):    0.502ns

    Location             Delay type                Incr(ns)  Path(ns)    Netlist Resource(s)
  -------------------------------------------------------------------    -------------------
                         (clock clk_pin_p rise edge)
                                                      0.000     0.000 r  
    M18                                               0.000     0.000 r  clk (IN)
                         net (fo=0)                   0.000     0.000    clk
    M18                  IBUF (Prop_ibuf_I_O)         0.167     0.167 r  clk_IBUF_inst/O
                         net (fo=1, routed)           0.634     0.801    clk_IBUF
    BUFGCTRL_X0Y0        BUFG (Prop_bufg_I_O)         0.026     0.827 r  clk_IBUF_BUFG_inst/O
                         net (fo=38, routed)          0.586     1.413    clk_IBUF_BUFG
    SLICE_X0Y20          FDRE                                         r  count_p1_d_reg[0]/C
  -------------------------------------------------------------------    -------------------
    SLICE_X0Y20          FDRE (Prop_fdre_C_Q)         0.141     1.554 r  count_p1_d_reg[0]/Q
                         net (fo=21, routed)          0.143     1.697    count_p1_d[0]
    SLICE_X1Y20          LUT2 (Prop_lut2_I0_O)        0.048     1.745 r  acc_p2[3]_i_6/O
                         net (fo=1, routed)           0.000     1.745    acc_p2[3]_i_6_n_0
    SLICE_X1Y20          CARRY4 (Prop_carry4_DI[0]_O[1])
                                                      0.097     1.842 r  acc_p2_reg[3]_i_1/O[1]
                         net (fo=1, routed)           0.000     1.842    acc_sig[1]
    SLICE_X1Y20          FDRE                                         r  acc_p2_reg[1]/D
  -------------------------------------------------------------------    -------------------

                         (clock clk_pin_p rise edge)
                                                      0.000     0.000 r  
    M18                                               0.000     0.000 r  clk (IN)
                         net (fo=0)                   0.000     0.000    clk
    M18                  IBUF (Prop_ibuf_I_O)         0.356     0.356 r  clk_IBUF_inst/O
                         net (fo=1, routed)           0.689     1.044    clk_IBUF
    BUFGCTRL_X0Y0        BUFG (Prop_bufg_I_O)         0.029     1.073 r  clk_IBUF_BUFG_inst/O
                         net (fo=38, routed)          0.855     1.928    clk_IBUF_BUFG
    SLICE_X1Y20          FDRE                                         r  acc_p2_reg[1]/C
                         clock pessimism             -0.502     1.426    
    SLICE_X1Y20          FDRE (Hold_fdre_C_D)         0.105     1.531    acc_p2_reg[1]
  -------------------------------------------------------------------
                         required time                         -1.531    
                         arrival time                           1.842    
  -------------------------------------------------------------------
                         slack                                  0.311    

Slack (MET) :             0.312ns  (arrival time - required time)
  Source:                 valid_p1_d_reg/C
                            (rising edge-triggered cell FDRE clocked by clk_pin_p  {rise@0.000ns fall@5.000ns period=10.000ns})
  Destination:            acc_p2_reg[0]/CE
                            (rising edge-triggered cell FDRE clocked by clk_pin_p  {rise@0.000ns fall@5.000ns period=10.000ns})
  Path Group:             clk_pin_p
  Path Type:              Hold (Min at Fast Process Corner)
  Requirement:            0.000ns  (clk_pin_p rise@0.000ns - clk_pin_p rise@0.000ns)
  Data Path Delay:        0.287ns  (logic 0.164ns (57.129%)  route 0.123ns (42.871%))
  Logic Levels:           0  
  Clock Path Skew:        0.014ns (DCD - SCD - CPR)
    Destination Clock Delay (DCD):    1.928ns
    Source Clock Delay      (SCD):    1.413ns
    Clock Pessimism Removal (CPR):    0.501ns

    Location             Delay type                Incr(ns)  Path(ns)    Netlist Resource(s)
  -------------------------------------------------------------------    -------------------
                         (clock clk_pin_p rise edge)
                                                      0.000     0.000 r  
    M18                                               0.000     0.000 r  clk (IN)
                         net (fo=0)                   0.000     0.000    clk
    M18                  IBUF (Prop_ibuf_I_O)         0.167     0.167 r  clk_IBUF_inst/O
                         net (fo=1, routed)           0.634     0.801    clk_IBUF
    BUFGCTRL_X0Y0        BUFG (Prop_bufg_I_O)         0.026     0.827 r  clk_IBUF_BUFG_inst/O
                         net (fo=38, routed)          0.586     1.413    clk_IBUF_BUFG
    SLICE_X2Y20          FDRE                                         r  valid_p1_d_reg/C
  -------------------------------------------------------------------    -------------------
    SLICE_X2Y20          FDRE (Prop_fdre_C_Q)         0.164     1.577 r  valid_p1_d_reg/Q
                         net (fo=11, routed)          0.123     1.700    valid_p1_d
    SLICE_X1Y20          FDRE                                         r  acc_p2_reg[0]/CE
  -------------------------------------------------------------------    -------------------

                         (clock clk_pin_p rise edge)
                                                      0.000     0.000 r  
    M18                                               0.000     0.000 r  clk (IN)
                         net (fo=0)                   0.000     0.000    clk
    M18                  IBUF (Prop_ibuf_I_O)         0.356     0.356 r  clk_IBUF_inst/O
                         net (fo=1, routed)           0.689     1.044    clk_IBUF
    BUFGCTRL_X0Y0        BUFG (Prop_bufg_I_O)         0.029     1.073 r  clk_IBUF_BUFG_inst/O
                         net (fo=38, routed)          0.855     1.928    clk_IBUF_BUFG
    SLICE_X1Y20          FDRE                                         r  acc_p2_reg[0]/C
                         clock pessimism             -0.501     1.427    
    SLICE_X1Y20          FDRE (Hold_fdre_C_CE)       -0.039     1.388    acc_p2_reg[0]
  -------------------------------------------------------------------
                         required time                         -1.388    
                         arrival time                           1.700    
  -------------------------------------------------------------------
                         slack                                  0.312    

Slack (MET) :             0.312ns  (arrival time - required time)
  Source:                 valid_p1_d_reg/C
                            (rising edge-triggered cell FDRE clocked by clk_pin_p  {rise@0.000ns fall@5.000ns period=10.000ns})
  Destination:            acc_p2_reg[1]/CE
                            (rising edge-triggered cell FDRE clocked by clk_pin_p  {rise@0.000ns fall@5.000ns period=10.000ns})
  Path Group:             clk_pin_p
  Path Type:              Hold (Min at Fast Process Corner)
  Requirement:            0.000ns  (clk_pin_p rise@0.000ns - clk_pin_p rise@0.000ns)
  Data Path Delay:        0.287ns  (logic 0.164ns (57.129%)  route 0.123ns (42.871%))
  Logic Levels:           0  
  Clock Path Skew:        0.014ns (DCD - SCD - CPR)
    Destination Clock Delay (DCD):    1.928ns
    Source Clock Delay      (SCD):    1.413ns
    Clock Pessimism Removal (CPR):    0.501ns

    Location             Delay type                Incr(ns)  Path(ns)    Netlist Resource(s)
  -------------------------------------------------------------------    -------------------
                         (clock clk_pin_p rise edge)
                                                      0.000     0.000 r  
    M18                                               0.000     0.000 r  clk (IN)
                         net (fo=0)                   0.000     0.000    clk
    M18                  IBUF (Prop_ibuf_I_O)         0.167     0.167 r  clk_IBUF_inst/O
                         net (fo=1, routed)           0.634     0.801    clk_IBUF
    BUFGCTRL_X0Y0        BUFG (Prop_bufg_I_O)         0.026     0.827 r  clk_IBUF_BUFG_inst/O
                         net (fo=38, routed)          0.586     1.413    clk_IBUF_BUFG
    SLICE_X2Y20          FDRE                                         r  valid_p1_d_reg/C
  -------------------------------------------------------------------    -------------------
    SLICE_X2Y20          FDRE (Prop_fdre_C_Q)         0.164     1.577 r  valid_p1_d_reg/Q
                         net (fo=11, routed)          0.123     1.700    valid_p1_d
    SLICE_X1Y20          FDRE                                         r  acc_p2_reg[1]/CE
  -------------------------------------------------------------------    -------------------

                         (clock clk_pin_p rise edge)
                                                      0.000     0.000 r  
    M18                                               0.000     0.000 r  clk (IN)
                         net (fo=0)                   0.000     0.000    clk
    M18                  IBUF (Prop_ibuf_I_O)         0.356     0.356 r  clk_IBUF_inst/O
                         net (fo=1, routed)           0.689     1.044    clk_IBUF
    BUFGCTRL_X0Y0        BUFG (Prop_bufg_I_O)         0.029     1.073 r  clk_IBUF_BUFG_inst/O
                         net (fo=38, routed)          0.855     1.928    clk_IBUF_BUFG
    SLICE_X1Y20          FDRE                                         r  acc_p2_reg[1]/C
                         clock pessimism             -0.501     1.427    
    SLICE_X1Y20          FDRE (Hold_fdre_C_CE)       -0.039     1.388    acc_p2_reg[1]
  -------------------------------------------------------------------
                         required time                         -1.388    
                         arrival time                           1.700    
  -------------------------------------------------------------------
                         slack                                  0.312    

Slack (MET) :             0.312ns  (arrival time - required time)
  Source:                 valid_p1_d_reg/C
                            (rising edge-triggered cell FDRE clocked by clk_pin_p  {rise@0.000ns fall@5.000ns period=10.000ns})
  Destination:            acc_p2_reg[2]/CE
                            (rising edge-triggered cell FDRE clocked by clk_pin_p  {rise@0.000ns fall@5.000ns period=10.000ns})
  Path Group:             clk_pin_p
  Path Type:              Hold (Min at Fast Process Corner)
  Requirement:            0.000ns  (clk_pin_p rise@0.000ns - clk_pin_p rise@0.000ns)
  Data Path Delay:        0.287ns  (logic 0.164ns (57.129%)  route 0.123ns (42.871%))
  Logic Levels:           0  
  Clock Path Skew:        0.014ns (DCD - SCD - CPR)
    Destination Clock Delay (DCD):    1.928ns
    Source Clock Delay      (SCD):    1.413ns
    Clock Pessimism Removal (CPR):    0.501ns

    Location             Delay type                Incr(ns)  Path(ns)    Netlist Resource(s)
  -------------------------------------------------------------------    -------------------
                         (clock clk_pin_p rise edge)
                                                      0.000     0.000 r  
    M18                                               0.000     0.000 r  clk (IN)
                         net (fo=0)                   0.000     0.000    clk
    M18                  IBUF (Prop_ibuf_I_O)         0.167     0.167 r  clk_IBUF_inst/O
                         net (fo=1, routed)           0.634     0.801    clk_IBUF
    BUFGCTRL_X0Y0        BUFG (Prop_bufg_I_O)         0.026     0.827 r  clk_IBUF_BUFG_inst/O
                         net (fo=38, routed)          0.586     1.413    clk_IBUF_BUFG
    SLICE_X2Y20          FDRE                                         r  valid_p1_d_reg/C
  -------------------------------------------------------------------    -------------------
    SLICE_X2Y20          FDRE (Prop_fdre_C_Q)         0.164     1.577 r  valid_p1_d_reg/Q
                         net (fo=11, routed)          0.123     1.700    valid_p1_d
    SLICE_X1Y20          FDRE                                         r  acc_p2_reg[2]/CE
  -------------------------------------------------------------------    -------------------

                         (clock clk_pin_p rise edge)
                                                      0.000     0.000 r  
    M18                                               0.000     0.000 r  clk (IN)
                         net (fo=0)                   0.000     0.000    clk
    M18                  IBUF (Prop_ibuf_I_O)         0.356     0.356 r  clk_IBUF_inst/O
                         net (fo=1, routed)           0.689     1.044    clk_IBUF
    BUFGCTRL_X0Y0        BUFG (Prop_bufg_I_O)         0.029     1.073 r  clk_IBUF_BUFG_inst/O
                         net (fo=38, routed)          0.855     1.928    clk_IBUF_BUFG
    SLICE_X1Y20          FDRE                                         r  acc_p2_reg[2]/C
                         clock pessimism             -0.501     1.427    
    SLICE_X1Y20          FDRE (Hold_fdre_C_CE)       -0.039     1.388    acc_p2_reg[2]
  -------------------------------------------------------------------
                         required time                         -1.388    
                         arrival time                           1.700    
  -------------------------------------------------------------------
                         slack                                  0.312    

Slack (MET) :             0.312ns  (arrival time - required time)
  Source:                 valid_p1_d_reg/C
                            (rising edge-triggered cell FDRE clocked by clk_pin_p  {rise@0.000ns fall@5.000ns period=10.000ns})
  Destination:            acc_p2_reg[3]/CE
                            (rising edge-triggered cell FDRE clocked by clk_pin_p  {rise@0.000ns fall@5.000ns period=10.000ns})
  Path Group:             clk_pin_p
  Path Type:              Hold (Min at Fast Process Corner)
  Requirement:            0.000ns  (clk_pin_p rise@0.000ns - clk_pin_p rise@0.000ns)
  Data Path Delay:        0.287ns  (logic 0.164ns (57.129%)  route 0.123ns (42.871%))
  Logic Levels:           0  
  Clock Path Skew:        0.014ns (DCD - SCD - CPR)
    Destination Clock Delay (DCD):    1.928ns
    Source Clock Delay      (SCD):    1.413ns
    Clock Pessimism Removal (CPR):    0.501ns

    Location             Delay type                Incr(ns)  Path(ns)    Netlist Resource(s)
  -------------------------------------------------------------------    -------------------
                         (clock clk_pin_p rise edge)
                                                      0.000     0.000 r  
    M18                                               0.000     0.000 r  clk (IN)
                         net (fo=0)                   0.000     0.000    clk
    M18                  IBUF (Prop_ibuf_I_O)         0.167     0.167 r  clk_IBUF_inst/O
                         net (fo=1, routed)           0.634     0.801    clk_IBUF
    BUFGCTRL_X0Y0        BUFG (Prop_bufg_I_O)         0.026     0.827 r  clk_IBUF_BUFG_inst/O
                         net (fo=38, routed)          0.586     1.413    clk_IBUF_BUFG
    SLICE_X2Y20          FDRE                                         r  valid_p1_d_reg/C
  -------------------------------------------------------------------    -------------------
    SLICE_X2Y20          FDRE (Prop_fdre_C_Q)         0.164     1.577 r  valid_p1_d_reg/Q
                         net (fo=11, routed)          0.123     1.700    valid_p1_d
    SLICE_X1Y20          FDRE                                         r  acc_p2_reg[3]/CE
  -------------------------------------------------------------------    -------------------

                         (clock clk_pin_p rise edge)
                                                      0.000     0.000 r  
    M18                                               0.000     0.000 r  clk (IN)
                         net (fo=0)                   0.000     0.000    clk
    M18                  IBUF (Prop_ibuf_I_O)         0.356     0.356 r  clk_IBUF_inst/O
                         net (fo=1, routed)           0.689     1.044    clk_IBUF
    BUFGCTRL_X0Y0        BUFG (Prop_bufg_I_O)         0.029     1.073 r  clk_IBUF_BUFG_inst/O
                         net (fo=38, routed)          0.855     1.928    clk_IBUF_BUFG
    SLICE_X1Y20          FDRE                                         r  acc_p2_reg[3]/C
                         clock pessimism             -0.501     1.427    
    SLICE_X1Y20          FDRE (Hold_fdre_C_CE)       -0.039     1.388    acc_p2_reg[3]
  -------------------------------------------------------------------
                         required time                         -1.388    
                         arrival time                           1.700    
  -------------------------------------------------------------------
                         slack                                  0.312    

Slack (MET) :             0.314ns  (arrival time - required time)
  Source:                 acc_p2_reg[3]/C
                            (rising edge-triggered cell FDRE clocked by clk_pin_p  {rise@0.000ns fall@5.000ns period=10.000ns})
  Destination:            acc_p2_reg[3]/D
                            (rising edge-triggered cell FDRE clocked by clk_pin_p  {rise@0.000ns fall@5.000ns period=10.000ns})
  Path Group:             clk_pin_p
  Path Type:              Hold (Min at Fast Process Corner)
  Requirement:            0.000ns  (clk_pin_p rise@0.000ns - clk_pin_p rise@0.000ns)
  Data Path Delay:        0.419ns  (logic 0.249ns (59.393%)  route 0.170ns (40.607%))
  Logic Levels:           2  (CARRY4=1 LUT4=1)
  Clock Path Skew:        0.000ns (DCD - SCD - CPR)
    Destination Clock Delay (DCD):    1.928ns
    Source Clock Delay      (SCD):    1.413ns
    Clock Pessimism Removal (CPR):    0.515ns

    Location             Delay type                Incr(ns)  Path(ns)    Netlist Resource(s)
  -------------------------------------------------------------------    -------------------
                         (clock clk_pin_p rise edge)
                                                      0.000     0.000 r  
    M18                                               0.000     0.000 r  clk (IN)
                         net (fo=0)                   0.000     0.000    clk
    M18                  IBUF (Prop_ibuf_I_O)         0.167     0.167 r  clk_IBUF_inst/O
                         net (fo=1, routed)           0.634     0.801    clk_IBUF
    BUFGCTRL_X0Y0        BUFG (Prop_bufg_I_O)         0.026     0.827 r  clk_IBUF_BUFG_inst/O
                         net (fo=38, routed)          0.586     1.413    clk_IBUF_BUFG
    SLICE_X1Y20          FDRE                                         r  acc_p2_reg[3]/C
  -------------------------------------------------------------------    -------------------
    SLICE_X1Y20          FDRE (Prop_fdre_C_Q)         0.141     1.554 r  acc_p2_reg[3]/Q
                         net (fo=2, routed)           0.170     1.724    data_out_OBUF[3]
    SLICE_X1Y20          LUT4 (Prop_lut4_I3_O)        0.045     1.769 r  acc_p2[3]_i_7/O
                         net (fo=1, routed)           0.000     1.769    acc_p2[3]_i_7_n_0
    SLICE_X1Y20          CARRY4 (Prop_carry4_S[3]_O[3])
                                                      0.063     1.832 r  acc_p2_reg[3]_i_1/O[3]
                         net (fo=1, routed)           0.000     1.832    acc_sig[3]
    SLICE_X1Y20          FDRE                                         r  acc_p2_reg[3]/D
  -------------------------------------------------------------------    -------------------

                         (clock clk_pin_p rise edge)
                                                      0.000     0.000 r  
    M18                                               0.000     0.000 r  clk (IN)
                         net (fo=0)                   0.000     0.000    clk
    M18                  IBUF (Prop_ibuf_I_O)         0.356     0.356 r  clk_IBUF_inst/O
                         net (fo=1, routed)           0.689     1.044    clk_IBUF
    BUFGCTRL_X0Y0        BUFG (Prop_bufg_I_O)         0.029     1.073 r  clk_IBUF_BUFG_inst/O
                         net (fo=38, routed)          0.855     1.928    clk_IBUF_BUFG
    SLICE_X1Y20          FDRE                                         r  acc_p2_reg[3]/C
                         clock pessimism             -0.515     1.413    
    SLICE_X1Y20          FDRE (Hold_fdre_C_D)         0.105     1.518    acc_p2_reg[3]
  -------------------------------------------------------------------
                         required time                         -1.518    
                         arrival time                           1.832    
  -------------------------------------------------------------------
                         slack                                  0.314    

Slack (MET) :             0.316ns  (arrival time - required time)
  Source:                 acc_p2_reg[7]/C
                            (rising edge-triggered cell FDRE clocked by clk_pin_p  {rise@0.000ns fall@5.000ns period=10.000ns})
  Destination:            acc_p2_reg[7]/D
                            (rising edge-triggered cell FDRE clocked by clk_pin_p  {rise@0.000ns fall@5.000ns period=10.000ns})
  Path Group:             clk_pin_p
  Path Type:              Hold (Min at Fast Process Corner)
  Requirement:            0.000ns  (clk_pin_p rise@0.000ns - clk_pin_p rise@0.000ns)
  Data Path Delay:        0.421ns  (logic 0.249ns (59.079%)  route 0.172ns (40.921%))
  Logic Levels:           2  (CARRY4=1 LUT4=1)
  Clock Path Skew:        0.000ns (DCD - SCD - CPR)
    Destination Clock Delay (DCD):    1.927ns
    Source Clock Delay      (SCD):    1.412ns
    Clock Pessimism Removal (CPR):    0.515ns

    Location             Delay type                Incr(ns)  Path(ns)    Netlist Resource(s)
  -------------------------------------------------------------------    -------------------
                         (clock clk_pin_p rise edge)
                                                      0.000     0.000 r  
    M18                                               0.000     0.000 r  clk (IN)
                         net (fo=0)                   0.000     0.000    clk
    M18                  IBUF (Prop_ibuf_I_O)         0.167     0.167 r  clk_IBUF_inst/O
                         net (fo=1, routed)           0.634     0.801    clk_IBUF
    BUFGCTRL_X0Y0        BUFG (Prop_bufg_I_O)         0.026     0.827 r  clk_IBUF_BUFG_inst/O
                         net (fo=38, routed)          0.585     1.412    clk_IBUF_BUFG
    SLICE_X1Y21          FDRE                                         r  acc_p2_reg[7]/C
  -------------------------------------------------------------------    -------------------
    SLICE_X1Y21          FDRE (Prop_fdre_C_Q)         0.141     1.553 r  acc_p2_reg[7]/Q
                         net (fo=2, routed)           0.172     1.725    data_out_OBUF[7]
    SLICE_X1Y21          LUT4 (Prop_lut4_I3_O)        0.045     1.770 r  acc_p2[7]_i_6/O
                         net (fo=1, routed)           0.000     1.770    acc_p2[7]_i_6_n_0
    SLICE_X1Y21          CARRY4 (Prop_carry4_S[3]_O[3])
                                                      0.063     1.833 r  acc_p2_reg[7]_i_1/O[3]
                         net (fo=1, routed)           0.000     1.833    acc_sig[7]
    SLICE_X1Y21          FDRE                                         r  acc_p2_reg[7]/D
  -------------------------------------------------------------------    -------------------

                         (clock clk_pin_p rise edge)
                                                      0.000     0.000 r  
    M18                                               0.000     0.000 r  clk (IN)
                         net (fo=0)                   0.000     0.000    clk
    M18                  IBUF (Prop_ibuf_I_O)         0.356     0.356 r  clk_IBUF_inst/O
                         net (fo=1, routed)           0.689     1.044    clk_IBUF
    BUFGCTRL_X0Y0        BUFG (Prop_bufg_I_O)         0.029     1.073 r  clk_IBUF_BUFG_inst/O
                         net (fo=38, routed)          0.854     1.927    clk_IBUF_BUFG
    SLICE_X1Y21          FDRE                                         r  acc_p2_reg[7]/C
                         clock pessimism             -0.515     1.412    
    SLICE_X1Y21          FDRE (Hold_fdre_C_D)         0.105     1.517    acc_p2_reg[7]
  -------------------------------------------------------------------
                         required time                         -1.517    
                         arrival time                           1.833    
  -------------------------------------------------------------------
                         slack                                  0.316    





Pulse Width Checks
--------------------------------------------------------------------------------------
Clock Name:         clk_pin_p
Waveform(ns):       { 0.000 5.000 }
Period(ns):         10.000
Sources:            { clk }

Check Type        Corner  Lib Pin  Reference Pin  Required(ns)  Actual(ns)  Slack(ns)  Location       Pin
Min Period        n/a     BUFG/I   n/a            2.155         10.000      7.845      BUFGCTRL_X0Y0  clk_IBUF_BUFG_inst/I
Min Period        n/a     FDRE/C   n/a            1.000         10.000      9.000      SLICE_X1Y20    acc_p2_reg[0]/C
Min Period        n/a     FDRE/C   n/a            1.000         10.000      9.000      SLICE_X1Y20    acc_p2_reg[1]/C
Min Period        n/a     FDRE/C   n/a            1.000         10.000      9.000      SLICE_X1Y20    acc_p2_reg[2]/C
Min Period        n/a     FDRE/C   n/a            1.000         10.000      9.000      SLICE_X1Y20    acc_p2_reg[3]/C
Min Period        n/a     FDRE/C   n/a            1.000         10.000      9.000      SLICE_X1Y21    acc_p2_reg[4]/C
Min Period        n/a     FDRE/C   n/a            1.000         10.000      9.000      SLICE_X1Y21    acc_p2_reg[5]/C
Min Period        n/a     FDRE/C   n/a            1.000         10.000      9.000      SLICE_X1Y21    acc_p2_reg[6]/C
Min Period        n/a     FDRE/C   n/a            1.000         10.000      9.000      SLICE_X1Y21    acc_p2_reg[7]/C
Min Period        n/a     FDRE/C   n/a            1.000         10.000      9.000      SLICE_X1Y22    acc_p2_reg[8]/C
Low Pulse Width   Slow    FDRE/C   n/a            0.500         5.000       4.500      SLICE_X1Y20    acc_p2_reg[0]/C
Low Pulse Width   Fast    FDRE/C   n/a            0.500         5.000       4.500      SLICE_X1Y20    acc_p2_reg[0]/C
Low Pulse Width   Slow    FDRE/C   n/a            0.500         5.000       4.500      SLICE_X1Y20    acc_p2_reg[1]/C
Low Pulse Width   Fast    FDRE/C   n/a            0.500         5.000       4.500      SLICE_X1Y20    acc_p2_reg[1]/C
Low Pulse Width   Slow    FDRE/C   n/a            0.500         5.000       4.500      SLICE_X1Y20    acc_p2_reg[2]/C
Low Pulse Width   Fast    FDRE/C   n/a            0.500         5.000       4.500      SLICE_X1Y20    acc_p2_reg[2]/C
Low Pulse Width   Slow    FDRE/C   n/a            0.500         5.000       4.500      SLICE_X1Y20    acc_p2_reg[3]/C
Low Pulse Width   Fast    FDRE/C   n/a            0.500         5.000       4.500      SLICE_X1Y20    acc_p2_reg[3]/C
Low Pulse Width   Slow    FDRE/C   n/a            0.500         5.000       4.500      SLICE_X1Y21    acc_p2_reg[4]/C
Low Pulse Width   Fast    FDRE/C   n/a            0.500         5.000       4.500      SLICE_X1Y21    acc_p2_reg[4]/C
High Pulse Width  Slow    FDRE/C   n/a            0.500         5.000       4.500      SLICE_X1Y20    acc_p2_reg[0]/C
High Pulse Width  Fast    FDRE/C   n/a            0.500         5.000       4.500      SLICE_X1Y20    acc_p2_reg[0]/C
High Pulse Width  Slow    FDRE/C   n/a            0.500         5.000       4.500      SLICE_X1Y20    acc_p2_reg[1]/C
High Pulse Width  Fast    FDRE/C   n/a            0.500         5.000       4.500      SLICE_X1Y20    acc_p2_reg[1]/C
High Pulse Width  Slow    FDRE/C   n/a            0.500         5.000       4.500      SLICE_X1Y20    acc_p2_reg[2]/C
High Pulse Width  Fast    FDRE/C   n/a            0.500         5.000       4.500      SLICE_X1Y20    acc_p2_reg[2]/C
High Pulse Width  Slow    FDRE/C   n/a            0.500         5.000       4.500      SLICE_X1Y20    acc_p2_reg[3]/C
High Pulse Width  Fast    FDRE/C   n/a            0.500         5.000       4.500      SLICE_X1Y20    acc_p2_reg[3]/C
High Pulse Width  Slow    FDRE/C   n/a            0.500         5.000       4.500      SLICE_X1Y21    acc_p2_reg[4]/C
High Pulse Width  Fast    FDRE/C   n/a            0.500         5.000       4.500      SLICE_X1Y21    acc_p2_reg[4]/C



--------------------------------------------------------------------------------------
Path Group:  (none)
From Clock:  clk_pin_p
  To Clock:  

Max Delay            12 Endpoints
Min Delay            12 Endpoints
--------------------------------------------------------------------------------------


Max Delay Paths
--------------------------------------------------------------------------------------
Slack:                    inf
  Source:                 count_p1_reg[1]/C
                            (rising edge-triggered cell FDRE clocked by clk_pin_p  {rise@0.000ns fall@5.000ns period=10.000ns})
  Destination:            next_in
                            (output port)
  Path Group:             (none)
  Path Type:              Max at Slow Process Corner
  Data Path Delay:        6.550ns  (logic 3.544ns (54.111%)  route 3.006ns (45.889%))
  Logic Levels:           2  (LUT3=1 OBUF=1)
  Clock Uncertainty:      0.025ns  ((TSJ^2 + TIJ^2)^1/2 + DJ) / 2 + PE
    Total System Jitter     (TSJ):    0.050ns
    Total Input Jitter      (TIJ):    0.000ns
    Discrete Jitter          (DJ):    0.000ns
    Phase Error              (PE):    0.000ns

    Location             Delay type                Incr(ns)  Path(ns)    Netlist Resource(s)
  -------------------------------------------------------------------    -------------------
                         (clock clk_pin_p rise edge)
                                                      0.000     0.000 r  
    M18                                               0.000     0.000 r  clk (IN)
                         net (fo=0)                   0.000     0.000    clk
    M18                  IBUF (Prop_ibuf_I_O)         0.938     0.938 r  clk_IBUF_inst/O
                         net (fo=1, routed)           1.972     2.910    clk_IBUF
    BUFGCTRL_X0Y0        BUFG (Prop_bufg_I_O)         0.096     3.006 r  clk_IBUF_BUFG_inst/O
                         net (fo=38, routed)          1.626     4.632    clk_IBUF_BUFG
    SLICE_X0Y19          FDRE                                         r  count_p1_reg[1]/C
  -------------------------------------------------------------------    -------------------
    SLICE_X0Y19          FDRE (Prop_fdre_C_Q)         0.419     5.051 r  count_p1_reg[1]/Q
                         net (fo=8, routed)           0.843     5.894    count_p1[1]
    SLICE_X1Y17          LUT3 (Prop_lut3_I2_O)        0.327     6.221 r  next_in_OBUF_inst_i_1/O
                         net (fo=2, routed)           2.162     8.384    next_in_OBUF
    R19                  OBUF (Prop_obuf_I_O)         2.798    11.182 r  next_in_OBUF_inst/O
                         net (fo=0)                   0.000    11.182    next_in
    R19                                                               r  next_in (OUT)
  -------------------------------------------------------------------    -------------------

Slack:                    inf
  Source:                 valid_p2_reg/C
                            (rising edge-triggered cell FDRE clocked by clk_pin_p  {rise@0.000ns fall@5.000ns period=10.000ns})
  Destination:            out_valid
                            (output port)
  Path Group:             (none)
  Path Type:              Max at Slow Process Corner
  Data Path Delay:        4.946ns  (logic 3.046ns (61.579%)  route 1.900ns (38.421%))
  Logic Levels:           1  (OBUF=1)
  Clock Uncertainty:      0.025ns  ((TSJ^2 + TIJ^2)^1/2 + DJ) / 2 + PE
    Total System Jitter     (TSJ):    0.050ns
    Total Input Jitter      (TIJ):    0.000ns
    Discrete Jitter          (DJ):    0.000ns
    Phase Error              (PE):    0.000ns

    Location             Delay type                Incr(ns)  Path(ns)    Netlist Resource(s)
  -------------------------------------------------------------------    -------------------
                         (clock clk_pin_p rise edge)
                                                      0.000     0.000 r  
    M18                                               0.000     0.000 r  clk (IN)
                         net (fo=0)                   0.000     0.000    clk
    M18                  IBUF (Prop_ibuf_I_O)         0.938     0.938 r  clk_IBUF_inst/O
                         net (fo=1, routed)           1.972     2.910    clk_IBUF
    BUFGCTRL_X0Y0        BUFG (Prop_bufg_I_O)         0.096     3.006 r  clk_IBUF_BUFG_inst/O
                         net (fo=38, routed)          1.621     4.627    clk_IBUF_BUFG
    SLICE_X0Y22          FDRE                                         r  valid_p2_reg/C
  -------------------------------------------------------------------    -------------------
    SLICE_X0Y22          FDRE (Prop_fdre_C_Q)         0.456     5.083 r  valid_p2_reg/Q
                         net (fo=1, routed)           1.900     6.983    out_valid_OBUF
    P19                  OBUF (Prop_obuf_I_O)         2.590     9.573 r  out_valid_OBUF_inst/O
                         net (fo=0)                   0.000     9.573    out_valid
    P19                                                               r  out_valid (OUT)
  -------------------------------------------------------------------    -------------------

Slack:                    inf
  Source:                 acc_p2_reg[7]/C
                            (rising edge-triggered cell FDRE clocked by clk_pin_p  {rise@0.000ns fall@5.000ns period=10.000ns})
  Destination:            data_out[7]
                            (output port)
  Path Group:             (none)
  Path Type:              Max at Slow Process Corner
  Data Path Delay:        4.846ns  (logic 3.086ns (63.680%)  route 1.760ns (36.320%))
  Logic Levels:           1  (OBUF=1)
  Clock Uncertainty:      0.025ns  ((TSJ^2 + TIJ^2)^1/2 + DJ) / 2 + PE
    Total System Jitter     (TSJ):    0.050ns
    Total Input Jitter      (TIJ):    0.000ns
    Discrete Jitter          (DJ):    0.000ns
    Phase Error              (PE):    0.000ns

    Location             Delay type                Incr(ns)  Path(ns)    Netlist Resource(s)
  -------------------------------------------------------------------    -------------------
                         (clock clk_pin_p rise edge)
                                                      0.000     0.000 r  
    M18                                               0.000     0.000 r  clk (IN)
                         net (fo=0)                   0.000     0.000    clk
    M18                  IBUF (Prop_ibuf_I_O)         0.938     0.938 r  clk_IBUF_inst/O
                         net (fo=1, routed)           1.972     2.910    clk_IBUF
    BUFGCTRL_X0Y0        BUFG (Prop_bufg_I_O)         0.096     3.006 r  clk_IBUF_BUFG_inst/O
                         net (fo=38, routed)          1.624     4.630    clk_IBUF_BUFG
    SLICE_X1Y21          FDRE                                         r  acc_p2_reg[7]/C
  -------------------------------------------------------------------    -------------------
    SLICE_X1Y21          FDRE (Prop_fdre_C_Q)         0.456     5.086 r  acc_p2_reg[7]/Q
                         net (fo=2, routed)           1.760     6.846    data_out_OBUF[7]
    K17                  OBUF (Prop_obuf_I_O)         2.630     9.476 r  data_out_OBUF[7]_inst/O
                         net (fo=0)                   0.000     9.476    data_out[7]
    K17                                                               r  data_out[7] (OUT)
  -------------------------------------------------------------------    -------------------

Slack:                    inf
  Source:                 acc_p2_reg[6]/C
                            (rising edge-triggered cell FDRE clocked by clk_pin_p  {rise@0.000ns fall@5.000ns period=10.000ns})
  Destination:            data_out[6]
                            (output port)
  Path Group:             (none)
  Path Type:              Max at Slow Process Corner
  Data Path Delay:        4.841ns  (logic 3.041ns (62.823%)  route 1.800ns (37.177%))
  Logic Levels:           1  (OBUF=1)
  Clock Uncertainty:      0.025ns  ((TSJ^2 + TIJ^2)^1/2 + DJ) / 2 + PE
    Total System Jitter     (TSJ):    0.050ns
    Total Input Jitter      (TIJ):    0.000ns
    Discrete Jitter          (DJ):    0.000ns
    Phase Error              (PE):    0.000ns

    Location             Delay type                Incr(ns)  Path(ns)    Netlist Resource(s)
  -------------------------------------------------------------------    -------------------
                         (clock clk_pin_p rise edge)
                                                      0.000     0.000 r  
    M18                                               0.000     0.000 r  clk (IN)
                         net (fo=0)                   0.000     0.000    clk
    M18                  IBUF (Prop_ibuf_I_O)         0.938     0.938 r  clk_IBUF_inst/O
                         net (fo=1, routed)           1.972     2.910    clk_IBUF
    BUFGCTRL_X0Y0        BUFG (Prop_bufg_I_O)         0.096     3.006 r  clk_IBUF_BUFG_inst/O
                         net (fo=38, routed)          1.624     4.630    clk_IBUF_BUFG
    SLICE_X1Y21          FDRE                                         r  acc_p2_reg[6]/C
  -------------------------------------------------------------------    -------------------
    SLICE_X1Y21          FDRE (Prop_fdre_C_Q)         0.456     5.086 r  acc_p2_reg[6]/Q
                         net (fo=2, routed)           1.800     6.886    data_out_OBUF[6]
    N17                  OBUF (Prop_obuf_I_O)         2.585     9.471 r  data_out_OBUF[6]_inst/O
                         net (fo=0)                   0.000     9.471    data_out[6]
    N17                                                               r  data_out[6] (OUT)
  -------------------------------------------------------------------    -------------------

Slack:                    inf
  Source:                 acc_p2_reg[9]/C
                            (rising edge-triggered cell FDRE clocked by clk_pin_p  {rise@0.000ns fall@5.000ns period=10.000ns})
  Destination:            data_out[9]
                            (output port)
  Path Group:             (none)
  Path Type:              Max at Slow Process Corner
  Data Path Delay:        4.839ns  (logic 3.068ns (63.396%)  route 1.771ns (36.604%))
  Logic Levels:           1  (OBUF=1)
  Clock Uncertainty:      0.025ns  ((TSJ^2 + TIJ^2)^1/2 + DJ) / 2 + PE
    Total System Jitter     (TSJ):    0.050ns
    Total Input Jitter      (TIJ):    0.000ns
    Discrete Jitter          (DJ):    0.000ns
    Phase Error              (PE):    0.000ns

    Location             Delay type                Incr(ns)  Path(ns)    Netlist Resource(s)
  -------------------------------------------------------------------    -------------------
                         (clock clk_pin_p rise edge)
                                                      0.000     0.000 r  
    M18                                               0.000     0.000 r  clk (IN)
                         net (fo=0)                   0.000     0.000    clk
    M18                  IBUF (Prop_ibuf_I_O)         0.938     0.938 r  clk_IBUF_inst/O
                         net (fo=1, routed)           1.972     2.910    clk_IBUF
    BUFGCTRL_X0Y0        BUFG (Prop_bufg_I_O)         0.096     3.006 r  clk_IBUF_BUFG_inst/O
                         net (fo=38, routed)          1.621     4.627    clk_IBUF_BUFG
    SLICE_X1Y22          FDRE                                         r  acc_p2_reg[9]/C
  -------------------------------------------------------------------    -------------------
    SLICE_X1Y22          FDRE (Prop_fdre_C_Q)         0.456     5.083 r  acc_p2_reg[9]/Q
                         net (fo=2, routed)           1.771     6.854    data_out_OBUF[9]
    M19                  OBUF (Prop_obuf_I_O)         2.612     9.466 r  data_out_OBUF[9]_inst/O
                         net (fo=0)                   0.000     9.466    data_out[9]
    M19                                                               r  data_out[9] (OUT)
  -------------------------------------------------------------------    -------------------

Slack:                    inf
  Source:                 acc_p2_reg[8]/C
                            (rising edge-triggered cell FDRE clocked by clk_pin_p  {rise@0.000ns fall@5.000ns period=10.000ns})
  Destination:            data_out[8]
                            (output port)
  Path Group:             (none)
  Path Type:              Max at Slow Process Corner
  Data Path Delay:        4.839ns  (logic 3.080ns (63.648%)  route 1.759ns (36.352%))
  Logic Levels:           1  (OBUF=1)
  Clock Uncertainty:      0.025ns  ((TSJ^2 + TIJ^2)^1/2 + DJ) / 2 + PE
    Total System Jitter     (TSJ):    0.050ns
    Total Input Jitter      (TIJ):    0.000ns
    Discrete Jitter          (DJ):    0.000ns
    Phase Error              (PE):    0.000ns

    Location             Delay type                Incr(ns)  Path(ns)    Netlist Resource(s)
  -------------------------------------------------------------------    -------------------
                         (clock clk_pin_p rise edge)
                                                      0.000     0.000 r  
    M18                                               0.000     0.000 r  clk (IN)
                         net (fo=0)                   0.000     0.000    clk
    M18                  IBUF (Prop_ibuf_I_O)         0.938     0.938 r  clk_IBUF_inst/O
                         net (fo=1, routed)           1.972     2.910    clk_IBUF
    BUFGCTRL_X0Y0        BUFG (Prop_bufg_I_O)         0.096     3.006 r  clk_IBUF_BUFG_inst/O
                         net (fo=38, routed)          1.621     4.627    clk_IBUF_BUFG
    SLICE_X1Y22          FDRE                                         r  acc_p2_reg[8]/C
  -------------------------------------------------------------------    -------------------
    SLICE_X1Y22          FDRE (Prop_fdre_C_Q)         0.456     5.083 r  acc_p2_reg[8]/Q
                         net (fo=2, routed)           1.759     6.842    data_out_OBUF[8]
    L17                  OBUF (Prop_obuf_I_O)         2.624     9.466 r  data_out_OBUF[8]_inst/O
                         net (fo=0)                   0.000     9.466    data_out[8]
    L17                                                               r  data_out[8] (OUT)
  -------------------------------------------------------------------    -------------------

Slack:                    inf
  Source:                 acc_p2_reg[1]/C
                            (rising edge-triggered cell FDRE clocked by clk_pin_p  {rise@0.000ns fall@5.000ns period=10.000ns})
  Destination:            data_out[1]
                            (output port)
  Path Group:             (none)
  Path Type:              Max at Slow Process Corner
  Data Path Delay:        4.757ns  (logic 3.058ns (64.279%)  route 1.699ns (35.721%))
  Logic Levels:           1  (OBUF=1)
  Clock Uncertainty:      0.025ns  ((TSJ^2 + TIJ^2)^1/2 + DJ) / 2 + PE
    Total System Jitter     (TSJ):    0.050ns
    Total Input Jitter      (TIJ):    0.000ns
    Discrete Jitter          (DJ):    0.000ns
    Phase Error              (PE):    0.000ns

    Location             Delay type                Incr(ns)  Path(ns)    Netlist Resource(s)
  -------------------------------------------------------------------    -------------------
                         (clock clk_pin_p rise edge)
                                                      0.000     0.000 r  
    M18                                               0.000     0.000 r  clk (IN)
                         net (fo=0)                   0.000     0.000    clk
    M18                  IBUF (Prop_ibuf_I_O)         0.938     0.938 r  clk_IBUF_inst/O
                         net (fo=1, routed)           1.972     2.910    clk_IBUF
    BUFGCTRL_X0Y0        BUFG (Prop_bufg_I_O)         0.096     3.006 r  clk_IBUF_BUFG_inst/O
                         net (fo=38, routed)          1.625     4.631    clk_IBUF_BUFG
    SLICE_X1Y20          FDRE                                         r  acc_p2_reg[1]/C
  -------------------------------------------------------------------    -------------------
    SLICE_X1Y20          FDRE (Prop_fdre_C_Q)         0.456     5.087 r  acc_p2_reg[1]/Q
                         net (fo=2, routed)           1.699     6.786    data_out_OBUF[1]
    V19                  OBUF (Prop_obuf_I_O)         2.602     9.388 r  data_out_OBUF[1]_inst/O
                         net (fo=0)                   0.000     9.388    data_out[1]
    V19                                                               r  data_out[1] (OUT)
  -------------------------------------------------------------------    -------------------

Slack:                    inf
  Source:                 acc_p2_reg[0]/C
                            (rising edge-triggered cell FDRE clocked by clk_pin_p  {rise@0.000ns fall@5.000ns period=10.000ns})
  Destination:            data_out[0]
                            (output port)
  Path Group:             (none)
  Path Type:              Max at Slow Process Corner
  Data Path Delay:        4.742ns  (logic 3.058ns (64.474%)  route 1.685ns (35.526%))
  Logic Levels:           1  (OBUF=1)
  Clock Uncertainty:      0.025ns  ((TSJ^2 + TIJ^2)^1/2 + DJ) / 2 + PE
    Total System Jitter     (TSJ):    0.050ns
    Total Input Jitter      (TIJ):    0.000ns
    Discrete Jitter          (DJ):    0.000ns
    Phase Error              (PE):    0.000ns

    Location             Delay type                Incr(ns)  Path(ns)    Netlist Resource(s)
  -------------------------------------------------------------------    -------------------
                         (clock clk_pin_p rise edge)
                                                      0.000     0.000 r  
    M18                                               0.000     0.000 r  clk (IN)
                         net (fo=0)                   0.000     0.000    clk
    M18                  IBUF (Prop_ibuf_I_O)         0.938     0.938 r  clk_IBUF_inst/O
                         net (fo=1, routed)           1.972     2.910    clk_IBUF
    BUFGCTRL_X0Y0        BUFG (Prop_bufg_I_O)         0.096     3.006 r  clk_IBUF_BUFG_inst/O
                         net (fo=38, routed)          1.625     4.631    clk_IBUF_BUFG
    SLICE_X1Y20          FDRE                                         r  acc_p2_reg[0]/C
  -------------------------------------------------------------------    -------------------
    SLICE_X1Y20          FDRE (Prop_fdre_C_Q)         0.456     5.087 r  acc_p2_reg[0]/Q
                         net (fo=2, routed)           1.685     6.772    data_out_OBUF[0]
    W18                  OBUF (Prop_obuf_I_O)         2.602     9.373 r  data_out_OBUF[0]_inst/O
                         net (fo=0)                   0.000     9.373    data_out[0]
    W18                                                               r  data_out[0] (OUT)
  -------------------------------------------------------------------    -------------------

Slack:                    inf
  Source:                 acc_p2_reg[4]/C
                            (rising edge-triggered cell FDRE clocked by clk_pin_p  {rise@0.000ns fall@5.000ns period=10.000ns})
  Destination:            data_out[4]
                            (output port)
  Path Group:             (none)
  Path Type:              Max at Slow Process Corner
  Data Path Delay:        4.743ns  (logic 3.063ns (64.586%)  route 1.680ns (35.414%))
  Logic Levels:           1  (OBUF=1)
  Clock Uncertainty:      0.025ns  ((TSJ^2 + TIJ^2)^1/2 + DJ) / 2 + PE
    Total System Jitter     (TSJ):    0.050ns
    Total Input Jitter      (TIJ):    0.000ns
    Discrete Jitter          (DJ):    0.000ns
    Phase Error              (PE):    0.000ns

    Location             Delay type                Incr(ns)  Path(ns)    Netlist Resource(s)
  -------------------------------------------------------------------    -------------------
                         (clock clk_pin_p rise edge)
                                                      0.000     0.000 r  
    M18                                               0.000     0.000 r  clk (IN)
                         net (fo=0)                   0.000     0.000    clk
    M18                  IBUF (Prop_ibuf_I_O)         0.938     0.938 r  clk_IBUF_inst/O
                         net (fo=1, routed)           1.972     2.910    clk_IBUF
    BUFGCTRL_X0Y0        BUFG (Prop_bufg_I_O)         0.096     3.006 r  clk_IBUF_BUFG_inst/O
                         net (fo=38, routed)          1.624     4.630    clk_IBUF_BUFG
    SLICE_X1Y21          FDRE                                         r  acc_p2_reg[4]/C
  -------------------------------------------------------------------    -------------------
    SLICE_X1Y21          FDRE (Prop_fdre_C_Q)         0.456     5.086 r  acc_p2_reg[4]/Q
                         net (fo=2, routed)           1.680     6.765    data_out_OBUF[4]
    P18                  OBUF (Prop_obuf_I_O)         2.607     9.372 r  data_out_OBUF[4]_inst/O
                         net (fo=0)                   0.000     9.372    data_out[4]
    P18                                                               r  data_out[4] (OUT)
  -------------------------------------------------------------------    -------------------

Slack:                    inf
  Source:                 acc_p2_reg[2]/C
                            (rising edge-triggered cell FDRE clocked by clk_pin_p  {rise@0.000ns fall@5.000ns period=10.000ns})
  Destination:            data_out[2]
                            (output port)
  Path Group:             (none)
  Path Type:              Max at Slow Process Corner
  Data Path Delay:        4.728ns  (logic 3.050ns (64.504%)  route 1.678ns (35.496%))
  Logic Levels:           1  (OBUF=1)
  Clock Uncertainty:      0.025ns  ((TSJ^2 + TIJ^2)^1/2 + DJ) / 2 + PE
    Total System Jitter     (TSJ):    0.050ns
    Total Input Jitter      (TIJ):    0.000ns
    Discrete Jitter          (DJ):    0.000ns
    Phase Error              (PE):    0.000ns

    Location             Delay type                Incr(ns)  Path(ns)    Netlist Resource(s)
  -------------------------------------------------------------------    -------------------
                         (clock clk_pin_p rise edge)
                                                      0.000     0.000 r  
    M18                                               0.000     0.000 r  clk (IN)
                         net (fo=0)                   0.000     0.000    clk
    M18                  IBUF (Prop_ibuf_I_O)         0.938     0.938 r  clk_IBUF_inst/O
                         net (fo=1, routed)           1.972     2.910    clk_IBUF
    BUFGCTRL_X0Y0        BUFG (Prop_bufg_I_O)         0.096     3.006 r  clk_IBUF_BUFG_inst/O
                         net (fo=38, routed)          1.625     4.631    clk_IBUF_BUFG
    SLICE_X1Y20          FDRE                                         r  acc_p2_reg[2]/C
  -------------------------------------------------------------------    -------------------
    SLICE_X1Y20          FDRE (Prop_fdre_C_Q)         0.456     5.087 r  acc_p2_reg[2]/Q
                         net (fo=2, routed)           1.678     6.765    data_out_OBUF[2]
    U19                  OBUF (Prop_obuf_I_O)         2.594     9.359 r  data_out_OBUF[2]_inst/O
                         net (fo=0)                   0.000     9.359    data_out[2]
    U19                                                               r  data_out[2] (OUT)
  -------------------------------------------------------------------    -------------------





Min Delay Paths
--------------------------------------------------------------------------------------
Slack:                    inf
  Source:                 acc_p2_reg[3]/C
                            (rising edge-triggered cell FDRE clocked by clk_pin_p  {rise@0.000ns fall@5.000ns period=10.000ns})
  Destination:            data_out[3]
                            (output port)
  Path Group:             (none)
  Path Type:              Min at Fast Process Corner
  Data Path Delay:        1.591ns  (logic 1.252ns (78.646%)  route 0.340ns (21.354%))
  Logic Levels:           1  (OBUF=1)
  Clock Uncertainty:      0.025ns  ((TSJ^2 + TIJ^2)^1/2 + DJ) / 2 + PE
    Total System Jitter     (TSJ):    0.050ns
    Total Input Jitter      (TIJ):    0.000ns
    Discrete Jitter          (DJ):    0.000ns
    Phase Error              (PE):    0.000ns

    Location             Delay type                Incr(ns)  Path(ns)    Netlist Resource(s)
  -------------------------------------------------------------------    -------------------
                         (clock clk_pin_p rise edge)
                                                      0.000     0.000 r  
    M18                                               0.000     0.000 r  clk (IN)
                         net (fo=0)                   0.000     0.000    clk
    M18                  IBUF (Prop_ibuf_I_O)         0.167     0.167 r  clk_IBUF_inst/O
                         net (fo=1, routed)           0.634     0.801    clk_IBUF
    BUFGCTRL_X0Y0        BUFG (Prop_bufg_I_O)         0.026     0.827 r  clk_IBUF_BUFG_inst/O
                         net (fo=38, routed)          0.586     1.413    clk_IBUF_BUFG
    SLICE_X1Y20          FDRE                                         r  acc_p2_reg[3]/C
  -------------------------------------------------------------------    -------------------
    SLICE_X1Y20          FDRE (Prop_fdre_C_Q)         0.141     1.554 r  acc_p2_reg[3]/Q
                         net (fo=2, routed)           0.340     1.894    data_out_OBUF[3]
    R18                  OBUF (Prop_obuf_I_O)         1.111     3.004 r  data_out_OBUF[3]_inst/O
                         net (fo=0)                   0.000     3.004    data_out[3]
    R18                                                               r  data_out[3] (OUT)
  -------------------------------------------------------------------    -------------------

Slack:                    inf
  Source:                 acc_p2_reg[4]/C
                            (rising edge-triggered cell FDRE clocked by clk_pin_p  {rise@0.000ns fall@5.000ns period=10.000ns})
  Destination:            data_out[4]
                            (output port)
  Path Group:             (none)
  Path Type:              Min at Fast Process Corner
  Data Path Delay:        1.596ns  (logic 1.265ns (79.285%)  route 0.331ns (20.715%))
  Logic Levels:           1  (OBUF=1)
  Clock Uncertainty:      0.025ns  ((TSJ^2 + TIJ^2)^1/2 + DJ) / 2 + PE
    Total System Jitter     (TSJ):    0.050ns
    Total Input Jitter      (TIJ):    0.000ns
    Discrete Jitter          (DJ):    0.000ns
    Phase Error              (PE):    0.000ns

    Location             Delay type                Incr(ns)  Path(ns)    Netlist Resource(s)
  -------------------------------------------------------------------    -------------------
                         (clock clk_pin_p rise edge)
                                                      0.000     0.000 r  
    M18                                               0.000     0.000 r  clk (IN)
                         net (fo=0)                   0.000     0.000    clk
    M18                  IBUF (Prop_ibuf_I_O)         0.167     0.167 r  clk_IBUF_inst/O
                         net (fo=1, routed)           0.634     0.801    clk_IBUF
    BUFGCTRL_X0Y0        BUFG (Prop_bufg_I_O)         0.026     0.827 r  clk_IBUF_BUFG_inst/O
                         net (fo=38, routed)          0.585     1.412    clk_IBUF_BUFG
    SLICE_X1Y21          FDRE                                         r  acc_p2_reg[4]/C
  -------------------------------------------------------------------    -------------------
    SLICE_X1Y21          FDRE (Prop_fdre_C_Q)         0.141     1.553 r  acc_p2_reg[4]/Q
                         net (fo=2, routed)           0.331     1.883    data_out_OBUF[4]
    P18                  OBUF (Prop_obuf_I_O)         1.124     3.007 r  data_out_OBUF[4]_inst/O
                         net (fo=0)                   0.000     3.007    data_out[4]
    P18                                                               r  data_out[4] (OUT)
  -------------------------------------------------------------------    -------------------

Slack:                    inf
  Source:                 acc_p2_reg[2]/C
                            (rising edge-triggered cell FDRE clocked by clk_pin_p  {rise@0.000ns fall@5.000ns period=10.000ns})
  Destination:            data_out[2]
                            (output port)
  Path Group:             (none)
  Path Type:              Min at Fast Process Corner
  Data Path Delay:        1.596ns  (logic 1.252ns (78.477%)  route 0.343ns (21.523%))
  Logic Levels:           1  (OBUF=1)
  Clock Uncertainty:      0.025ns  ((TSJ^2 + TIJ^2)^1/2 + DJ) / 2 + PE
    Total System Jitter     (TSJ):    0.050ns
    Total Input Jitter      (TIJ):    0.000ns
    Discrete Jitter          (DJ):    0.000ns
    Phase Error              (PE):    0.000ns

    Location             Delay type                Incr(ns)  Path(ns)    Netlist Resource(s)
  -------------------------------------------------------------------    -------------------
                         (clock clk_pin_p rise edge)
                                                      0.000     0.000 r  
    M18                                               0.000     0.000 r  clk (IN)
                         net (fo=0)                   0.000     0.000    clk
    M18                  IBUF (Prop_ibuf_I_O)         0.167     0.167 r  clk_IBUF_inst/O
                         net (fo=1, routed)           0.634     0.801    clk_IBUF
    BUFGCTRL_X0Y0        BUFG (Prop_bufg_I_O)         0.026     0.827 r  clk_IBUF_BUFG_inst/O
                         net (fo=38, routed)          0.586     1.413    clk_IBUF_BUFG
    SLICE_X1Y20          FDRE                                         r  acc_p2_reg[2]/C
  -------------------------------------------------------------------    -------------------
    SLICE_X1Y20          FDRE (Prop_fdre_C_Q)         0.141     1.554 r  acc_p2_reg[2]/Q
                         net (fo=2, routed)           0.343     1.897    data_out_OBUF[2]
    U19                  OBUF (Prop_obuf_I_O)         1.111     3.008 r  data_out_OBUF[2]_inst/O
                         net (fo=0)                   0.000     3.008    data_out[2]
    U19                                                               r  data_out[2] (OUT)
  -------------------------------------------------------------------    -------------------

Slack:                    inf
  Source:                 acc_p2_reg[5]/C
                            (rising edge-triggered cell FDRE clocked by clk_pin_p  {rise@0.000ns fall@5.000ns period=10.000ns})
  Destination:            data_out[5]
                            (output port)
  Path Group:             (none)
  Path Type:              Min at Fast Process Corner
  Data Path Delay:        1.602ns  (logic 1.248ns (77.912%)  route 0.354ns (22.088%))
  Logic Levels:           1  (OBUF=1)
  Clock Uncertainty:      0.025ns  ((TSJ^2 + TIJ^2)^1/2 + DJ) / 2 + PE
    Total System Jitter     (TSJ):    0.050ns
    Total Input Jitter      (TIJ):    0.000ns
    Discrete Jitter          (DJ):    0.000ns
    Phase Error              (PE):    0.000ns

    Location             Delay type                Incr(ns)  Path(ns)    Netlist Resource(s)
  -------------------------------------------------------------------    -------------------
                         (clock clk_pin_p rise edge)
                                                      0.000     0.000 r  
    M18                                               0.000     0.000 r  clk (IN)
                         net (fo=0)                   0.000     0.000    clk
    M18                  IBUF (Prop_ibuf_I_O)         0.167     0.167 r  clk_IBUF_inst/O
                         net (fo=1, routed)           0.634     0.801    clk_IBUF
    BUFGCTRL_X0Y0        BUFG (Prop_bufg_I_O)         0.026     0.827 r  clk_IBUF_BUFG_inst/O
                         net (fo=38, routed)          0.585     1.412    clk_IBUF_BUFG
    SLICE_X1Y21          FDRE                                         r  acc_p2_reg[5]/C
  -------------------------------------------------------------------    -------------------
    SLICE_X1Y21          FDRE (Prop_fdre_C_Q)         0.141     1.553 r  acc_p2_reg[5]/Q
                         net (fo=2, routed)           0.354     1.907    data_out_OBUF[5]
    P17                  OBUF (Prop_obuf_I_O)         1.107     3.013 r  data_out_OBUF[5]_inst/O
                         net (fo=0)                   0.000     3.013    data_out[5]
    P17                                                               r  data_out[5] (OUT)
  -------------------------------------------------------------------    -------------------

Slack:                    inf
  Source:                 acc_p2_reg[0]/C
                            (rising edge-triggered cell FDRE clocked by clk_pin_p  {rise@0.000ns fall@5.000ns period=10.000ns})
  Destination:            data_out[0]
                            (output port)
  Path Group:             (none)
  Path Type:              Min at Fast Process Corner
  Data Path Delay:        1.613ns  (logic 1.260ns (78.074%)  route 0.354ns (21.926%))
  Logic Levels:           1  (OBUF=1)
  Clock Uncertainty:      0.025ns  ((TSJ^2 + TIJ^2)^1/2 + DJ) / 2 + PE
    Total System Jitter     (TSJ):    0.050ns
    Total Input Jitter      (TIJ):    0.000ns
    Discrete Jitter          (DJ):    0.000ns
    Phase Error              (PE):    0.000ns

    Location             Delay type                Incr(ns)  Path(ns)    Netlist Resource(s)
  -------------------------------------------------------------------    -------------------
                         (clock clk_pin_p rise edge)
                                                      0.000     0.000 r  
    M18                                               0.000     0.000 r  clk (IN)
                         net (fo=0)                   0.000     0.000    clk
    M18                  IBUF (Prop_ibuf_I_O)         0.167     0.167 r  clk_IBUF_inst/O
                         net (fo=1, routed)           0.634     0.801    clk_IBUF
    BUFGCTRL_X0Y0        BUFG (Prop_bufg_I_O)         0.026     0.827 r  clk_IBUF_BUFG_inst/O
                         net (fo=38, routed)          0.586     1.413    clk_IBUF_BUFG
    SLICE_X1Y20          FDRE                                         r  acc_p2_reg[0]/C
  -------------------------------------------------------------------    -------------------
    SLICE_X1Y20          FDRE (Prop_fdre_C_Q)         0.141     1.554 r  acc_p2_reg[0]/Q
                         net (fo=2, routed)           0.354     1.908    data_out_OBUF[0]
    W18                  OBUF (Prop_obuf_I_O)         1.119     3.026 r  data_out_OBUF[0]_inst/O
                         net (fo=0)                   0.000     3.026    data_out[0]
    W18                                                               r  data_out[0] (OUT)
  -------------------------------------------------------------------    -------------------

Slack:                    inf
  Source:                 acc_p2_reg[1]/C
                            (rising edge-triggered cell FDRE clocked by clk_pin_p  {rise@0.000ns fall@5.000ns period=10.000ns})
  Destination:            data_out[1]
                            (output port)
  Path Group:             (none)
  Path Type:              Min at Fast Process Corner
  Data Path Delay:        1.613ns  (logic 1.260ns (78.098%)  route 0.353ns (21.902%))
  Logic Levels:           1  (OBUF=1)
  Clock Uncertainty:      0.025ns  ((TSJ^2 + TIJ^2)^1/2 + DJ) / 2 + PE
    Total System Jitter     (TSJ):    0.050ns
    Total Input Jitter      (TIJ):    0.000ns
    Discrete Jitter          (DJ):    0.000ns
    Phase Error              (PE):    0.000ns

    Location             Delay type                Incr(ns)  Path(ns)    Netlist Resource(s)
  -------------------------------------------------------------------    -------------------
                         (clock clk_pin_p rise edge)
                                                      0.000     0.000 r  
    M18                                               0.000     0.000 r  clk (IN)
                         net (fo=0)                   0.000     0.000    clk
    M18                  IBUF (Prop_ibuf_I_O)         0.167     0.167 r  clk_IBUF_inst/O
                         net (fo=1, routed)           0.634     0.801    clk_IBUF
    BUFGCTRL_X0Y0        BUFG (Prop_bufg_I_O)         0.026     0.827 r  clk_IBUF_BUFG_inst/O
                         net (fo=38, routed)          0.586     1.413    clk_IBUF_BUFG
    SLICE_X1Y20          FDRE                                         r  acc_p2_reg[1]/C
  -------------------------------------------------------------------    -------------------
    SLICE_X1Y20          FDRE (Prop_fdre_C_Q)         0.141     1.554 r  acc_p2_reg[1]/Q
                         net (fo=2, routed)           0.353     1.907    data_out_OBUF[1]
    V19                  OBUF (Prop_obuf_I_O)         1.119     3.026 r  data_out_OBUF[1]_inst/O
                         net (fo=0)                   0.000     3.026    data_out[1]
    V19                                                               r  data_out[1] (OUT)
  -------------------------------------------------------------------    -------------------

Slack:                    inf
  Source:                 acc_p2_reg[9]/C
                            (rising edge-triggered cell FDRE clocked by clk_pin_p  {rise@0.000ns fall@5.000ns period=10.000ns})
  Destination:            data_out[9]
                            (output port)
  Path Group:             (none)
  Path Type:              Min at Fast Process Corner
  Data Path Delay:        1.668ns  (logic 1.270ns (76.120%)  route 0.398ns (23.880%))
  Logic Levels:           1  (OBUF=1)
  Clock Uncertainty:      0.025ns  ((TSJ^2 + TIJ^2)^1/2 + DJ) / 2 + PE
    Total System Jitter     (TSJ):    0.050ns
    Total Input Jitter      (TIJ):    0.000ns
    Discrete Jitter          (DJ):    0.000ns
    Phase Error              (PE):    0.000ns

    Location             Delay type                Incr(ns)  Path(ns)    Netlist Resource(s)
  -------------------------------------------------------------------    -------------------
                         (clock clk_pin_p rise edge)
                                                      0.000     0.000 r  
    M18                                               0.000     0.000 r  clk (IN)
                         net (fo=0)                   0.000     0.000    clk
    M18                  IBUF (Prop_ibuf_I_O)         0.167     0.167 r  clk_IBUF_inst/O
                         net (fo=1, routed)           0.634     0.801    clk_IBUF
    BUFGCTRL_X0Y0        BUFG (Prop_bufg_I_O)         0.026     0.827 r  clk_IBUF_BUFG_inst/O
                         net (fo=38, routed)          0.585     1.412    clk_IBUF_BUFG
    SLICE_X1Y22          FDRE                                         r  acc_p2_reg[9]/C
  -------------------------------------------------------------------    -------------------
    SLICE_X1Y22          FDRE (Prop_fdre_C_Q)         0.141     1.553 r  acc_p2_reg[9]/Q
                         net (fo=2, routed)           0.398     1.951    data_out_OBUF[9]
    M19                  OBUF (Prop_obuf_I_O)         1.129     3.080 r  data_out_OBUF[9]_inst/O
                         net (fo=0)                   0.000     3.080    data_out[9]
    M19                                                               r  data_out[9] (OUT)
  -------------------------------------------------------------------    -------------------

Slack:                    inf
  Source:                 acc_p2_reg[6]/C
                            (rising edge-triggered cell FDRE clocked by clk_pin_p  {rise@0.000ns fall@5.000ns period=10.000ns})
  Destination:            data_out[6]
                            (output port)
  Path Group:             (none)
  Path Type:              Min at Fast Process Corner
  Data Path Delay:        1.675ns  (logic 1.244ns (74.270%)  route 0.431ns (25.730%))
  Logic Levels:           1  (OBUF=1)
  Clock Uncertainty:      0.025ns  ((TSJ^2 + TIJ^2)^1/2 + DJ) / 2 + PE
    Total System Jitter     (TSJ):    0.050ns
    Total Input Jitter      (TIJ):    0.000ns
    Discrete Jitter          (DJ):    0.000ns
    Phase Error              (PE):    0.000ns

    Location             Delay type                Incr(ns)  Path(ns)    Netlist Resource(s)
  -------------------------------------------------------------------    -------------------
                         (clock clk_pin_p rise edge)
                                                      0.000     0.000 r  
    M18                                               0.000     0.000 r  clk (IN)
                         net (fo=0)                   0.000     0.000    clk
    M18                  IBUF (Prop_ibuf_I_O)         0.167     0.167 r  clk_IBUF_inst/O
                         net (fo=1, routed)           0.634     0.801    clk_IBUF
    BUFGCTRL_X0Y0        BUFG (Prop_bufg_I_O)         0.026     0.827 r  clk_IBUF_BUFG_inst/O
                         net (fo=38, routed)          0.585     1.412    clk_IBUF_BUFG
    SLICE_X1Y21          FDRE                                         r  acc_p2_reg[6]/C
  -------------------------------------------------------------------    -------------------
    SLICE_X1Y21          FDRE (Prop_fdre_C_Q)         0.141     1.553 r  acc_p2_reg[6]/Q
                         net (fo=2, routed)           0.431     1.984    data_out_OBUF[6]
    N17                  OBUF (Prop_obuf_I_O)         1.103     3.086 r  data_out_OBUF[6]_inst/O
                         net (fo=0)                   0.000     3.086    data_out[6]
    N17                                                               r  data_out[6] (OUT)
  -------------------------------------------------------------------    -------------------

Slack:                    inf
  Source:                 acc_p2_reg[8]/C
                            (rising edge-triggered cell FDRE clocked by clk_pin_p  {rise@0.000ns fall@5.000ns period=10.000ns})
  Destination:            data_out[8]
                            (output port)
  Path Group:             (none)
  Path Type:              Min at Fast Process Corner
  Data Path Delay:        1.683ns  (logic 1.282ns (76.167%)  route 0.401ns (23.833%))
  Logic Levels:           1  (OBUF=1)
  Clock Uncertainty:      0.025ns  ((TSJ^2 + TIJ^2)^1/2 + DJ) / 2 + PE
    Total System Jitter     (TSJ):    0.050ns
    Total Input Jitter      (TIJ):    0.000ns
    Discrete Jitter          (DJ):    0.000ns
    Phase Error              (PE):    0.000ns

    Location             Delay type                Incr(ns)  Path(ns)    Netlist Resource(s)
  -------------------------------------------------------------------    -------------------
                         (clock clk_pin_p rise edge)
                                                      0.000     0.000 r  
    M18                                               0.000     0.000 r  clk (IN)
                         net (fo=0)                   0.000     0.000    clk
    M18                  IBUF (Prop_ibuf_I_O)         0.167     0.167 r  clk_IBUF_inst/O
                         net (fo=1, routed)           0.634     0.801    clk_IBUF
    BUFGCTRL_X0Y0        BUFG (Prop_bufg_I_O)         0.026     0.827 r  clk_IBUF_BUFG_inst/O
                         net (fo=38, routed)          0.585     1.412    clk_IBUF_BUFG
    SLICE_X1Y22          FDRE                                         r  acc_p2_reg[8]/C
  -------------------------------------------------------------------    -------------------
    SLICE_X1Y22          FDRE (Prop_fdre_C_Q)         0.141     1.553 r  acc_p2_reg[8]/Q
                         net (fo=2, routed)           0.401     1.954    data_out_OBUF[8]
    L17                  OBUF (Prop_obuf_I_O)         1.141     3.095 r  data_out_OBUF[8]_inst/O
                         net (fo=0)                   0.000     3.095    data_out[8]
    L17                                                               r  data_out[8] (OUT)
  -------------------------------------------------------------------    -------------------

Slack:                    inf
  Source:                 acc_p2_reg[7]/C
                            (rising edge-triggered cell FDRE clocked by clk_pin_p  {rise@0.000ns fall@5.000ns period=10.000ns})
  Destination:            data_out[7]
                            (output port)
  Path Group:             (none)
  Path Type:              Min at Fast Process Corner
  Data Path Delay:        1.689ns  (logic 1.288ns (76.253%)  route 0.401ns (23.747%))
  Logic Levels:           1  (OBUF=1)
  Clock Uncertainty:      0.025ns  ((TSJ^2 + TIJ^2)^1/2 + DJ) / 2 + PE
    Total System Jitter     (TSJ):    0.050ns
    Total Input Jitter      (TIJ):    0.000ns
    Discrete Jitter          (DJ):    0.000ns
    Phase Error              (PE):    0.000ns

    Location             Delay type                Incr(ns)  Path(ns)    Netlist Resource(s)
  -------------------------------------------------------------------    -------------------
                         (clock clk_pin_p rise edge)
                                                      0.000     0.000 r  
    M18                                               0.000     0.000 r  clk (IN)
                         net (fo=0)                   0.000     0.000    clk
    M18                  IBUF (Prop_ibuf_I_O)         0.167     0.167 r  clk_IBUF_inst/O
                         net (fo=1, routed)           0.634     0.801    clk_IBUF
    BUFGCTRL_X0Y0        BUFG (Prop_bufg_I_O)         0.026     0.827 r  clk_IBUF_BUFG_inst/O
                         net (fo=38, routed)          0.585     1.412    clk_IBUF_BUFG
    SLICE_X1Y21          FDRE                                         r  acc_p2_reg[7]/C
  -------------------------------------------------------------------    -------------------
    SLICE_X1Y21          FDRE (Prop_fdre_C_Q)         0.141     1.553 r  acc_p2_reg[7]/Q
                         net (fo=2, routed)           0.401     1.954    data_out_OBUF[7]
    K17                  OBUF (Prop_obuf_I_O)         1.147     3.101 r  data_out_OBUF[7]_inst/O
                         net (fo=0)                   0.000     3.101    data_out[7]
    K17                                                               r  data_out[7] (OUT)
  -------------------------------------------------------------------    -------------------





--------------------------------------------------------------------------------------
Path Group:  (none)
From Clock:  
  To Clock:  clk_pin_p

Max Delay            55 Endpoints
Min Delay            55 Endpoints
--------------------------------------------------------------------------------------


Max Delay Paths
--------------------------------------------------------------------------------------
Slack:                    inf
  Source:                 rst
                            (input port)
  Destination:            count_p1_d_reg[1]/D
                            (rising edge-triggered cell FDRE clocked by clk_pin_p  {rise@0.000ns fall@5.000ns period=10.000ns})
  Path Group:             (none)
  Path Type:              Setup (Max at Slow Process Corner)
  Data Path Delay:        3.129ns  (logic 1.088ns (34.776%)  route 2.041ns (65.224%))
  Logic Levels:           2  (IBUF=1 LUT2=1)
  Clock Path Skew:        4.272ns (DCD - SCD + CPR)
    Destination Clock Delay (DCD):    4.272ns
    Source Clock Delay      (SCD):    0.000ns
    Clock Pessimism Removal (CPR):    0.000ns
  Clock Uncertainty:      0.025ns  ((TSJ^2 + TIJ^2)^1/2 + DJ) / 2 + PE
    Total System Jitter     (TSJ):    0.050ns
    Total Input Jitter      (TIJ):    0.000ns
    Discrete Jitter          (DJ):    0.000ns
    Phase Error              (PE):    0.000ns

    Location             Delay type                Incr(ns)  Path(ns)    Netlist Resource(s)
  -------------------------------------------------------------------    -------------------
    W19                                               0.000     0.000 f  rst (IN)
                         net (fo=0)                   0.000     0.000    rst
    W19                  IBUF (Prop_ibuf_I_O)         0.936     0.936 f  rst_IBUF_inst/O
                         net (fo=23, routed)          2.041     2.977    rst_IBUF
    SLICE_X0Y20          LUT2 (Prop_lut2_I1_O)        0.152     3.129 r  count_p1_d[1]_i_1/O
                         net (fo=1, routed)           0.000     3.129    count_p1_d[1]_i_1_n_0
    SLICE_X0Y20          FDRE                                         r  count_p1_d_reg[1]/D
  -------------------------------------------------------------------    -------------------

                         (clock clk_pin_p rise edge)
                                                      0.000     0.000 r  
    M18                                               0.000     0.000 r  clk (IN)
                         net (fo=0)                   0.000     0.000    clk
    M18                  IBUF (Prop_ibuf_I_O)         0.805     0.805 r  clk_IBUF_inst/O
                         net (fo=1, routed)           1.868     2.673    clk_IBUF
    BUFGCTRL_X0Y0        BUFG (Prop_bufg_I_O)         0.091     2.764 r  clk_IBUF_BUFG_inst/O
                         net (fo=38, routed)          1.508     4.272    clk_IBUF_BUFG
    SLICE_X0Y20          FDRE                                         r  count_p1_d_reg[1]/C

Slack:                    inf
  Source:                 rst
                            (input port)
  Destination:            count_p1_d_reg[0]/D
                            (rising edge-triggered cell FDRE clocked by clk_pin_p  {rise@0.000ns fall@5.000ns period=10.000ns})
  Path Group:             (none)
  Path Type:              Setup (Max at Slow Process Corner)
  Data Path Delay:        3.101ns  (logic 1.060ns (34.187%)  route 2.041ns (65.813%))
  Logic Levels:           2  (IBUF=1 LUT2=1)
  Clock Path Skew:        4.272ns (DCD - SCD + CPR)
    Destination Clock Delay (DCD):    4.272ns
    Source Clock Delay      (SCD):    0.000ns
    Clock Pessimism Removal (CPR):    0.000ns
  Clock Uncertainty:      0.025ns  ((TSJ^2 + TIJ^2)^1/2 + DJ) / 2 + PE
    Total System Jitter     (TSJ):    0.050ns
    Total Input Jitter      (TIJ):    0.000ns
    Discrete Jitter          (DJ):    0.000ns
    Phase Error              (PE):    0.000ns

    Location             Delay type                Incr(ns)  Path(ns)    Netlist Resource(s)
  -------------------------------------------------------------------    -------------------
    W19                                               0.000     0.000 f  rst (IN)
                         net (fo=0)                   0.000     0.000    rst
    W19                  IBUF (Prop_ibuf_I_O)         0.936     0.936 f  rst_IBUF_inst/O
                         net (fo=23, routed)          2.041     2.977    rst_IBUF
    SLICE_X0Y20          LUT2 (Prop_lut2_I1_O)        0.124     3.101 r  count_p1_d[0]_i_1/O
                         net (fo=1, routed)           0.000     3.101    count_p1_d[0]_i_1_n_0
    SLICE_X0Y20          FDRE                                         r  count_p1_d_reg[0]/D
  -------------------------------------------------------------------    -------------------

                         (clock clk_pin_p rise edge)
                                                      0.000     0.000 r  
    M18                                               0.000     0.000 r  clk (IN)
                         net (fo=0)                   0.000     0.000    clk
    M18                  IBUF (Prop_ibuf_I_O)         0.805     0.805 r  clk_IBUF_inst/O
                         net (fo=1, routed)           1.868     2.673    clk_IBUF
    BUFGCTRL_X0Y0        BUFG (Prop_bufg_I_O)         0.091     2.764 r  clk_IBUF_BUFG_inst/O
                         net (fo=38, routed)          1.508     4.272    clk_IBUF_BUFG
    SLICE_X0Y20          FDRE                                         r  count_p1_d_reg[0]/C

Slack:                    inf
  Source:                 in_valid
                            (input port)
  Destination:            data_0_p1_reg[0]/CE
                            (rising edge-triggered cell FDRE clocked by clk_pin_p  {rise@0.000ns fall@5.000ns period=10.000ns})
  Path Group:             (none)
  Path Type:              Setup (Max at Slow Process Corner)
  Data Path Delay:        2.977ns  (logic 1.060ns (35.609%)  route 1.917ns (64.391%))
  Logic Levels:           2  (IBUF=1 LUT5=1)
  Clock Path Skew:        4.277ns (DCD - SCD + CPR)
    Destination Clock Delay (DCD):    4.277ns
    Source Clock Delay      (SCD):    0.000ns
    Clock Pessimism Removal (CPR):    0.000ns
  Clock Uncertainty:      0.025ns  ((TSJ^2 + TIJ^2)^1/2 + DJ) / 2 + PE
    Total System Jitter     (TSJ):    0.050ns
    Total Input Jitter      (TIJ):    0.000ns
    Discrete Jitter          (DJ):    0.000ns
    Phase Error              (PE):    0.000ns

    Location             Delay type                Incr(ns)  Path(ns)    Netlist Resource(s)
  -------------------------------------------------------------------    -------------------
    T17                                               0.000     0.000 r  in_valid (IN)
                         net (fo=0)                   0.000     0.000    in_valid
    T17                  IBUF (Prop_ibuf_I_O)         0.936     0.936 r  in_valid_IBUF_inst/O
                         net (fo=2, routed)           1.372     2.308    in_valid_IBUF
    SLICE_X1Y17          LUT5 (Prop_lut5_I0_O)        0.124     2.432 r  data_0_p1[3]_i_1/O
                         net (fo=16, routed)          0.545     2.977    data_0_p1
    SLICE_X0Y15          FDRE                                         r  data_0_p1_reg[0]/CE
  -------------------------------------------------------------------    -------------------

                         (clock clk_pin_p rise edge)
                                                      0.000     0.000 r  
    M18                                               0.000     0.000 r  clk (IN)
                         net (fo=0)                   0.000     0.000    clk
    M18                  IBUF (Prop_ibuf_I_O)         0.805     0.805 r  clk_IBUF_inst/O
                         net (fo=1, routed)           1.868     2.673    clk_IBUF
    BUFGCTRL_X0Y0        BUFG (Prop_bufg_I_O)         0.091     2.764 r  clk_IBUF_BUFG_inst/O
                         net (fo=38, routed)          1.513     4.277    clk_IBUF_BUFG
    SLICE_X0Y15          FDRE                                         r  data_0_p1_reg[0]/C

Slack:                    inf
  Source:                 in_valid
                            (input port)
  Destination:            data_1_p1_reg[0]/CE
                            (rising edge-triggered cell FDRE clocked by clk_pin_p  {rise@0.000ns fall@5.000ns period=10.000ns})
  Path Group:             (none)
  Path Type:              Setup (Max at Slow Process Corner)
  Data Path Delay:        2.977ns  (logic 1.060ns (35.609%)  route 1.917ns (64.391%))
  Logic Levels:           2  (IBUF=1 LUT5=1)
  Clock Path Skew:        4.277ns (DCD - SCD + CPR)
    Destination Clock Delay (DCD):    4.277ns
    Source Clock Delay      (SCD):    0.000ns
    Clock Pessimism Removal (CPR):    0.000ns
  Clock Uncertainty:      0.025ns  ((TSJ^2 + TIJ^2)^1/2 + DJ) / 2 + PE
    Total System Jitter     (TSJ):    0.050ns
    Total Input Jitter      (TIJ):    0.000ns
    Discrete Jitter          (DJ):    0.000ns
    Phase Error              (PE):    0.000ns

    Location             Delay type                Incr(ns)  Path(ns)    Netlist Resource(s)
  -------------------------------------------------------------------    -------------------
    T17                                               0.000     0.000 r  in_valid (IN)
                         net (fo=0)                   0.000     0.000    in_valid
    T17                  IBUF (Prop_ibuf_I_O)         0.936     0.936 r  in_valid_IBUF_inst/O
                         net (fo=2, routed)           1.372     2.308    in_valid_IBUF
    SLICE_X1Y17          LUT5 (Prop_lut5_I0_O)        0.124     2.432 r  data_0_p1[3]_i_1/O
                         net (fo=16, routed)          0.545     2.977    data_0_p1
    SLICE_X0Y15          FDRE                                         r  data_1_p1_reg[0]/CE
  -------------------------------------------------------------------    -------------------

                         (clock clk_pin_p rise edge)
                                                      0.000     0.000 r  
    M18                                               0.000     0.000 r  clk (IN)
                         net (fo=0)                   0.000     0.000    clk
    M18                  IBUF (Prop_ibuf_I_O)         0.805     0.805 r  clk_IBUF_inst/O
                         net (fo=1, routed)           1.868     2.673    clk_IBUF
    BUFGCTRL_X0Y0        BUFG (Prop_bufg_I_O)         0.091     2.764 r  clk_IBUF_BUFG_inst/O
                         net (fo=38, routed)          1.513     4.277    clk_IBUF_BUFG
    SLICE_X0Y15          FDRE                                         r  data_1_p1_reg[0]/C

Slack:                    inf
  Source:                 in_valid
                            (input port)
  Destination:            data_2_p1_reg[1]/CE
                            (rising edge-triggered cell FDRE clocked by clk_pin_p  {rise@0.000ns fall@5.000ns period=10.000ns})
  Path Group:             (none)
  Path Type:              Setup (Max at Slow Process Corner)
  Data Path Delay:        2.974ns  (logic 1.060ns (35.647%)  route 1.914ns (64.353%))
  Logic Levels:           2  (IBUF=1 LUT5=1)
  Clock Path Skew:        4.275ns (DCD - SCD + CPR)
    Destination Clock Delay (DCD):    4.275ns
    Source Clock Delay      (SCD):    0.000ns
    Clock Pessimism Removal (CPR):    0.000ns
  Clock Uncertainty:      0.025ns  ((TSJ^2 + TIJ^2)^1/2 + DJ) / 2 + PE
    Total System Jitter     (TSJ):    0.050ns
    Total Input Jitter      (TIJ):    0.000ns
    Discrete Jitter          (DJ):    0.000ns
    Phase Error              (PE):    0.000ns

    Location             Delay type                Incr(ns)  Path(ns)    Netlist Resource(s)
  -------------------------------------------------------------------    -------------------
    T17                                               0.000     0.000 r  in_valid (IN)
                         net (fo=0)                   0.000     0.000    in_valid
    T17                  IBUF (Prop_ibuf_I_O)         0.936     0.936 r  in_valid_IBUF_inst/O
                         net (fo=2, routed)           1.372     2.308    in_valid_IBUF
    SLICE_X1Y17          LUT5 (Prop_lut5_I0_O)        0.124     2.432 r  data_0_p1[3]_i_1/O
                         net (fo=16, routed)          0.542     2.974    data_0_p1
    SLICE_X0Y17          FDRE                                         r  data_2_p1_reg[1]/CE
  -------------------------------------------------------------------    -------------------

                         (clock clk_pin_p rise edge)
                                                      0.000     0.000 r  
    M18                                               0.000     0.000 r  clk (IN)
                         net (fo=0)                   0.000     0.000    clk
    M18                  IBUF (Prop_ibuf_I_O)         0.805     0.805 r  clk_IBUF_inst/O
                         net (fo=1, routed)           1.868     2.673    clk_IBUF
    BUFGCTRL_X0Y0        BUFG (Prop_bufg_I_O)         0.091     2.764 r  clk_IBUF_BUFG_inst/O
                         net (fo=38, routed)          1.511     4.275    clk_IBUF_BUFG
    SLICE_X0Y17          FDRE                                         r  data_2_p1_reg[1]/C

Slack:                    inf
  Source:                 rst
                            (input port)
  Destination:            valid_p1_d_reg/D
                            (rising edge-triggered cell FDRE clocked by clk_pin_p  {rise@0.000ns fall@5.000ns period=10.000ns})
  Path Group:             (none)
  Path Type:              Setup (Max at Slow Process Corner)
  Data Path Delay:        2.823ns  (logic 1.060ns (37.562%)  route 1.762ns (62.438%))
  Logic Levels:           2  (IBUF=1 LUT2=1)
  Clock Path Skew:        4.272ns (DCD - SCD + CPR)
    Destination Clock Delay (DCD):    4.272ns
    Source Clock Delay      (SCD):    0.000ns
    Clock Pessimism Removal (CPR):    0.000ns
  Clock Uncertainty:      0.025ns  ((TSJ^2 + TIJ^2)^1/2 + DJ) / 2 + PE
    Total System Jitter     (TSJ):    0.050ns
    Total Input Jitter      (TIJ):    0.000ns
    Discrete Jitter          (DJ):    0.000ns
    Phase Error              (PE):    0.000ns

    Location             Delay type                Incr(ns)  Path(ns)    Netlist Resource(s)
  -------------------------------------------------------------------    -------------------
    W19                                               0.000     0.000 f  rst (IN)
                         net (fo=0)                   0.000     0.000    rst
    W19                  IBUF (Prop_ibuf_I_O)         0.936     0.936 f  rst_IBUF_inst/O
                         net (fo=23, routed)          1.762     2.699    rst_IBUF
    SLICE_X2Y20          LUT2 (Prop_lut2_I1_O)        0.124     2.823 r  valid_p1_d_i_1/O
                         net (fo=1, routed)           0.000     2.823    valid_p1_d_i_1_n_0
    SLICE_X2Y20          FDRE                                         r  valid_p1_d_reg/D
  -------------------------------------------------------------------    -------------------

                         (clock clk_pin_p rise edge)
                                                      0.000     0.000 r  
    M18                                               0.000     0.000 r  clk (IN)
                         net (fo=0)                   0.000     0.000    clk
    M18                  IBUF (Prop_ibuf_I_O)         0.805     0.805 r  clk_IBUF_inst/O
                         net (fo=1, routed)           1.868     2.673    clk_IBUF
    BUFGCTRL_X0Y0        BUFG (Prop_bufg_I_O)         0.091     2.764 r  clk_IBUF_BUFG_inst/O
                         net (fo=38, routed)          1.508     4.272    clk_IBUF_BUFG
    SLICE_X2Y20          FDRE                                         r  valid_p1_d_reg/C

Slack:                    inf
  Source:                 in_valid
                            (input port)
  Destination:            data_0_p1_reg[1]/CE
                            (rising edge-triggered cell FDRE clocked by clk_pin_p  {rise@0.000ns fall@5.000ns period=10.000ns})
  Path Group:             (none)
  Path Type:              Setup (Max at Slow Process Corner)
  Data Path Delay:        2.795ns  (logic 1.060ns (37.935%)  route 1.734ns (62.065%))
  Logic Levels:           2  (IBUF=1 LUT5=1)
  Clock Path Skew:        4.276ns (DCD - SCD + CPR)
    Destination Clock Delay (DCD):    4.276ns
    Source Clock Delay      (SCD):    0.000ns
    Clock Pessimism Removal (CPR):    0.000ns
  Clock Uncertainty:      0.025ns  ((TSJ^2 + TIJ^2)^1/2 + DJ) / 2 + PE
    Total System Jitter     (TSJ):    0.050ns
    Total Input Jitter      (TIJ):    0.000ns
    Discrete Jitter          (DJ):    0.000ns
    Phase Error              (PE):    0.000ns

    Location             Delay type                Incr(ns)  Path(ns)    Netlist Resource(s)
  -------------------------------------------------------------------    -------------------
    T17                                               0.000     0.000 r  in_valid (IN)
                         net (fo=0)                   0.000     0.000    in_valid
    T17                  IBUF (Prop_ibuf_I_O)         0.936     0.936 r  in_valid_IBUF_inst/O
                         net (fo=2, routed)           1.372     2.308    in_valid_IBUF
    SLICE_X1Y17          LUT5 (Prop_lut5_I0_O)        0.124     2.432 r  data_0_p1[3]_i_1/O
                         net (fo=16, routed)          0.363     2.795    data_0_p1
    SLICE_X0Y16          FDRE                                         r  data_0_p1_reg[1]/CE
  -------------------------------------------------------------------    -------------------

                         (clock clk_pin_p rise edge)
                                                      0.000     0.000 r  
    M18                                               0.000     0.000 r  clk (IN)
                         net (fo=0)                   0.000     0.000    clk
    M18                  IBUF (Prop_ibuf_I_O)         0.805     0.805 r  clk_IBUF_inst/O
                         net (fo=1, routed)           1.868     2.673    clk_IBUF
    BUFGCTRL_X0Y0        BUFG (Prop_bufg_I_O)         0.091     2.764 r  clk_IBUF_BUFG_inst/O
                         net (fo=38, routed)          1.512     4.276    clk_IBUF_BUFG
    SLICE_X0Y16          FDRE                                         r  data_0_p1_reg[1]/C

Slack:                    inf
  Source:                 in_valid
                            (input port)
  Destination:            data_0_p1_reg[2]/CE
                            (rising edge-triggered cell FDRE clocked by clk_pin_p  {rise@0.000ns fall@5.000ns period=10.000ns})
  Path Group:             (none)
  Path Type:              Setup (Max at Slow Process Corner)
  Data Path Delay:        2.795ns  (logic 1.060ns (37.935%)  route 1.734ns (62.065%))
  Logic Levels:           2  (IBUF=1 LUT5=1)
  Clock Path Skew:        4.276ns (DCD - SCD + CPR)
    Destination Clock Delay (DCD):    4.276ns
    Source Clock Delay      (SCD):    0.000ns
    Clock Pessimism Removal (CPR):    0.000ns
  Clock Uncertainty:      0.025ns  ((TSJ^2 + TIJ^2)^1/2 + DJ) / 2 + PE
    Total System Jitter     (TSJ):    0.050ns
    Total Input Jitter      (TIJ):    0.000ns
    Discrete Jitter          (DJ):    0.000ns
    Phase Error              (PE):    0.000ns

    Location             Delay type                Incr(ns)  Path(ns)    Netlist Resource(s)
  -------------------------------------------------------------------    -------------------
    T17                                               0.000     0.000 r  in_valid (IN)
                         net (fo=0)                   0.000     0.000    in_valid
    T17                  IBUF (Prop_ibuf_I_O)         0.936     0.936 r  in_valid_IBUF_inst/O
                         net (fo=2, routed)           1.372     2.308    in_valid_IBUF
    SLICE_X1Y17          LUT5 (Prop_lut5_I0_O)        0.124     2.432 r  data_0_p1[3]_i_1/O
                         net (fo=16, routed)          0.363     2.795    data_0_p1
    SLICE_X0Y16          FDRE                                         r  data_0_p1_reg[2]/CE
  -------------------------------------------------------------------    -------------------

                         (clock clk_pin_p rise edge)
                                                      0.000     0.000 r  
    M18                                               0.000     0.000 r  clk (IN)
                         net (fo=0)                   0.000     0.000    clk
    M18                  IBUF (Prop_ibuf_I_O)         0.805     0.805 r  clk_IBUF_inst/O
                         net (fo=1, routed)           1.868     2.673    clk_IBUF
    BUFGCTRL_X0Y0        BUFG (Prop_bufg_I_O)         0.091     2.764 r  clk_IBUF_BUFG_inst/O
                         net (fo=38, routed)          1.512     4.276    clk_IBUF_BUFG
    SLICE_X0Y16          FDRE                                         r  data_0_p1_reg[2]/C

Slack:                    inf
  Source:                 in_valid
                            (input port)
  Destination:            data_0_p1_reg[3]/CE
                            (rising edge-triggered cell FDRE clocked by clk_pin_p  {rise@0.000ns fall@5.000ns period=10.000ns})
  Path Group:             (none)
  Path Type:              Setup (Max at Slow Process Corner)
  Data Path Delay:        2.795ns  (logic 1.060ns (37.935%)  route 1.734ns (62.065%))
  Logic Levels:           2  (IBUF=1 LUT5=1)
  Clock Path Skew:        4.276ns (DCD - SCD + CPR)
    Destination Clock Delay (DCD):    4.276ns
    Source Clock Delay      (SCD):    0.000ns
    Clock Pessimism Removal (CPR):    0.000ns
  Clock Uncertainty:      0.025ns  ((TSJ^2 + TIJ^2)^1/2 + DJ) / 2 + PE
    Total System Jitter     (TSJ):    0.050ns
    Total Input Jitter      (TIJ):    0.000ns
    Discrete Jitter          (DJ):    0.000ns
    Phase Error              (PE):    0.000ns

    Location             Delay type                Incr(ns)  Path(ns)    Netlist Resource(s)
  -------------------------------------------------------------------    -------------------
    T17                                               0.000     0.000 r  in_valid (IN)
                         net (fo=0)                   0.000     0.000    in_valid
    T17                  IBUF (Prop_ibuf_I_O)         0.936     0.936 r  in_valid_IBUF_inst/O
                         net (fo=2, routed)           1.372     2.308    in_valid_IBUF
    SLICE_X1Y17          LUT5 (Prop_lut5_I0_O)        0.124     2.432 r  data_0_p1[3]_i_1/O
                         net (fo=16, routed)          0.363     2.795    data_0_p1
    SLICE_X0Y16          FDRE                                         r  data_0_p1_reg[3]/CE
  -------------------------------------------------------------------    -------------------

                         (clock clk_pin_p rise edge)
                                                      0.000     0.000 r  
    M18                                               0.000     0.000 r  clk (IN)
                         net (fo=0)                   0.000     0.000    clk
    M18                  IBUF (Prop_ibuf_I_O)         0.805     0.805 r  clk_IBUF_inst/O
                         net (fo=1, routed)           1.868     2.673    clk_IBUF
    BUFGCTRL_X0Y0        BUFG (Prop_bufg_I_O)         0.091     2.764 r  clk_IBUF_BUFG_inst/O
                         net (fo=38, routed)          1.512     4.276    clk_IBUF_BUFG
    SLICE_X0Y16          FDRE                                         r  data_0_p1_reg[3]/C

Slack:                    inf
  Source:                 in_valid
                            (input port)
  Destination:            data_1_p1_reg[1]/CE
                            (rising edge-triggered cell FDRE clocked by clk_pin_p  {rise@0.000ns fall@5.000ns period=10.000ns})
  Path Group:             (none)
  Path Type:              Setup (Max at Slow Process Corner)
  Data Path Delay:        2.795ns  (logic 1.060ns (37.935%)  route 1.734ns (62.065%))
  Logic Levels:           2  (IBUF=1 LUT5=1)
  Clock Path Skew:        4.276ns (DCD - SCD + CPR)
    Destination Clock Delay (DCD):    4.276ns
    Source Clock Delay      (SCD):    0.000ns
    Clock Pessimism Removal (CPR):    0.000ns
  Clock Uncertainty:      0.025ns  ((TSJ^2 + TIJ^2)^1/2 + DJ) / 2 + PE
    Total System Jitter     (TSJ):    0.050ns
    Total Input Jitter      (TIJ):    0.000ns
    Discrete Jitter          (DJ):    0.000ns
    Phase Error              (PE):    0.000ns

    Location             Delay type                Incr(ns)  Path(ns)    Netlist Resource(s)
  -------------------------------------------------------------------    -------------------
    T17                                               0.000     0.000 r  in_valid (IN)
                         net (fo=0)                   0.000     0.000    in_valid
    T17                  IBUF (Prop_ibuf_I_O)         0.936     0.936 r  in_valid_IBUF_inst/O
                         net (fo=2, routed)           1.372     2.308    in_valid_IBUF
    SLICE_X1Y17          LUT5 (Prop_lut5_I0_O)        0.124     2.432 r  data_0_p1[3]_i_1/O
                         net (fo=16, routed)          0.363     2.795    data_0_p1
    SLICE_X0Y16          FDRE                                         r  data_1_p1_reg[1]/CE
  -------------------------------------------------------------------    -------------------

                         (clock clk_pin_p rise edge)
                                                      0.000     0.000 r  
    M18                                               0.000     0.000 r  clk (IN)
                         net (fo=0)                   0.000     0.000    clk
    M18                  IBUF (Prop_ibuf_I_O)         0.805     0.805 r  clk_IBUF_inst/O
                         net (fo=1, routed)           1.868     2.673    clk_IBUF
    BUFGCTRL_X0Y0        BUFG (Prop_bufg_I_O)         0.091     2.764 r  clk_IBUF_BUFG_inst/O
                         net (fo=38, routed)          1.512     4.276    clk_IBUF_BUFG
    SLICE_X0Y16          FDRE                                         r  data_1_p1_reg[1]/C





Min Delay Paths
--------------------------------------------------------------------------------------
Slack:                    inf
  Source:                 data_in_3[1]
                            (input port)
  Destination:            data_3_p1_reg[1]/D
                            (rising edge-triggered cell FDRE clocked by clk_pin_p  {rise@0.000ns fall@5.000ns period=10.000ns})
  Path Group:             (none)
  Path Type:              Hold (Min at Fast Process Corner)
  Data Path Delay:        0.526ns  (logic 0.156ns (29.540%)  route 0.371ns (70.460%))
  Logic Levels:           1  (IBUF=1)
  Clock Path Skew:        1.932ns (DCD - SCD - CPR)
    Destination Clock Delay (DCD):    1.932ns
    Source Clock Delay      (SCD):    0.000ns
    Clock Pessimism Removal (CPR):    -0.000ns

    Location             Delay type                Incr(ns)  Path(ns)    Netlist Resource(s)
  -------------------------------------------------------------------    -------------------
    U18                                               0.000     0.000 r  data_in_3[1] (IN)
                         net (fo=0)                   0.000     0.000    data_in_3[1]
    U18                  IBUF (Prop_ibuf_I_O)         0.156     0.156 r  data_in_3_IBUF[1]_inst/O
                         net (fo=1, routed)           0.371     0.526    data_in_3_IBUF[1]
    SLICE_X1Y16          FDRE                                         r  data_3_p1_reg[1]/D
  -------------------------------------------------------------------    -------------------

                         (clock clk_pin_p rise edge)
                                                      0.000     0.000 r  
    M18                                               0.000     0.000 r  clk (IN)
                         net (fo=0)                   0.000     0.000    clk
    M18                  IBUF (Prop_ibuf_I_O)         0.356     0.356 r  clk_IBUF_inst/O
                         net (fo=1, routed)           0.689     1.044    clk_IBUF
    BUFGCTRL_X0Y0        BUFG (Prop_bufg_I_O)         0.029     1.073 r  clk_IBUF_BUFG_inst/O
                         net (fo=38, routed)          0.859     1.932    clk_IBUF_BUFG
    SLICE_X1Y16          FDRE                                         r  data_3_p1_reg[1]/C

Slack:                    inf
  Source:                 rst
                            (input port)
  Destination:            valid_p1_reg/R
                            (rising edge-triggered cell FDRE clocked by clk_pin_p  {rise@0.000ns fall@5.000ns period=10.000ns})
  Path Group:             (none)
  Path Type:              Hold (Min at Fast Process Corner)
  Data Path Delay:        0.537ns  (logic 0.165ns (30.823%)  route 0.371ns (69.177%))
  Logic Levels:           1  (IBUF=1)
  Clock Path Skew:        1.931ns (DCD - SCD - CPR)
    Destination Clock Delay (DCD):    1.931ns
    Source Clock Delay      (SCD):    0.000ns
    Clock Pessimism Removal (CPR):    -0.000ns

    Location             Delay type                Incr(ns)  Path(ns)    Netlist Resource(s)
  -------------------------------------------------------------------    -------------------
    W19                                               0.000     0.000 r  rst (IN)
                         net (fo=0)                   0.000     0.000    rst
    W19                  IBUF (Prop_ibuf_I_O)         0.165     0.165 r  rst_IBUF_inst/O
                         net (fo=23, routed)          0.371     0.537    rst_IBUF
    SLICE_X1Y17          FDRE                                         r  valid_p1_reg/R
  -------------------------------------------------------------------    -------------------

                         (clock clk_pin_p rise edge)
                                                      0.000     0.000 r  
    M18                                               0.000     0.000 r  clk (IN)
                         net (fo=0)                   0.000     0.000    clk
    M18                  IBUF (Prop_ibuf_I_O)         0.356     0.356 r  clk_IBUF_inst/O
                         net (fo=1, routed)           0.689     1.044    clk_IBUF
    BUFGCTRL_X0Y0        BUFG (Prop_bufg_I_O)         0.029     1.073 r  clk_IBUF_BUFG_inst/O
                         net (fo=38, routed)          0.858     1.931    clk_IBUF_BUFG
    SLICE_X1Y17          FDRE                                         r  valid_p1_reg/C

Slack:                    inf
  Source:                 data_in_2[3]
                            (input port)
  Destination:            data_2_p1_reg[3]/D
                            (rising edge-triggered cell FDRE clocked by clk_pin_p  {rise@0.000ns fall@5.000ns period=10.000ns})
  Path Group:             (none)
  Path Type:              Hold (Min at Fast Process Corner)
  Data Path Delay:        0.563ns  (logic 0.167ns (29.652%)  route 0.396ns (70.348%))
  Logic Levels:           1  (IBUF=1)
  Clock Path Skew:        1.932ns (DCD - SCD - CPR)
    Destination Clock Delay (DCD):    1.932ns
    Source Clock Delay      (SCD):    0.000ns
    Clock Pessimism Removal (CPR):    -0.000ns

    Location             Delay type                Incr(ns)  Path(ns)    Netlist Resource(s)
  -------------------------------------------------------------------    -------------------
    V17                                               0.000     0.000 r  data_in_2[3] (IN)
                         net (fo=0)                   0.000     0.000    data_in_2[3]
    V17                  IBUF (Prop_ibuf_I_O)         0.167     0.167 r  data_in_2_IBUF[3]_inst/O
                         net (fo=1, routed)           0.396     0.563    data_in_2_IBUF[3]
    SLICE_X1Y16          FDRE                                         r  data_2_p1_reg[3]/D
  -------------------------------------------------------------------    -------------------

                         (clock clk_pin_p rise edge)
                                                      0.000     0.000 r  
    M18                                               0.000     0.000 r  clk (IN)
                         net (fo=0)                   0.000     0.000    clk
    M18                  IBUF (Prop_ibuf_I_O)         0.356     0.356 r  clk_IBUF_inst/O
                         net (fo=1, routed)           0.689     1.044    clk_IBUF
    BUFGCTRL_X0Y0        BUFG (Prop_bufg_I_O)         0.029     1.073 r  clk_IBUF_BUFG_inst/O
                         net (fo=38, routed)          0.859     1.932    clk_IBUF_BUFG
    SLICE_X1Y16          FDRE                                         r  data_2_p1_reg[3]/C

Slack:                    inf
  Source:                 data_in_3[3]
                            (input port)
  Destination:            data_3_p1_reg[3]/D
                            (rising edge-triggered cell FDRE clocked by clk_pin_p  {rise@0.000ns fall@5.000ns period=10.000ns})
  Path Group:             (none)
  Path Type:              Hold (Min at Fast Process Corner)
  Data Path Delay:        0.567ns  (logic 0.168ns (29.609%)  route 0.399ns (70.391%))
  Logic Levels:           1  (IBUF=1)
  Clock Path Skew:        1.932ns (DCD - SCD - CPR)
    Destination Clock Delay (DCD):    1.932ns
    Source Clock Delay      (SCD):    0.000ns
    Clock Pessimism Removal (CPR):    -0.000ns

    Location             Delay type                Incr(ns)  Path(ns)    Netlist Resource(s)
  -------------------------------------------------------------------    -------------------
    T18                                               0.000     0.000 r  data_in_3[3] (IN)
                         net (fo=0)                   0.000     0.000    data_in_3[3]
    T18                  IBUF (Prop_ibuf_I_O)         0.168     0.168 r  data_in_3_IBUF[3]_inst/O
                         net (fo=1, routed)           0.399     0.567    data_in_3_IBUF[3]
    SLICE_X1Y16          FDRE                                         r  data_3_p1_reg[3]/D
  -------------------------------------------------------------------    -------------------

                         (clock clk_pin_p rise edge)
                                                      0.000     0.000 r  
    M18                                               0.000     0.000 r  clk (IN)
                         net (fo=0)                   0.000     0.000    clk
    M18                  IBUF (Prop_ibuf_I_O)         0.356     0.356 r  clk_IBUF_inst/O
                         net (fo=1, routed)           0.689     1.044    clk_IBUF
    BUFGCTRL_X0Y0        BUFG (Prop_bufg_I_O)         0.029     1.073 r  clk_IBUF_BUFG_inst/O
                         net (fo=38, routed)          0.859     1.932    clk_IBUF_BUFG
    SLICE_X1Y16          FDRE                                         r  data_3_p1_reg[3]/C

Slack:                    inf
  Source:                 data_in_3[2]
                            (input port)
  Destination:            data_3_p1_reg[2]/D
                            (rising edge-triggered cell FDRE clocked by clk_pin_p  {rise@0.000ns fall@5.000ns period=10.000ns})
  Path Group:             (none)
  Path Type:              Hold (Min at Fast Process Corner)
  Data Path Delay:        0.571ns  (logic 0.167ns (29.176%)  route 0.404ns (70.824%))
  Logic Levels:           1  (IBUF=1)
  Clock Path Skew:        1.932ns (DCD - SCD - CPR)
    Destination Clock Delay (DCD):    1.932ns
    Source Clock Delay      (SCD):    0.000ns
    Clock Pessimism Removal (CPR):    -0.000ns

    Location             Delay type                Incr(ns)  Path(ns)    Netlist Resource(s)
  -------------------------------------------------------------------    -------------------
    U17                                               0.000     0.000 r  data_in_3[2] (IN)
                         net (fo=0)                   0.000     0.000    data_in_3[2]
    U17                  IBUF (Prop_ibuf_I_O)         0.167     0.167 r  data_in_3_IBUF[2]_inst/O
                         net (fo=1, routed)           0.404     0.571    data_in_3_IBUF[2]
    SLICE_X1Y16          FDRE                                         r  data_3_p1_reg[2]/D
  -------------------------------------------------------------------    -------------------

                         (clock clk_pin_p rise edge)
                                                      0.000     0.000 r  
    M18                                               0.000     0.000 r  clk (IN)
                         net (fo=0)                   0.000     0.000    clk
    M18                  IBUF (Prop_ibuf_I_O)         0.356     0.356 r  clk_IBUF_inst/O
                         net (fo=1, routed)           0.689     1.044    clk_IBUF
    BUFGCTRL_X0Y0        BUFG (Prop_bufg_I_O)         0.029     1.073 r  clk_IBUF_BUFG_inst/O
                         net (fo=38, routed)          0.859     1.932    clk_IBUF_BUFG
    SLICE_X1Y16          FDRE                                         r  data_3_p1_reg[2]/C

Slack:                    inf
  Source:                 in_valid
                            (input port)
  Destination:            valid_p1_reg/D
                            (rising edge-triggered cell FDRE clocked by clk_pin_p  {rise@0.000ns fall@5.000ns period=10.000ns})
  Path Group:             (none)
  Path Type:              Hold (Min at Fast Process Corner)
  Data Path Delay:        0.571ns  (logic 0.165ns (28.925%)  route 0.406ns (71.075%))
  Logic Levels:           1  (IBUF=1)
  Clock Path Skew:        1.931ns (DCD - SCD - CPR)
    Destination Clock Delay (DCD):    1.931ns
    Source Clock Delay      (SCD):    0.000ns
    Clock Pessimism Removal (CPR):    -0.000ns

    Location             Delay type                Incr(ns)  Path(ns)    Netlist Resource(s)
  -------------------------------------------------------------------    -------------------
    T17                                               0.000     0.000 r  in_valid (IN)
                         net (fo=0)                   0.000     0.000    in_valid
    T17                  IBUF (Prop_ibuf_I_O)         0.165     0.165 r  in_valid_IBUF_inst/O
                         net (fo=2, routed)           0.406     0.571    in_valid_IBUF
    SLICE_X1Y17          FDRE                                         r  valid_p1_reg/D
  -------------------------------------------------------------------    -------------------

                         (clock clk_pin_p rise edge)
                                                      0.000     0.000 r  
    M18                                               0.000     0.000 r  clk (IN)
                         net (fo=0)                   0.000     0.000    clk
    M18                  IBUF (Prop_ibuf_I_O)         0.356     0.356 r  clk_IBUF_inst/O
                         net (fo=1, routed)           0.689     1.044    clk_IBUF
    BUFGCTRL_X0Y0        BUFG (Prop_bufg_I_O)         0.029     1.073 r  clk_IBUF_BUFG_inst/O
                         net (fo=38, routed)          0.858     1.931    clk_IBUF_BUFG
    SLICE_X1Y17          FDRE                                         r  valid_p1_reg/C

Slack:                    inf
  Source:                 data_in_2[2]
                            (input port)
  Destination:            data_2_p1_reg[2]/D
                            (rising edge-triggered cell FDRE clocked by clk_pin_p  {rise@0.000ns fall@5.000ns period=10.000ns})
  Path Group:             (none)
  Path Type:              Hold (Min at Fast Process Corner)
  Data Path Delay:        0.601ns  (logic 0.178ns (29.590%)  route 0.423ns (70.410%))
  Logic Levels:           1  (IBUF=1)
  Clock Path Skew:        1.932ns (DCD - SCD - CPR)
    Destination Clock Delay (DCD):    1.932ns
    Source Clock Delay      (SCD):    0.000ns
    Clock Pessimism Removal (CPR):    -0.000ns

    Location             Delay type                Incr(ns)  Path(ns)    Netlist Resource(s)
  -------------------------------------------------------------------    -------------------
    W16                                               0.000     0.000 r  data_in_2[2] (IN)
                         net (fo=0)                   0.000     0.000    data_in_2[2]
    W16                  IBUF (Prop_ibuf_I_O)         0.178     0.178 r  data_in_2_IBUF[2]_inst/O
                         net (fo=1, routed)           0.423     0.601    data_in_2_IBUF[2]
    SLICE_X1Y16          FDRE                                         r  data_2_p1_reg[2]/D
  -------------------------------------------------------------------    -------------------

                         (clock clk_pin_p rise edge)
                                                      0.000     0.000 r  
    M18                                               0.000     0.000 r  clk (IN)
                         net (fo=0)                   0.000     0.000    clk
    M18                  IBUF (Prop_ibuf_I_O)         0.356     0.356 r  clk_IBUF_inst/O
                         net (fo=1, routed)           0.689     1.044    clk_IBUF
    BUFGCTRL_X0Y0        BUFG (Prop_bufg_I_O)         0.029     1.073 r  clk_IBUF_BUFG_inst/O
                         net (fo=38, routed)          0.859     1.932    clk_IBUF_BUFG
    SLICE_X1Y16          FDRE                                         r  data_2_p1_reg[2]/C

Slack:                    inf
  Source:                 data_in_3[0]
                            (input port)
  Destination:            data_3_p1_reg[0]/D
                            (rising edge-triggered cell FDRE clocked by clk_pin_p  {rise@0.000ns fall@5.000ns period=10.000ns})
  Path Group:             (none)
  Path Type:              Hold (Min at Fast Process Corner)
  Data Path Delay:        0.611ns  (logic 0.175ns (28.719%)  route 0.435ns (71.281%))
  Logic Levels:           1  (IBUF=1)
  Clock Path Skew:        1.932ns (DCD - SCD - CPR)
    Destination Clock Delay (DCD):    1.932ns
    Source Clock Delay      (SCD):    0.000ns
    Clock Pessimism Removal (CPR):    -0.000ns

    Location             Delay type                Incr(ns)  Path(ns)    Netlist Resource(s)
  -------------------------------------------------------------------    -------------------
    V16                                               0.000     0.000 r  data_in_3[0] (IN)
                         net (fo=0)                   0.000     0.000    data_in_3[0]
    V16                  IBUF (Prop_ibuf_I_O)         0.175     0.175 r  data_in_3_IBUF[0]_inst/O
                         net (fo=1, routed)           0.435     0.611    data_in_3_IBUF[0]
    SLICE_X1Y16          FDRE                                         r  data_3_p1_reg[0]/D
  -------------------------------------------------------------------    -------------------

                         (clock clk_pin_p rise edge)
                                                      0.000     0.000 r  
    M18                                               0.000     0.000 r  clk (IN)
                         net (fo=0)                   0.000     0.000    clk
    M18                  IBUF (Prop_ibuf_I_O)         0.356     0.356 r  clk_IBUF_inst/O
                         net (fo=1, routed)           0.689     1.044    clk_IBUF
    BUFGCTRL_X0Y0        BUFG (Prop_bufg_I_O)         0.029     1.073 r  clk_IBUF_BUFG_inst/O
                         net (fo=38, routed)          0.859     1.932    clk_IBUF_BUFG
    SLICE_X1Y16          FDRE                                         r  data_3_p1_reg[0]/C

Slack:                    inf
  Source:                 data_in_2[1]
                            (input port)
  Destination:            data_2_p1_reg[1]/D
                            (rising edge-triggered cell FDRE clocked by clk_pin_p  {rise@0.000ns fall@5.000ns period=10.000ns})
  Path Group:             (none)
  Path Type:              Hold (Min at Fast Process Corner)
  Data Path Delay:        0.614ns  (logic 0.163ns (26.504%)  route 0.451ns (73.496%))
  Logic Levels:           1  (IBUF=1)
  Clock Path Skew:        1.931ns (DCD - SCD - CPR)
    Destination Clock Delay (DCD):    1.931ns
    Source Clock Delay      (SCD):    0.000ns
    Clock Pessimism Removal (CPR):    -0.000ns

    Location             Delay type                Incr(ns)  Path(ns)    Netlist Resource(s)
  -------------------------------------------------------------------    -------------------
    W17                                               0.000     0.000 r  data_in_2[1] (IN)
                         net (fo=0)                   0.000     0.000    data_in_2[1]
    W17                  IBUF (Prop_ibuf_I_O)         0.163     0.163 r  data_in_2_IBUF[1]_inst/O
                         net (fo=1, routed)           0.451     0.614    data_in_2_IBUF[1]
    SLICE_X0Y17          FDRE                                         r  data_2_p1_reg[1]/D
  -------------------------------------------------------------------    -------------------

                         (clock clk_pin_p rise edge)
                                                      0.000     0.000 r  
    M18                                               0.000     0.000 r  clk (IN)
                         net (fo=0)                   0.000     0.000    clk
    M18                  IBUF (Prop_ibuf_I_O)         0.356     0.356 r  clk_IBUF_inst/O
                         net (fo=1, routed)           0.689     1.044    clk_IBUF
    BUFGCTRL_X0Y0        BUFG (Prop_bufg_I_O)         0.029     1.073 r  clk_IBUF_BUFG_inst/O
                         net (fo=38, routed)          0.858     1.931    clk_IBUF_BUFG
    SLICE_X0Y17          FDRE                                         r  data_2_p1_reg[1]/C

Slack:                    inf
  Source:                 rst
                            (input port)
  Destination:            count_p1_reg[0]/R
                            (rising edge-triggered cell FDRE clocked by clk_pin_p  {rise@0.000ns fall@5.000ns period=10.000ns})
  Path Group:             (none)
  Path Type:              Hold (Min at Fast Process Corner)
  Data Path Delay:        0.660ns  (logic 0.165ns (25.055%)  route 0.495ns (74.945%))
  Logic Levels:           1  (IBUF=1)
  Clock Path Skew:        1.929ns (DCD - SCD - CPR)
    Destination Clock Delay (DCD):    1.929ns
    Source Clock Delay      (SCD):    0.000ns
    Clock Pessimism Removal (CPR):    -0.000ns

    Location             Delay type                Incr(ns)  Path(ns)    Netlist Resource(s)
  -------------------------------------------------------------------    -------------------
    W19                                               0.000     0.000 r  rst (IN)
                         net (fo=0)                   0.000     0.000    rst
    W19                  IBUF (Prop_ibuf_I_O)         0.165     0.165 r  rst_IBUF_inst/O
                         net (fo=23, routed)          0.495     0.660    rst_IBUF
    SLICE_X0Y19          FDRE                                         r  count_p1_reg[0]/R
  -------------------------------------------------------------------    -------------------

                         (clock clk_pin_p rise edge)
                                                      0.000     0.000 r  
    M18                                               0.000     0.000 r  clk (IN)
                         net (fo=0)                   0.000     0.000    clk
    M18                  IBUF (Prop_ibuf_I_O)         0.356     0.356 r  clk_IBUF_inst/O
                         net (fo=1, routed)           0.689     1.044    clk_IBUF
    BUFGCTRL_X0Y0        BUFG (Prop_bufg_I_O)         0.029     1.073 r  clk_IBUF_BUFG_inst/O
                         net (fo=38, routed)          0.856     1.929    clk_IBUF_BUFG
    SLICE_X0Y19          FDRE                                         r  count_p1_reg[0]/C





