Copyright 1986-2022 Xilinx, Inc. All Rights Reserved. Copyright 2022-2025 Advanced Micro Devices, Inc. All Rights Reserved.
-----------------------------------------------------------------------------------------------------------------------------------------------------------------------------------------------------------------------
| Tool Version      : Vivado v.2024.2.2 (lin64) Build 6060944 Thu Mar 06 19:10:09 MST 2025
| Date              : Sat Apr 26 04:32:57 2025
| Host              : ece-linlabsrv01.ece.gatech.edu running 64-bit Red Hat Enterprise Linux release 8.10 (Ootpa)
| Command           : report_timing_summary -max_paths 10 -report_unconstrained -file fft_top_timing_summary_routed.rpt -pb fft_top_timing_summary_routed.pb -rpx fft_top_timing_summary_routed.rpx -warn_on_violation
| Design            : fft_top
| Device            : xcku115-flva2104
| Speed File        : -3  PRODUCTION 1.26 12-04-2018
| Design State      : Routed
| Temperature Grade : E
-----------------------------------------------------------------------------------------------------------------------------------------------------------------------------------------------------------------------

Timing Summary Report

------------------------------------------------------------------------------------------------
| Timer Settings
| --------------
------------------------------------------------------------------------------------------------

  Enable Multi Corner Analysis               :  Yes
  Enable Pessimism Removal                   :  Yes
  Pessimism Removal Resolution               :  Nearest Common Node
  Enable Input Delay Default Clock           :  No
  Enable Preset / Clear Arcs                 :  No
  Disable Flight Delays                      :  No
  Ignore I/O Paths                           :  No
  Timing Early Launch at Borrowing Latches   :  No
  Borrow Time for Max Delay Exceptions       :  Yes
  Merge Timing Exceptions                    :  Yes
  Inter-SLR Compensation                     :  Conservative

  Corner  Analyze    Analyze    
  Name    Max Paths  Min Paths  
  ------  ---------  ---------  
  Slow    Yes        Yes        
  Fast    Yes        Yes        


------------------------------------------------------------------------------------------------
| Report Methodology
| ------------------
------------------------------------------------------------------------------------------------

Rule       Severity  Description                    Violations  
---------  --------  -----------------------------  ----------  
TIMING-18  Warning   Missing input or output delay  307         

Note: This report is based on the most recent report_methodology run and may not be up-to-date. Run report_methodology on the current design for the latest report.



check_timing report

Table of Contents
-----------------
1. checking no_clock (0)
2. checking constant_clock (0)
3. checking pulse_width_clock (0)
4. checking unconstrained_internal_endpoints (0)
5. checking no_input_delay (66)
6. checking no_output_delay (241)
7. checking multiple_clock (0)
8. checking generated_clocks (0)
9. checking loops (0)
10. checking partial_input_delay (0)
11. checking partial_output_delay (0)
12. checking latch_loops (0)

1. checking no_clock (0)
------------------------
 There are 0 register/latch pins with no clock.


2. checking constant_clock (0)
------------------------------
 There are 0 register/latch pins with constant_clock.


3. checking pulse_width_clock (0)
---------------------------------
 There are 0 register/latch pins which need pulse_width check


4. checking unconstrained_internal_endpoints (0)
------------------------------------------------
 There are 0 pins that are not constrained for maximum delay.

 There are 0 pins that are not constrained for maximum delay due to constant clock.


5. checking no_input_delay (66)
-------------------------------
 There are 66 input ports with no input delay specified. (HIGH)

 There are 0 input ports with no input delay but user has a false path constraint.


6. checking no_output_delay (241)
---------------------------------
 There are 241 ports with no output delay specified. (HIGH)

 There are 0 ports with no output delay but user has a false path constraint

 There are 0 ports with no output delay but with a timing clock defined on it or propagating through it


7. checking multiple_clock (0)
------------------------------
 There are 0 register/latch pins with multiple clocks.


8. checking generated_clocks (0)
--------------------------------
 There are 0 generated clocks that are not connected to a clock source.


9. checking loops (0)
---------------------
 There are 0 combinational loops in the design.


10. checking partial_input_delay (0)
------------------------------------
 There are 0 input ports with partial input delay specified.


11. checking partial_output_delay (0)
-------------------------------------
 There are 0 ports with partial output delay specified.


12. checking latch_loops (0)
----------------------------
 There are 0 combinational latch loops in the design through latch input



------------------------------------------------------------------------------------------------
| Design Timing Summary
| ---------------------
------------------------------------------------------------------------------------------------

    WNS(ns)      TNS(ns)  TNS Failing Endpoints  TNS Total Endpoints      WHS(ns)      THS(ns)  THS Failing Endpoints  THS Total Endpoints     WPWS(ns)     TPWS(ns)  TPWS Failing Endpoints  TPWS Total Endpoints  
    -------      -------  ---------------------  -------------------      -------      -------  ---------------------  -------------------     --------     --------  ----------------------  --------------------  
     18.691        0.000                      0                 1138        0.058        0.000                      0                 1138       12.225        0.000                       0                   282  


All user specified timing constraints are met.


------------------------------------------------------------------------------------------------
| Clock Summary
| -------------
------------------------------------------------------------------------------------------------

Clock      Waveform(ns)       Period(ns)      Frequency(MHz)
-----      ------------       ----------      --------------
clk_pin_p  {0.000 12.500}     25.000          40.000          


------------------------------------------------------------------------------------------------
| Intra Clock Table
| -----------------
------------------------------------------------------------------------------------------------

Clock             WNS(ns)      TNS(ns)  TNS Failing Endpoints  TNS Total Endpoints      WHS(ns)      THS(ns)  THS Failing Endpoints  THS Total Endpoints     WPWS(ns)     TPWS(ns)  TPWS Failing Endpoints  TPWS Total Endpoints  
-----             -------      -------  ---------------------  -------------------      -------      -------  ---------------------  -------------------     --------     --------  ----------------------  --------------------  
clk_pin_p          18.691        0.000                      0                 1138        0.058        0.000                      0                 1138       12.225        0.000                       0                   282  


------------------------------------------------------------------------------------------------
| Inter Clock Table
| -----------------
------------------------------------------------------------------------------------------------

From Clock    To Clock          WNS(ns)      TNS(ns)  TNS Failing Endpoints  TNS Total Endpoints      WHS(ns)      THS(ns)  THS Failing Endpoints  THS Total Endpoints  
----------    --------          -------      -------  ---------------------  -------------------      -------      -------  ---------------------  -------------------  


------------------------------------------------------------------------------------------------
| Other Path Groups Table
| -----------------------
------------------------------------------------------------------------------------------------

Path Group    From Clock    To Clock          WNS(ns)      TNS(ns)  TNS Failing Endpoints  TNS Total Endpoints      WHS(ns)      THS(ns)  THS Failing Endpoints  THS Total Endpoints  
----------    ----------    --------          -------      -------  ---------------------  -------------------      -------      -------  ---------------------  -------------------  


------------------------------------------------------------------------------------------------
| User Ignored Path Table
| -----------------------
------------------------------------------------------------------------------------------------

Path Group    From Clock    To Clock    
----------    ----------    --------    


------------------------------------------------------------------------------------------------
| Unconstrained Path Table
| ------------------------
------------------------------------------------------------------------------------------------

Path Group    From Clock    To Clock    
----------    ----------    --------    
(none)        clk_pin_p                   
(none)                      clk_pin_p     


------------------------------------------------------------------------------------------------
| Timing Details
| --------------
------------------------------------------------------------------------------------------------


---------------------------------------------------------------------------------------------------
From Clock:  clk_pin_p
  To Clock:  clk_pin_p

Setup :            0  Failing Endpoints,  Worst Slack       18.691ns,  Total Violation        0.000ns
Hold  :            0  Failing Endpoints,  Worst Slack        0.058ns,  Total Violation        0.000ns
PW    :            0  Failing Endpoints,  Worst Slack       12.225ns,  Total Violation        0.000ns
---------------------------------------------------------------------------------------------------


Max Delay Paths
--------------------------------------------------------------------------------------
Slack (MET) :             18.691ns  (required time - arrival time)
  Source:                 fft_butterfly_2_inst_0/g3_reg_reg[r][0]/C
                            (rising edge-triggered cell FDRE clocked by clk_pin_p  {rise@0.000ns fall@12.500ns period=25.000ns})
  Destination:            fft_butterfly_3_inst_0/ARG0/DSP_OUTPUT_INST/ALU_OUT[10]
                            (rising edge-triggered cell DSP_OUTPUT clocked by clk_pin_p  {rise@0.000ns fall@12.500ns period=25.000ns})
  Path Group:             clk_pin_p
  Path Type:              Setup (Max at Slow Process Corner)
  Requirement:            25.000ns  (clk_pin_p rise@25.000ns - clk_pin_p rise@0.000ns)
  Data Path Delay:        5.872ns  (logic 2.265ns (38.573%)  route 3.607ns (61.427%))
  Logic Levels:           7  (CARRY8=1 DSP_A_B_DATA=1 DSP_ALU=1 DSP_M_DATA=1 DSP_MULTIPLIER=1 DSP_PREADD_DATA=1 LUT2=1)
  Clock Path Skew:        -0.337ns (DCD - SCD + CPR)
    Destination Clock Delay (DCD):    2.772ns = ( 27.772 - 25.000 ) 
    Source Clock Delay      (SCD):    3.568ns
    Clock Pessimism Removal (CPR):    0.459ns
  Clock Uncertainty:      0.035ns  ((TSJ^2 + TIJ^2)^1/2 + DJ) / 2 + PE
    Total System Jitter     (TSJ):    0.071ns
    Total Input Jitter      (TIJ):    0.000ns
    Discrete Jitter          (DJ):    0.000ns
    Phase Error              (PE):    0.000ns
  Clock Net Delay (Source):      2.230ns (routing 0.829ns, distribution 1.401ns)
  Clock Net Delay (Destination): 1.814ns (routing 0.750ns, distribution 1.064ns)

    Location             Delay type                Incr(ns)  Path(ns)    Netlist Resource(s)
  -------------------------------------------------------------------    -------------------
                         (clock clk_pin_p rise edge)
                                                      0.000     0.000 r  
    BC10                                              0.000     0.000 r  clk (IN)
                         net (fo=0)                   0.000     0.000    clk_IBUF_inst/I
    BC10                 INBUF (Prop_INBUF_HPIOB_PAD_O)
                                                      0.540     0.540 r  clk_IBUF_inst/INBUF_INST/O
                         net (fo=1, routed)           0.079     0.619    clk_IBUF_inst/OUT
    BC10                 IBUFCTRL (Prop_IBUFCTRL_HPIOB_I_O)
                                                      0.000     0.619 r  clk_IBUF_inst/IBUFCTRL_INST/O
                         net (fo=1, routed)           0.652     1.271    clk_IBUF
    BUFGCE_X2Y48         BUFGCE (Prop_BUFCE_BUFGCE_I_O)
                                                      0.067     1.338 r  clk_IBUF_BUFG_inst/O
    X2Y2 (CLOCK_ROOT)    net (fo=361, routed)         2.230     3.568    fft_butterfly_2_inst_0/CLK
    SLICE_X78Y133        FDRE                                         r  fft_butterfly_2_inst_0/g3_reg_reg[r][0]/C
  -------------------------------------------------------------------    -------------------
    SLICE_X78Y133        FDRE (Prop_AFF_SLICEL_C_Q)
                                                      0.103     3.671 r  fft_butterfly_2_inst_0/g3_reg_reg[r][0]/Q
                         net (fo=4, routed)           0.294     3.965    fft_butterfly_2_inst_1/sub_3_r_carry__0[0]
    SLICE_X80Y134        LUT2 (Prop_A6LUT_SLICEL_I1_O)
                                                      0.163     4.128 r  fft_butterfly_2_inst_1/sub_3_r_carry_i_8/O
                         net (fo=1, routed)           0.002     4.130    fft_butterfly_3_inst_0/DSP_A_B_DATA_INST[0]
    SLICE_X80Y134        CARRY8 (Prop_CARRY8_SLICEL_S[0]_O[4])
                                                      0.242     4.372 f  fft_butterfly_3_inst_0/sub_3_r_carry/O[4]
                         net (fo=2, routed)           3.311     7.683    fft_butterfly_3_inst_0/ARG0/A[4]
    DSP48E2_X9Y88        DSP_A_B_DATA (Prop_DSP_A_B_DATA_DSP48E2_A[4]_A2_DATA[4])
                                                      0.263     7.946 r  fft_butterfly_3_inst_0/ARG0/DSP_A_B_DATA_INST/A2_DATA[4]
                         net (fo=1, routed)           0.000     7.946    fft_butterfly_3_inst_0/ARG0/DSP_A_B_DATA.A2_DATA<4>
    DSP48E2_X9Y88        DSP_PREADD_DATA (Prop_DSP_PREADD_DATA_DSP48E2_A2_DATA[4]_A2A1[4])
                                                      0.119     8.065 r  fft_butterfly_3_inst_0/ARG0/DSP_PREADD_DATA_INST/A2A1[4]
                         net (fo=1, routed)           0.000     8.065    fft_butterfly_3_inst_0/ARG0/DSP_PREADD_DATA.A2A1<4>
    DSP48E2_X9Y88        DSP_MULTIPLIER (Prop_DSP_MULTIPLIER_DSP48E2_A2A1[4]_U[10])
                                                      0.705     8.770 f  fft_butterfly_3_inst_0/ARG0/DSP_MULTIPLIER_INST/U[10]
                         net (fo=1, routed)           0.000     8.770    fft_butterfly_3_inst_0/ARG0/DSP_MULTIPLIER.U<10>
    DSP48E2_X9Y88        DSP_M_DATA (Prop_DSP_M_DATA_DSP48E2_U[10]_U_DATA[10])
                                                      0.104     8.874 r  fft_butterfly_3_inst_0/ARG0/DSP_M_DATA_INST/U_DATA[10]
                         net (fo=1, routed)           0.000     8.874    fft_butterfly_3_inst_0/ARG0/DSP_M_DATA.U_DATA<10>
    DSP48E2_X9Y88        DSP_ALU (Prop_DSP_ALU_DSP48E2_U_DATA[10]_ALU_OUT[10])
                                                      0.566     9.440 r  fft_butterfly_3_inst_0/ARG0/DSP_ALU_INST/ALU_OUT[10]
                         net (fo=1, routed)           0.000     9.440    fft_butterfly_3_inst_0/ARG0/DSP_ALU.ALU_OUT<10>
    DSP48E2_X9Y88        DSP_OUTPUT                                   r  fft_butterfly_3_inst_0/ARG0/DSP_OUTPUT_INST/ALU_OUT[10]
  -------------------------------------------------------------------    -------------------

                         (clock clk_pin_p rise edge)
                                                     25.000    25.000 r  
    BC10                                              0.000    25.000 r  clk (IN)
                         net (fo=0)                   0.000    25.000    clk_IBUF_inst/I
    BC10                 INBUF (Prop_INBUF_HPIOB_PAD_O)
                                                      0.282    25.282 r  clk_IBUF_inst/INBUF_INST/O
                         net (fo=1, routed)           0.045    25.327    clk_IBUF_inst/OUT
    BC10                 IBUFCTRL (Prop_IBUFCTRL_HPIOB_I_O)
                                                      0.000    25.327 r  clk_IBUF_inst/IBUFCTRL_INST/O
                         net (fo=1, routed)           0.571    25.898    clk_IBUF
    BUFGCE_X2Y48         BUFGCE (Prop_BUFCE_BUFGCE_I_O)
                                                      0.060    25.958 r  clk_IBUF_BUFG_inst/O
    X2Y2 (CLOCK_ROOT)    net (fo=361, routed)         1.814    27.772    fft_butterfly_3_inst_0/ARG0/CLK
    DSP48E2_X9Y88        DSP_OUTPUT                                   r  fft_butterfly_3_inst_0/ARG0/DSP_OUTPUT_INST/CLK
                         clock pessimism              0.459    28.231    
                         clock uncertainty           -0.035    28.195    
    DSP48E2_X9Y88        DSP_OUTPUT (Setup_DSP_OUTPUT_DSP48E2_CLK_ALU_OUT[10])
                                                     -0.065    28.130    fft_butterfly_3_inst_0/ARG0/DSP_OUTPUT_INST
  -------------------------------------------------------------------
                         required time                         28.130    
                         arrival time                          -9.440    
  -------------------------------------------------------------------
                         slack                                 18.691    

Slack (MET) :             18.691ns  (required time - arrival time)
  Source:                 fft_butterfly_2_inst_0/g3_reg_reg[r][0]/C
                            (rising edge-triggered cell FDRE clocked by clk_pin_p  {rise@0.000ns fall@12.500ns period=25.000ns})
  Destination:            fft_butterfly_3_inst_0/ARG0/DSP_OUTPUT_INST/ALU_OUT[11]
                            (rising edge-triggered cell DSP_OUTPUT clocked by clk_pin_p  {rise@0.000ns fall@12.500ns period=25.000ns})
  Path Group:             clk_pin_p
  Path Type:              Setup (Max at Slow Process Corner)
  Requirement:            25.000ns  (clk_pin_p rise@25.000ns - clk_pin_p rise@0.000ns)
  Data Path Delay:        5.872ns  (logic 2.265ns (38.573%)  route 3.607ns (61.427%))
  Logic Levels:           7  (CARRY8=1 DSP_A_B_DATA=1 DSP_ALU=1 DSP_M_DATA=1 DSP_MULTIPLIER=1 DSP_PREADD_DATA=1 LUT2=1)
  Clock Path Skew:        -0.337ns (DCD - SCD + CPR)
    Destination Clock Delay (DCD):    2.772ns = ( 27.772 - 25.000 ) 
    Source Clock Delay      (SCD):    3.568ns
    Clock Pessimism Removal (CPR):    0.459ns
  Clock Uncertainty:      0.035ns  ((TSJ^2 + TIJ^2)^1/2 + DJ) / 2 + PE
    Total System Jitter     (TSJ):    0.071ns
    Total Input Jitter      (TIJ):    0.000ns
    Discrete Jitter          (DJ):    0.000ns
    Phase Error              (PE):    0.000ns
  Clock Net Delay (Source):      2.230ns (routing 0.829ns, distribution 1.401ns)
  Clock Net Delay (Destination): 1.814ns (routing 0.750ns, distribution 1.064ns)

    Location             Delay type                Incr(ns)  Path(ns)    Netlist Resource(s)
  -------------------------------------------------------------------    -------------------
                         (clock clk_pin_p rise edge)
                                                      0.000     0.000 r  
    BC10                                              0.000     0.000 r  clk (IN)
                         net (fo=0)                   0.000     0.000    clk_IBUF_inst/I
    BC10                 INBUF (Prop_INBUF_HPIOB_PAD_O)
                                                      0.540     0.540 r  clk_IBUF_inst/INBUF_INST/O
                         net (fo=1, routed)           0.079     0.619    clk_IBUF_inst/OUT
    BC10                 IBUFCTRL (Prop_IBUFCTRL_HPIOB_I_O)
                                                      0.000     0.619 r  clk_IBUF_inst/IBUFCTRL_INST/O
                         net (fo=1, routed)           0.652     1.271    clk_IBUF
    BUFGCE_X2Y48         BUFGCE (Prop_BUFCE_BUFGCE_I_O)
                                                      0.067     1.338 r  clk_IBUF_BUFG_inst/O
    X2Y2 (CLOCK_ROOT)    net (fo=361, routed)         2.230     3.568    fft_butterfly_2_inst_0/CLK
    SLICE_X78Y133        FDRE                                         r  fft_butterfly_2_inst_0/g3_reg_reg[r][0]/C
  -------------------------------------------------------------------    -------------------
    SLICE_X78Y133        FDRE (Prop_AFF_SLICEL_C_Q)
                                                      0.103     3.671 r  fft_butterfly_2_inst_0/g3_reg_reg[r][0]/Q
                         net (fo=4, routed)           0.294     3.965    fft_butterfly_2_inst_1/sub_3_r_carry__0[0]
    SLICE_X80Y134        LUT2 (Prop_A6LUT_SLICEL_I1_O)
                                                      0.163     4.128 r  fft_butterfly_2_inst_1/sub_3_r_carry_i_8/O
                         net (fo=1, routed)           0.002     4.130    fft_butterfly_3_inst_0/DSP_A_B_DATA_INST[0]
    SLICE_X80Y134        CARRY8 (Prop_CARRY8_SLICEL_S[0]_O[4])
                                                      0.242     4.372 f  fft_butterfly_3_inst_0/sub_3_r_carry/O[4]
                         net (fo=2, routed)           3.311     7.683    fft_butterfly_3_inst_0/ARG0/A[4]
    DSP48E2_X9Y88        DSP_A_B_DATA (Prop_DSP_A_B_DATA_DSP48E2_A[4]_A2_DATA[4])
                                                      0.263     7.946 r  fft_butterfly_3_inst_0/ARG0/DSP_A_B_DATA_INST/A2_DATA[4]
                         net (fo=1, routed)           0.000     7.946    fft_butterfly_3_inst_0/ARG0/DSP_A_B_DATA.A2_DATA<4>
    DSP48E2_X9Y88        DSP_PREADD_DATA (Prop_DSP_PREADD_DATA_DSP48E2_A2_DATA[4]_A2A1[4])
                                                      0.119     8.065 r  fft_butterfly_3_inst_0/ARG0/DSP_PREADD_DATA_INST/A2A1[4]
                         net (fo=1, routed)           0.000     8.065    fft_butterfly_3_inst_0/ARG0/DSP_PREADD_DATA.A2A1<4>
    DSP48E2_X9Y88        DSP_MULTIPLIER (Prop_DSP_MULTIPLIER_DSP48E2_A2A1[4]_U[11])
                                                      0.705     8.770 f  fft_butterfly_3_inst_0/ARG0/DSP_MULTIPLIER_INST/U[11]
                         net (fo=1, routed)           0.000     8.770    fft_butterfly_3_inst_0/ARG0/DSP_MULTIPLIER.U<11>
    DSP48E2_X9Y88        DSP_M_DATA (Prop_DSP_M_DATA_DSP48E2_U[11]_U_DATA[11])
                                                      0.104     8.874 r  fft_butterfly_3_inst_0/ARG0/DSP_M_DATA_INST/U_DATA[11]
                         net (fo=1, routed)           0.000     8.874    fft_butterfly_3_inst_0/ARG0/DSP_M_DATA.U_DATA<11>
    DSP48E2_X9Y88        DSP_ALU (Prop_DSP_ALU_DSP48E2_U_DATA[11]_ALU_OUT[11])
                                                      0.566     9.440 r  fft_butterfly_3_inst_0/ARG0/DSP_ALU_INST/ALU_OUT[11]
                         net (fo=1, routed)           0.000     9.440    fft_butterfly_3_inst_0/ARG0/DSP_ALU.ALU_OUT<11>
    DSP48E2_X9Y88        DSP_OUTPUT                                   r  fft_butterfly_3_inst_0/ARG0/DSP_OUTPUT_INST/ALU_OUT[11]
  -------------------------------------------------------------------    -------------------

                         (clock clk_pin_p rise edge)
                                                     25.000    25.000 r  
    BC10                                              0.000    25.000 r  clk (IN)
                         net (fo=0)                   0.000    25.000    clk_IBUF_inst/I
    BC10                 INBUF (Prop_INBUF_HPIOB_PAD_O)
                                                      0.282    25.282 r  clk_IBUF_inst/INBUF_INST/O
                         net (fo=1, routed)           0.045    25.327    clk_IBUF_inst/OUT
    BC10                 IBUFCTRL (Prop_IBUFCTRL_HPIOB_I_O)
                                                      0.000    25.327 r  clk_IBUF_inst/IBUFCTRL_INST/O
                         net (fo=1, routed)           0.571    25.898    clk_IBUF
    BUFGCE_X2Y48         BUFGCE (Prop_BUFCE_BUFGCE_I_O)
                                                      0.060    25.958 r  clk_IBUF_BUFG_inst/O
    X2Y2 (CLOCK_ROOT)    net (fo=361, routed)         1.814    27.772    fft_butterfly_3_inst_0/ARG0/CLK
    DSP48E2_X9Y88        DSP_OUTPUT                                   r  fft_butterfly_3_inst_0/ARG0/DSP_OUTPUT_INST/CLK
                         clock pessimism              0.459    28.231    
                         clock uncertainty           -0.035    28.195    
    DSP48E2_X9Y88        DSP_OUTPUT (Setup_DSP_OUTPUT_DSP48E2_CLK_ALU_OUT[11])
                                                     -0.065    28.130    fft_butterfly_3_inst_0/ARG0/DSP_OUTPUT_INST
  -------------------------------------------------------------------
                         required time                         28.130    
                         arrival time                          -9.440    
  -------------------------------------------------------------------
                         slack                                 18.691    

Slack (MET) :             18.691ns  (required time - arrival time)
  Source:                 fft_butterfly_2_inst_0/g3_reg_reg[r][0]/C
                            (rising edge-triggered cell FDRE clocked by clk_pin_p  {rise@0.000ns fall@12.500ns period=25.000ns})
  Destination:            fft_butterfly_3_inst_0/ARG0/DSP_OUTPUT_INST/ALU_OUT[12]
                            (rising edge-triggered cell DSP_OUTPUT clocked by clk_pin_p  {rise@0.000ns fall@12.500ns period=25.000ns})
  Path Group:             clk_pin_p
  Path Type:              Setup (Max at Slow Process Corner)
  Requirement:            25.000ns  (clk_pin_p rise@25.000ns - clk_pin_p rise@0.000ns)
  Data Path Delay:        5.872ns  (logic 2.265ns (38.573%)  route 3.607ns (61.427%))
  Logic Levels:           7  (CARRY8=1 DSP_A_B_DATA=1 DSP_ALU=1 DSP_M_DATA=1 DSP_MULTIPLIER=1 DSP_PREADD_DATA=1 LUT2=1)
  Clock Path Skew:        -0.337ns (DCD - SCD + CPR)
    Destination Clock Delay (DCD):    2.772ns = ( 27.772 - 25.000 ) 
    Source Clock Delay      (SCD):    3.568ns
    Clock Pessimism Removal (CPR):    0.459ns
  Clock Uncertainty:      0.035ns  ((TSJ^2 + TIJ^2)^1/2 + DJ) / 2 + PE
    Total System Jitter     (TSJ):    0.071ns
    Total Input Jitter      (TIJ):    0.000ns
    Discrete Jitter          (DJ):    0.000ns
    Phase Error              (PE):    0.000ns
  Clock Net Delay (Source):      2.230ns (routing 0.829ns, distribution 1.401ns)
  Clock Net Delay (Destination): 1.814ns (routing 0.750ns, distribution 1.064ns)

    Location             Delay type                Incr(ns)  Path(ns)    Netlist Resource(s)
  -------------------------------------------------------------------    -------------------
                         (clock clk_pin_p rise edge)
                                                      0.000     0.000 r  
    BC10                                              0.000     0.000 r  clk (IN)
                         net (fo=0)                   0.000     0.000    clk_IBUF_inst/I
    BC10                 INBUF (Prop_INBUF_HPIOB_PAD_O)
                                                      0.540     0.540 r  clk_IBUF_inst/INBUF_INST/O
                         net (fo=1, routed)           0.079     0.619    clk_IBUF_inst/OUT
    BC10                 IBUFCTRL (Prop_IBUFCTRL_HPIOB_I_O)
                                                      0.000     0.619 r  clk_IBUF_inst/IBUFCTRL_INST/O
                         net (fo=1, routed)           0.652     1.271    clk_IBUF
    BUFGCE_X2Y48         BUFGCE (Prop_BUFCE_BUFGCE_I_O)
                                                      0.067     1.338 r  clk_IBUF_BUFG_inst/O
    X2Y2 (CLOCK_ROOT)    net (fo=361, routed)         2.230     3.568    fft_butterfly_2_inst_0/CLK
    SLICE_X78Y133        FDRE                                         r  fft_butterfly_2_inst_0/g3_reg_reg[r][0]/C
  -------------------------------------------------------------------    -------------------
    SLICE_X78Y133        FDRE (Prop_AFF_SLICEL_C_Q)
                                                      0.103     3.671 r  fft_butterfly_2_inst_0/g3_reg_reg[r][0]/Q
                         net (fo=4, routed)           0.294     3.965    fft_butterfly_2_inst_1/sub_3_r_carry__0[0]
    SLICE_X80Y134        LUT2 (Prop_A6LUT_SLICEL_I1_O)
                                                      0.163     4.128 r  fft_butterfly_2_inst_1/sub_3_r_carry_i_8/O
                         net (fo=1, routed)           0.002     4.130    fft_butterfly_3_inst_0/DSP_A_B_DATA_INST[0]
    SLICE_X80Y134        CARRY8 (Prop_CARRY8_SLICEL_S[0]_O[4])
                                                      0.242     4.372 f  fft_butterfly_3_inst_0/sub_3_r_carry/O[4]
                         net (fo=2, routed)           3.311     7.683    fft_butterfly_3_inst_0/ARG0/A[4]
    DSP48E2_X9Y88        DSP_A_B_DATA (Prop_DSP_A_B_DATA_DSP48E2_A[4]_A2_DATA[4])
                                                      0.263     7.946 r  fft_butterfly_3_inst_0/ARG0/DSP_A_B_DATA_INST/A2_DATA[4]
                         net (fo=1, routed)           0.000     7.946    fft_butterfly_3_inst_0/ARG0/DSP_A_B_DATA.A2_DATA<4>
    DSP48E2_X9Y88        DSP_PREADD_DATA (Prop_DSP_PREADD_DATA_DSP48E2_A2_DATA[4]_A2A1[4])
                                                      0.119     8.065 r  fft_butterfly_3_inst_0/ARG0/DSP_PREADD_DATA_INST/A2A1[4]
                         net (fo=1, routed)           0.000     8.065    fft_butterfly_3_inst_0/ARG0/DSP_PREADD_DATA.A2A1<4>
    DSP48E2_X9Y88        DSP_MULTIPLIER (Prop_DSP_MULTIPLIER_DSP48E2_A2A1[4]_U[12])
                                                      0.705     8.770 f  fft_butterfly_3_inst_0/ARG0/DSP_MULTIPLIER_INST/U[12]
                         net (fo=1, routed)           0.000     8.770    fft_butterfly_3_inst_0/ARG0/DSP_MULTIPLIER.U<12>
    DSP48E2_X9Y88        DSP_M_DATA (Prop_DSP_M_DATA_DSP48E2_U[12]_U_DATA[12])
                                                      0.104     8.874 r  fft_butterfly_3_inst_0/ARG0/DSP_M_DATA_INST/U_DATA[12]
                         net (fo=1, routed)           0.000     8.874    fft_butterfly_3_inst_0/ARG0/DSP_M_DATA.U_DATA<12>
    DSP48E2_X9Y88        DSP_ALU (Prop_DSP_ALU_DSP48E2_U_DATA[12]_ALU_OUT[12])
                                                      0.566     9.440 r  fft_butterfly_3_inst_0/ARG0/DSP_ALU_INST/ALU_OUT[12]
                         net (fo=1, routed)           0.000     9.440    fft_butterfly_3_inst_0/ARG0/DSP_ALU.ALU_OUT<12>
    DSP48E2_X9Y88        DSP_OUTPUT                                   r  fft_butterfly_3_inst_0/ARG0/DSP_OUTPUT_INST/ALU_OUT[12]
  -------------------------------------------------------------------    -------------------

                         (clock clk_pin_p rise edge)
                                                     25.000    25.000 r  
    BC10                                              0.000    25.000 r  clk (IN)
                         net (fo=0)                   0.000    25.000    clk_IBUF_inst/I
    BC10                 INBUF (Prop_INBUF_HPIOB_PAD_O)
                                                      0.282    25.282 r  clk_IBUF_inst/INBUF_INST/O
                         net (fo=1, routed)           0.045    25.327    clk_IBUF_inst/OUT
    BC10                 IBUFCTRL (Prop_IBUFCTRL_HPIOB_I_O)
                                                      0.000    25.327 r  clk_IBUF_inst/IBUFCTRL_INST/O
                         net (fo=1, routed)           0.571    25.898    clk_IBUF
    BUFGCE_X2Y48         BUFGCE (Prop_BUFCE_BUFGCE_I_O)
                                                      0.060    25.958 r  clk_IBUF_BUFG_inst/O
    X2Y2 (CLOCK_ROOT)    net (fo=361, routed)         1.814    27.772    fft_butterfly_3_inst_0/ARG0/CLK
    DSP48E2_X9Y88        DSP_OUTPUT                                   r  fft_butterfly_3_inst_0/ARG0/DSP_OUTPUT_INST/CLK
                         clock pessimism              0.459    28.231    
                         clock uncertainty           -0.035    28.195    
    DSP48E2_X9Y88        DSP_OUTPUT (Setup_DSP_OUTPUT_DSP48E2_CLK_ALU_OUT[12])
                                                     -0.065    28.130    fft_butterfly_3_inst_0/ARG0/DSP_OUTPUT_INST
  -------------------------------------------------------------------
                         required time                         28.130    
                         arrival time                          -9.440    
  -------------------------------------------------------------------
                         slack                                 18.691    

Slack (MET) :             18.691ns  (required time - arrival time)
  Source:                 fft_butterfly_2_inst_0/g3_reg_reg[r][0]/C
                            (rising edge-triggered cell FDRE clocked by clk_pin_p  {rise@0.000ns fall@12.500ns period=25.000ns})
  Destination:            fft_butterfly_3_inst_0/ARG0/DSP_OUTPUT_INST/ALU_OUT[13]
                            (rising edge-triggered cell DSP_OUTPUT clocked by clk_pin_p  {rise@0.000ns fall@12.500ns period=25.000ns})
  Path Group:             clk_pin_p
  Path Type:              Setup (Max at Slow Process Corner)
  Requirement:            25.000ns  (clk_pin_p rise@25.000ns - clk_pin_p rise@0.000ns)
  Data Path Delay:        5.872ns  (logic 2.265ns (38.573%)  route 3.607ns (61.427%))
  Logic Levels:           7  (CARRY8=1 DSP_A_B_DATA=1 DSP_ALU=1 DSP_M_DATA=1 DSP_MULTIPLIER=1 DSP_PREADD_DATA=1 LUT2=1)
  Clock Path Skew:        -0.337ns (DCD - SCD + CPR)
    Destination Clock Delay (DCD):    2.772ns = ( 27.772 - 25.000 ) 
    Source Clock Delay      (SCD):    3.568ns
    Clock Pessimism Removal (CPR):    0.459ns
  Clock Uncertainty:      0.035ns  ((TSJ^2 + TIJ^2)^1/2 + DJ) / 2 + PE
    Total System Jitter     (TSJ):    0.071ns
    Total Input Jitter      (TIJ):    0.000ns
    Discrete Jitter          (DJ):    0.000ns
    Phase Error              (PE):    0.000ns
  Clock Net Delay (Source):      2.230ns (routing 0.829ns, distribution 1.401ns)
  Clock Net Delay (Destination): 1.814ns (routing 0.750ns, distribution 1.064ns)

    Location             Delay type                Incr(ns)  Path(ns)    Netlist Resource(s)
  -------------------------------------------------------------------    -------------------
                         (clock clk_pin_p rise edge)
                                                      0.000     0.000 r  
    BC10                                              0.000     0.000 r  clk (IN)
                         net (fo=0)                   0.000     0.000    clk_IBUF_inst/I
    BC10                 INBUF (Prop_INBUF_HPIOB_PAD_O)
                                                      0.540     0.540 r  clk_IBUF_inst/INBUF_INST/O
                         net (fo=1, routed)           0.079     0.619    clk_IBUF_inst/OUT
    BC10                 IBUFCTRL (Prop_IBUFCTRL_HPIOB_I_O)
                                                      0.000     0.619 r  clk_IBUF_inst/IBUFCTRL_INST/O
                         net (fo=1, routed)           0.652     1.271    clk_IBUF
    BUFGCE_X2Y48         BUFGCE (Prop_BUFCE_BUFGCE_I_O)
                                                      0.067     1.338 r  clk_IBUF_BUFG_inst/O
    X2Y2 (CLOCK_ROOT)    net (fo=361, routed)         2.230     3.568    fft_butterfly_2_inst_0/CLK
    SLICE_X78Y133        FDRE                                         r  fft_butterfly_2_inst_0/g3_reg_reg[r][0]/C
  -------------------------------------------------------------------    -------------------
    SLICE_X78Y133        FDRE (Prop_AFF_SLICEL_C_Q)
                                                      0.103     3.671 r  fft_butterfly_2_inst_0/g3_reg_reg[r][0]/Q
                         net (fo=4, routed)           0.294     3.965    fft_butterfly_2_inst_1/sub_3_r_carry__0[0]
    SLICE_X80Y134        LUT2 (Prop_A6LUT_SLICEL_I1_O)
                                                      0.163     4.128 r  fft_butterfly_2_inst_1/sub_3_r_carry_i_8/O
                         net (fo=1, routed)           0.002     4.130    fft_butterfly_3_inst_0/DSP_A_B_DATA_INST[0]
    SLICE_X80Y134        CARRY8 (Prop_CARRY8_SLICEL_S[0]_O[4])
                                                      0.242     4.372 f  fft_butterfly_3_inst_0/sub_3_r_carry/O[4]
                         net (fo=2, routed)           3.311     7.683    fft_butterfly_3_inst_0/ARG0/A[4]
    DSP48E2_X9Y88        DSP_A_B_DATA (Prop_DSP_A_B_DATA_DSP48E2_A[4]_A2_DATA[4])
                                                      0.263     7.946 r  fft_butterfly_3_inst_0/ARG0/DSP_A_B_DATA_INST/A2_DATA[4]
                         net (fo=1, routed)           0.000     7.946    fft_butterfly_3_inst_0/ARG0/DSP_A_B_DATA.A2_DATA<4>
    DSP48E2_X9Y88        DSP_PREADD_DATA (Prop_DSP_PREADD_DATA_DSP48E2_A2_DATA[4]_A2A1[4])
                                                      0.119     8.065 r  fft_butterfly_3_inst_0/ARG0/DSP_PREADD_DATA_INST/A2A1[4]
                         net (fo=1, routed)           0.000     8.065    fft_butterfly_3_inst_0/ARG0/DSP_PREADD_DATA.A2A1<4>
    DSP48E2_X9Y88        DSP_MULTIPLIER (Prop_DSP_MULTIPLIER_DSP48E2_A2A1[4]_U[13])
                                                      0.705     8.770 f  fft_butterfly_3_inst_0/ARG0/DSP_MULTIPLIER_INST/U[13]
                         net (fo=1, routed)           0.000     8.770    fft_butterfly_3_inst_0/ARG0/DSP_MULTIPLIER.U<13>
    DSP48E2_X9Y88        DSP_M_DATA (Prop_DSP_M_DATA_DSP48E2_U[13]_U_DATA[13])
                                                      0.104     8.874 r  fft_butterfly_3_inst_0/ARG0/DSP_M_DATA_INST/U_DATA[13]
                         net (fo=1, routed)           0.000     8.874    fft_butterfly_3_inst_0/ARG0/DSP_M_DATA.U_DATA<13>
    DSP48E2_X9Y88        DSP_ALU (Prop_DSP_ALU_DSP48E2_U_DATA[13]_ALU_OUT[13])
                                                      0.566     9.440 r  fft_butterfly_3_inst_0/ARG0/DSP_ALU_INST/ALU_OUT[13]
                         net (fo=1, routed)           0.000     9.440    fft_butterfly_3_inst_0/ARG0/DSP_ALU.ALU_OUT<13>
    DSP48E2_X9Y88        DSP_OUTPUT                                   r  fft_butterfly_3_inst_0/ARG0/DSP_OUTPUT_INST/ALU_OUT[13]
  -------------------------------------------------------------------    -------------------

                         (clock clk_pin_p rise edge)
                                                     25.000    25.000 r  
    BC10                                              0.000    25.000 r  clk (IN)
                         net (fo=0)                   0.000    25.000    clk_IBUF_inst/I
    BC10                 INBUF (Prop_INBUF_HPIOB_PAD_O)
                                                      0.282    25.282 r  clk_IBUF_inst/INBUF_INST/O
                         net (fo=1, routed)           0.045    25.327    clk_IBUF_inst/OUT
    BC10                 IBUFCTRL (Prop_IBUFCTRL_HPIOB_I_O)
                                                      0.000    25.327 r  clk_IBUF_inst/IBUFCTRL_INST/O
                         net (fo=1, routed)           0.571    25.898    clk_IBUF
    BUFGCE_X2Y48         BUFGCE (Prop_BUFCE_BUFGCE_I_O)
                                                      0.060    25.958 r  clk_IBUF_BUFG_inst/O
    X2Y2 (CLOCK_ROOT)    net (fo=361, routed)         1.814    27.772    fft_butterfly_3_inst_0/ARG0/CLK
    DSP48E2_X9Y88        DSP_OUTPUT                                   r  fft_butterfly_3_inst_0/ARG0/DSP_OUTPUT_INST/CLK
                         clock pessimism              0.459    28.231    
                         clock uncertainty           -0.035    28.195    
    DSP48E2_X9Y88        DSP_OUTPUT (Setup_DSP_OUTPUT_DSP48E2_CLK_ALU_OUT[13])
                                                     -0.065    28.130    fft_butterfly_3_inst_0/ARG0/DSP_OUTPUT_INST
  -------------------------------------------------------------------
                         required time                         28.130    
                         arrival time                          -9.440    
  -------------------------------------------------------------------
                         slack                                 18.691    

Slack (MET) :             18.691ns  (required time - arrival time)
  Source:                 fft_butterfly_2_inst_0/g3_reg_reg[r][0]/C
                            (rising edge-triggered cell FDRE clocked by clk_pin_p  {rise@0.000ns fall@12.500ns period=25.000ns})
  Destination:            fft_butterfly_3_inst_0/ARG0/DSP_OUTPUT_INST/ALU_OUT[14]
                            (rising edge-triggered cell DSP_OUTPUT clocked by clk_pin_p  {rise@0.000ns fall@12.500ns period=25.000ns})
  Path Group:             clk_pin_p
  Path Type:              Setup (Max at Slow Process Corner)
  Requirement:            25.000ns  (clk_pin_p rise@25.000ns - clk_pin_p rise@0.000ns)
  Data Path Delay:        5.872ns  (logic 2.265ns (38.573%)  route 3.607ns (61.427%))
  Logic Levels:           7  (CARRY8=1 DSP_A_B_DATA=1 DSP_ALU=1 DSP_M_DATA=1 DSP_MULTIPLIER=1 DSP_PREADD_DATA=1 LUT2=1)
  Clock Path Skew:        -0.337ns (DCD - SCD + CPR)
    Destination Clock Delay (DCD):    2.772ns = ( 27.772 - 25.000 ) 
    Source Clock Delay      (SCD):    3.568ns
    Clock Pessimism Removal (CPR):    0.459ns
  Clock Uncertainty:      0.035ns  ((TSJ^2 + TIJ^2)^1/2 + DJ) / 2 + PE
    Total System Jitter     (TSJ):    0.071ns
    Total Input Jitter      (TIJ):    0.000ns
    Discrete Jitter          (DJ):    0.000ns
    Phase Error              (PE):    0.000ns
  Clock Net Delay (Source):      2.230ns (routing 0.829ns, distribution 1.401ns)
  Clock Net Delay (Destination): 1.814ns (routing 0.750ns, distribution 1.064ns)

    Location             Delay type                Incr(ns)  Path(ns)    Netlist Resource(s)
  -------------------------------------------------------------------    -------------------
                         (clock clk_pin_p rise edge)
                                                      0.000     0.000 r  
    BC10                                              0.000     0.000 r  clk (IN)
                         net (fo=0)                   0.000     0.000    clk_IBUF_inst/I
    BC10                 INBUF (Prop_INBUF_HPIOB_PAD_O)
                                                      0.540     0.540 r  clk_IBUF_inst/INBUF_INST/O
                         net (fo=1, routed)           0.079     0.619    clk_IBUF_inst/OUT
    BC10                 IBUFCTRL (Prop_IBUFCTRL_HPIOB_I_O)
                                                      0.000     0.619 r  clk_IBUF_inst/IBUFCTRL_INST/O
                         net (fo=1, routed)           0.652     1.271    clk_IBUF
    BUFGCE_X2Y48         BUFGCE (Prop_BUFCE_BUFGCE_I_O)
                                                      0.067     1.338 r  clk_IBUF_BUFG_inst/O
    X2Y2 (CLOCK_ROOT)    net (fo=361, routed)         2.230     3.568    fft_butterfly_2_inst_0/CLK
    SLICE_X78Y133        FDRE                                         r  fft_butterfly_2_inst_0/g3_reg_reg[r][0]/C
  -------------------------------------------------------------------    -------------------
    SLICE_X78Y133        FDRE (Prop_AFF_SLICEL_C_Q)
                                                      0.103     3.671 r  fft_butterfly_2_inst_0/g3_reg_reg[r][0]/Q
                         net (fo=4, routed)           0.294     3.965    fft_butterfly_2_inst_1/sub_3_r_carry__0[0]
    SLICE_X80Y134        LUT2 (Prop_A6LUT_SLICEL_I1_O)
                                                      0.163     4.128 r  fft_butterfly_2_inst_1/sub_3_r_carry_i_8/O
                         net (fo=1, routed)           0.002     4.130    fft_butterfly_3_inst_0/DSP_A_B_DATA_INST[0]
    SLICE_X80Y134        CARRY8 (Prop_CARRY8_SLICEL_S[0]_O[4])
                                                      0.242     4.372 f  fft_butterfly_3_inst_0/sub_3_r_carry/O[4]
                         net (fo=2, routed)           3.311     7.683    fft_butterfly_3_inst_0/ARG0/A[4]
    DSP48E2_X9Y88        DSP_A_B_DATA (Prop_DSP_A_B_DATA_DSP48E2_A[4]_A2_DATA[4])
                                                      0.263     7.946 r  fft_butterfly_3_inst_0/ARG0/DSP_A_B_DATA_INST/A2_DATA[4]
                         net (fo=1, routed)           0.000     7.946    fft_butterfly_3_inst_0/ARG0/DSP_A_B_DATA.A2_DATA<4>
    DSP48E2_X9Y88        DSP_PREADD_DATA (Prop_DSP_PREADD_DATA_DSP48E2_A2_DATA[4]_A2A1[4])
                                                      0.119     8.065 r  fft_butterfly_3_inst_0/ARG0/DSP_PREADD_DATA_INST/A2A1[4]
                         net (fo=1, routed)           0.000     8.065    fft_butterfly_3_inst_0/ARG0/DSP_PREADD_DATA.A2A1<4>
    DSP48E2_X9Y88        DSP_MULTIPLIER (Prop_DSP_MULTIPLIER_DSP48E2_A2A1[4]_U[14])
                                                      0.705     8.770 f  fft_butterfly_3_inst_0/ARG0/DSP_MULTIPLIER_INST/U[14]
                         net (fo=1, routed)           0.000     8.770    fft_butterfly_3_inst_0/ARG0/DSP_MULTIPLIER.U<14>
    DSP48E2_X9Y88        DSP_M_DATA (Prop_DSP_M_DATA_DSP48E2_U[14]_U_DATA[14])
                                                      0.104     8.874 r  fft_butterfly_3_inst_0/ARG0/DSP_M_DATA_INST/U_DATA[14]
                         net (fo=1, routed)           0.000     8.874    fft_butterfly_3_inst_0/ARG0/DSP_M_DATA.U_DATA<14>
    DSP48E2_X9Y88        DSP_ALU (Prop_DSP_ALU_DSP48E2_U_DATA[14]_ALU_OUT[14])
                                                      0.566     9.440 r  fft_butterfly_3_inst_0/ARG0/DSP_ALU_INST/ALU_OUT[14]
                         net (fo=1, routed)           0.000     9.440    fft_butterfly_3_inst_0/ARG0/DSP_ALU.ALU_OUT<14>
    DSP48E2_X9Y88        DSP_OUTPUT                                   r  fft_butterfly_3_inst_0/ARG0/DSP_OUTPUT_INST/ALU_OUT[14]
  -------------------------------------------------------------------    -------------------

                         (clock clk_pin_p rise edge)
                                                     25.000    25.000 r  
    BC10                                              0.000    25.000 r  clk (IN)
                         net (fo=0)                   0.000    25.000    clk_IBUF_inst/I
    BC10                 INBUF (Prop_INBUF_HPIOB_PAD_O)
                                                      0.282    25.282 r  clk_IBUF_inst/INBUF_INST/O
                         net (fo=1, routed)           0.045    25.327    clk_IBUF_inst/OUT
    BC10                 IBUFCTRL (Prop_IBUFCTRL_HPIOB_I_O)
                                                      0.000    25.327 r  clk_IBUF_inst/IBUFCTRL_INST/O
                         net (fo=1, routed)           0.571    25.898    clk_IBUF
    BUFGCE_X2Y48         BUFGCE (Prop_BUFCE_BUFGCE_I_O)
                                                      0.060    25.958 r  clk_IBUF_BUFG_inst/O
    X2Y2 (CLOCK_ROOT)    net (fo=361, routed)         1.814    27.772    fft_butterfly_3_inst_0/ARG0/CLK
    DSP48E2_X9Y88        DSP_OUTPUT                                   r  fft_butterfly_3_inst_0/ARG0/DSP_OUTPUT_INST/CLK
                         clock pessimism              0.459    28.231    
                         clock uncertainty           -0.035    28.195    
    DSP48E2_X9Y88        DSP_OUTPUT (Setup_DSP_OUTPUT_DSP48E2_CLK_ALU_OUT[14])
                                                     -0.065    28.130    fft_butterfly_3_inst_0/ARG0/DSP_OUTPUT_INST
  -------------------------------------------------------------------
                         required time                         28.130    
                         arrival time                          -9.440    
  -------------------------------------------------------------------
                         slack                                 18.691    

Slack (MET) :             18.691ns  (required time - arrival time)
  Source:                 fft_butterfly_2_inst_0/g3_reg_reg[r][0]/C
                            (rising edge-triggered cell FDRE clocked by clk_pin_p  {rise@0.000ns fall@12.500ns period=25.000ns})
  Destination:            fft_butterfly_3_inst_0/ARG0/DSP_OUTPUT_INST/ALU_OUT[15]
                            (rising edge-triggered cell DSP_OUTPUT clocked by clk_pin_p  {rise@0.000ns fall@12.500ns period=25.000ns})
  Path Group:             clk_pin_p
  Path Type:              Setup (Max at Slow Process Corner)
  Requirement:            25.000ns  (clk_pin_p rise@25.000ns - clk_pin_p rise@0.000ns)
  Data Path Delay:        5.872ns  (logic 2.265ns (38.573%)  route 3.607ns (61.427%))
  Logic Levels:           7  (CARRY8=1 DSP_A_B_DATA=1 DSP_ALU=1 DSP_M_DATA=1 DSP_MULTIPLIER=1 DSP_PREADD_DATA=1 LUT2=1)
  Clock Path Skew:        -0.337ns (DCD - SCD + CPR)
    Destination Clock Delay (DCD):    2.772ns = ( 27.772 - 25.000 ) 
    Source Clock Delay      (SCD):    3.568ns
    Clock Pessimism Removal (CPR):    0.459ns
  Clock Uncertainty:      0.035ns  ((TSJ^2 + TIJ^2)^1/2 + DJ) / 2 + PE
    Total System Jitter     (TSJ):    0.071ns
    Total Input Jitter      (TIJ):    0.000ns
    Discrete Jitter          (DJ):    0.000ns
    Phase Error              (PE):    0.000ns
  Clock Net Delay (Source):      2.230ns (routing 0.829ns, distribution 1.401ns)
  Clock Net Delay (Destination): 1.814ns (routing 0.750ns, distribution 1.064ns)

    Location             Delay type                Incr(ns)  Path(ns)    Netlist Resource(s)
  -------------------------------------------------------------------    -------------------
                         (clock clk_pin_p rise edge)
                                                      0.000     0.000 r  
    BC10                                              0.000     0.000 r  clk (IN)
                         net (fo=0)                   0.000     0.000    clk_IBUF_inst/I
    BC10                 INBUF (Prop_INBUF_HPIOB_PAD_O)
                                                      0.540     0.540 r  clk_IBUF_inst/INBUF_INST/O
                         net (fo=1, routed)           0.079     0.619    clk_IBUF_inst/OUT
    BC10                 IBUFCTRL (Prop_IBUFCTRL_HPIOB_I_O)
                                                      0.000     0.619 r  clk_IBUF_inst/IBUFCTRL_INST/O
                         net (fo=1, routed)           0.652     1.271    clk_IBUF
    BUFGCE_X2Y48         BUFGCE (Prop_BUFCE_BUFGCE_I_O)
                                                      0.067     1.338 r  clk_IBUF_BUFG_inst/O
    X2Y2 (CLOCK_ROOT)    net (fo=361, routed)         2.230     3.568    fft_butterfly_2_inst_0/CLK
    SLICE_X78Y133        FDRE                                         r  fft_butterfly_2_inst_0/g3_reg_reg[r][0]/C
  -------------------------------------------------------------------    -------------------
    SLICE_X78Y133        FDRE (Prop_AFF_SLICEL_C_Q)
                                                      0.103     3.671 r  fft_butterfly_2_inst_0/g3_reg_reg[r][0]/Q
                         net (fo=4, routed)           0.294     3.965    fft_butterfly_2_inst_1/sub_3_r_carry__0[0]
    SLICE_X80Y134        LUT2 (Prop_A6LUT_SLICEL_I1_O)
                                                      0.163     4.128 r  fft_butterfly_2_inst_1/sub_3_r_carry_i_8/O
                         net (fo=1, routed)           0.002     4.130    fft_butterfly_3_inst_0/DSP_A_B_DATA_INST[0]
    SLICE_X80Y134        CARRY8 (Prop_CARRY8_SLICEL_S[0]_O[4])
                                                      0.242     4.372 f  fft_butterfly_3_inst_0/sub_3_r_carry/O[4]
                         net (fo=2, routed)           3.311     7.683    fft_butterfly_3_inst_0/ARG0/A[4]
    DSP48E2_X9Y88        DSP_A_B_DATA (Prop_DSP_A_B_DATA_DSP48E2_A[4]_A2_DATA[4])
                                                      0.263     7.946 r  fft_butterfly_3_inst_0/ARG0/DSP_A_B_DATA_INST/A2_DATA[4]
                         net (fo=1, routed)           0.000     7.946    fft_butterfly_3_inst_0/ARG0/DSP_A_B_DATA.A2_DATA<4>
    DSP48E2_X9Y88        DSP_PREADD_DATA (Prop_DSP_PREADD_DATA_DSP48E2_A2_DATA[4]_A2A1[4])
                                                      0.119     8.065 r  fft_butterfly_3_inst_0/ARG0/DSP_PREADD_DATA_INST/A2A1[4]
                         net (fo=1, routed)           0.000     8.065    fft_butterfly_3_inst_0/ARG0/DSP_PREADD_DATA.A2A1<4>
    DSP48E2_X9Y88        DSP_MULTIPLIER (Prop_DSP_MULTIPLIER_DSP48E2_A2A1[4]_U[15])
                                                      0.705     8.770 f  fft_butterfly_3_inst_0/ARG0/DSP_MULTIPLIER_INST/U[15]
                         net (fo=1, routed)           0.000     8.770    fft_butterfly_3_inst_0/ARG0/DSP_MULTIPLIER.U<15>
    DSP48E2_X9Y88        DSP_M_DATA (Prop_DSP_M_DATA_DSP48E2_U[15]_U_DATA[15])
                                                      0.104     8.874 r  fft_butterfly_3_inst_0/ARG0/DSP_M_DATA_INST/U_DATA[15]
                         net (fo=1, routed)           0.000     8.874    fft_butterfly_3_inst_0/ARG0/DSP_M_DATA.U_DATA<15>
    DSP48E2_X9Y88        DSP_ALU (Prop_DSP_ALU_DSP48E2_U_DATA[15]_ALU_OUT[15])
                                                      0.566     9.440 r  fft_butterfly_3_inst_0/ARG0/DSP_ALU_INST/ALU_OUT[15]
                         net (fo=1, routed)           0.000     9.440    fft_butterfly_3_inst_0/ARG0/DSP_ALU.ALU_OUT<15>
    DSP48E2_X9Y88        DSP_OUTPUT                                   r  fft_butterfly_3_inst_0/ARG0/DSP_OUTPUT_INST/ALU_OUT[15]
  -------------------------------------------------------------------    -------------------

                         (clock clk_pin_p rise edge)
                                                     25.000    25.000 r  
    BC10                                              0.000    25.000 r  clk (IN)
                         net (fo=0)                   0.000    25.000    clk_IBUF_inst/I
    BC10                 INBUF (Prop_INBUF_HPIOB_PAD_O)
                                                      0.282    25.282 r  clk_IBUF_inst/INBUF_INST/O
                         net (fo=1, routed)           0.045    25.327    clk_IBUF_inst/OUT
    BC10                 IBUFCTRL (Prop_IBUFCTRL_HPIOB_I_O)
                                                      0.000    25.327 r  clk_IBUF_inst/IBUFCTRL_INST/O
                         net (fo=1, routed)           0.571    25.898    clk_IBUF
    BUFGCE_X2Y48         BUFGCE (Prop_BUFCE_BUFGCE_I_O)
                                                      0.060    25.958 r  clk_IBUF_BUFG_inst/O
    X2Y2 (CLOCK_ROOT)    net (fo=361, routed)         1.814    27.772    fft_butterfly_3_inst_0/ARG0/CLK
    DSP48E2_X9Y88        DSP_OUTPUT                                   r  fft_butterfly_3_inst_0/ARG0/DSP_OUTPUT_INST/CLK
                         clock pessimism              0.459    28.231    
                         clock uncertainty           -0.035    28.195    
    DSP48E2_X9Y88        DSP_OUTPUT (Setup_DSP_OUTPUT_DSP48E2_CLK_ALU_OUT[15])
                                                     -0.065    28.130    fft_butterfly_3_inst_0/ARG0/DSP_OUTPUT_INST
  -------------------------------------------------------------------
                         required time                         28.130    
                         arrival time                          -9.440    
  -------------------------------------------------------------------
                         slack                                 18.691    

Slack (MET) :             18.691ns  (required time - arrival time)
  Source:                 fft_butterfly_2_inst_0/g3_reg_reg[r][0]/C
                            (rising edge-triggered cell FDRE clocked by clk_pin_p  {rise@0.000ns fall@12.500ns period=25.000ns})
  Destination:            fft_butterfly_3_inst_0/ARG0/DSP_OUTPUT_INST/ALU_OUT[16]
                            (rising edge-triggered cell DSP_OUTPUT clocked by clk_pin_p  {rise@0.000ns fall@12.500ns period=25.000ns})
  Path Group:             clk_pin_p
  Path Type:              Setup (Max at Slow Process Corner)
  Requirement:            25.000ns  (clk_pin_p rise@25.000ns - clk_pin_p rise@0.000ns)
  Data Path Delay:        5.872ns  (logic 2.265ns (38.573%)  route 3.607ns (61.427%))
  Logic Levels:           7  (CARRY8=1 DSP_A_B_DATA=1 DSP_ALU=1 DSP_M_DATA=1 DSP_MULTIPLIER=1 DSP_PREADD_DATA=1 LUT2=1)
  Clock Path Skew:        -0.337ns (DCD - SCD + CPR)
    Destination Clock Delay (DCD):    2.772ns = ( 27.772 - 25.000 ) 
    Source Clock Delay      (SCD):    3.568ns
    Clock Pessimism Removal (CPR):    0.459ns
  Clock Uncertainty:      0.035ns  ((TSJ^2 + TIJ^2)^1/2 + DJ) / 2 + PE
    Total System Jitter     (TSJ):    0.071ns
    Total Input Jitter      (TIJ):    0.000ns
    Discrete Jitter          (DJ):    0.000ns
    Phase Error              (PE):    0.000ns
  Clock Net Delay (Source):      2.230ns (routing 0.829ns, distribution 1.401ns)
  Clock Net Delay (Destination): 1.814ns (routing 0.750ns, distribution 1.064ns)

    Location             Delay type                Incr(ns)  Path(ns)    Netlist Resource(s)
  -------------------------------------------------------------------    -------------------
                         (clock clk_pin_p rise edge)
                                                      0.000     0.000 r  
    BC10                                              0.000     0.000 r  clk (IN)
                         net (fo=0)                   0.000     0.000    clk_IBUF_inst/I
    BC10                 INBUF (Prop_INBUF_HPIOB_PAD_O)
                                                      0.540     0.540 r  clk_IBUF_inst/INBUF_INST/O
                         net (fo=1, routed)           0.079     0.619    clk_IBUF_inst/OUT
    BC10                 IBUFCTRL (Prop_IBUFCTRL_HPIOB_I_O)
                                                      0.000     0.619 r  clk_IBUF_inst/IBUFCTRL_INST/O
                         net (fo=1, routed)           0.652     1.271    clk_IBUF
    BUFGCE_X2Y48         BUFGCE (Prop_BUFCE_BUFGCE_I_O)
                                                      0.067     1.338 r  clk_IBUF_BUFG_inst/O
    X2Y2 (CLOCK_ROOT)    net (fo=361, routed)         2.230     3.568    fft_butterfly_2_inst_0/CLK
    SLICE_X78Y133        FDRE                                         r  fft_butterfly_2_inst_0/g3_reg_reg[r][0]/C
  -------------------------------------------------------------------    -------------------
    SLICE_X78Y133        FDRE (Prop_AFF_SLICEL_C_Q)
                                                      0.103     3.671 r  fft_butterfly_2_inst_0/g3_reg_reg[r][0]/Q
                         net (fo=4, routed)           0.294     3.965    fft_butterfly_2_inst_1/sub_3_r_carry__0[0]
    SLICE_X80Y134        LUT2 (Prop_A6LUT_SLICEL_I1_O)
                                                      0.163     4.128 r  fft_butterfly_2_inst_1/sub_3_r_carry_i_8/O
                         net (fo=1, routed)           0.002     4.130    fft_butterfly_3_inst_0/DSP_A_B_DATA_INST[0]
    SLICE_X80Y134        CARRY8 (Prop_CARRY8_SLICEL_S[0]_O[4])
                                                      0.242     4.372 f  fft_butterfly_3_inst_0/sub_3_r_carry/O[4]
                         net (fo=2, routed)           3.311     7.683    fft_butterfly_3_inst_0/ARG0/A[4]
    DSP48E2_X9Y88        DSP_A_B_DATA (Prop_DSP_A_B_DATA_DSP48E2_A[4]_A2_DATA[4])
                                                      0.263     7.946 r  fft_butterfly_3_inst_0/ARG0/DSP_A_B_DATA_INST/A2_DATA[4]
                         net (fo=1, routed)           0.000     7.946    fft_butterfly_3_inst_0/ARG0/DSP_A_B_DATA.A2_DATA<4>
    DSP48E2_X9Y88        DSP_PREADD_DATA (Prop_DSP_PREADD_DATA_DSP48E2_A2_DATA[4]_A2A1[4])
                                                      0.119     8.065 r  fft_butterfly_3_inst_0/ARG0/DSP_PREADD_DATA_INST/A2A1[4]
                         net (fo=1, routed)           0.000     8.065    fft_butterfly_3_inst_0/ARG0/DSP_PREADD_DATA.A2A1<4>
    DSP48E2_X9Y88        DSP_MULTIPLIER (Prop_DSP_MULTIPLIER_DSP48E2_A2A1[4]_U[16])
                                                      0.705     8.770 f  fft_butterfly_3_inst_0/ARG0/DSP_MULTIPLIER_INST/U[16]
                         net (fo=1, routed)           0.000     8.770    fft_butterfly_3_inst_0/ARG0/DSP_MULTIPLIER.U<16>
    DSP48E2_X9Y88        DSP_M_DATA (Prop_DSP_M_DATA_DSP48E2_U[16]_U_DATA[16])
                                                      0.104     8.874 r  fft_butterfly_3_inst_0/ARG0/DSP_M_DATA_INST/U_DATA[16]
                         net (fo=1, routed)           0.000     8.874    fft_butterfly_3_inst_0/ARG0/DSP_M_DATA.U_DATA<16>
    DSP48E2_X9Y88        DSP_ALU (Prop_DSP_ALU_DSP48E2_U_DATA[16]_ALU_OUT[16])
                                                      0.566     9.440 r  fft_butterfly_3_inst_0/ARG0/DSP_ALU_INST/ALU_OUT[16]
                         net (fo=1, routed)           0.000     9.440    fft_butterfly_3_inst_0/ARG0/DSP_ALU.ALU_OUT<16>
    DSP48E2_X9Y88        DSP_OUTPUT                                   r  fft_butterfly_3_inst_0/ARG0/DSP_OUTPUT_INST/ALU_OUT[16]
  -------------------------------------------------------------------    -------------------

                         (clock clk_pin_p rise edge)
                                                     25.000    25.000 r  
    BC10                                              0.000    25.000 r  clk (IN)
                         net (fo=0)                   0.000    25.000    clk_IBUF_inst/I
    BC10                 INBUF (Prop_INBUF_HPIOB_PAD_O)
                                                      0.282    25.282 r  clk_IBUF_inst/INBUF_INST/O
                         net (fo=1, routed)           0.045    25.327    clk_IBUF_inst/OUT
    BC10                 IBUFCTRL (Prop_IBUFCTRL_HPIOB_I_O)
                                                      0.000    25.327 r  clk_IBUF_inst/IBUFCTRL_INST/O
                         net (fo=1, routed)           0.571    25.898    clk_IBUF
    BUFGCE_X2Y48         BUFGCE (Prop_BUFCE_BUFGCE_I_O)
                                                      0.060    25.958 r  clk_IBUF_BUFG_inst/O
    X2Y2 (CLOCK_ROOT)    net (fo=361, routed)         1.814    27.772    fft_butterfly_3_inst_0/ARG0/CLK
    DSP48E2_X9Y88        DSP_OUTPUT                                   r  fft_butterfly_3_inst_0/ARG0/DSP_OUTPUT_INST/CLK
                         clock pessimism              0.459    28.231    
                         clock uncertainty           -0.035    28.195    
    DSP48E2_X9Y88        DSP_OUTPUT (Setup_DSP_OUTPUT_DSP48E2_CLK_ALU_OUT[16])
                                                     -0.065    28.130    fft_butterfly_3_inst_0/ARG0/DSP_OUTPUT_INST
  -------------------------------------------------------------------
                         required time                         28.130    
                         arrival time                          -9.440    
  -------------------------------------------------------------------
                         slack                                 18.691    

Slack (MET) :             18.691ns  (required time - arrival time)
  Source:                 fft_butterfly_2_inst_0/g3_reg_reg[r][0]/C
                            (rising edge-triggered cell FDRE clocked by clk_pin_p  {rise@0.000ns fall@12.500ns period=25.000ns})
  Destination:            fft_butterfly_3_inst_0/ARG0/DSP_OUTPUT_INST/ALU_OUT[17]
                            (rising edge-triggered cell DSP_OUTPUT clocked by clk_pin_p  {rise@0.000ns fall@12.500ns period=25.000ns})
  Path Group:             clk_pin_p
  Path Type:              Setup (Max at Slow Process Corner)
  Requirement:            25.000ns  (clk_pin_p rise@25.000ns - clk_pin_p rise@0.000ns)
  Data Path Delay:        5.872ns  (logic 2.265ns (38.573%)  route 3.607ns (61.427%))
  Logic Levels:           7  (CARRY8=1 DSP_A_B_DATA=1 DSP_ALU=1 DSP_M_DATA=1 DSP_MULTIPLIER=1 DSP_PREADD_DATA=1 LUT2=1)
  Clock Path Skew:        -0.337ns (DCD - SCD + CPR)
    Destination Clock Delay (DCD):    2.772ns = ( 27.772 - 25.000 ) 
    Source Clock Delay      (SCD):    3.568ns
    Clock Pessimism Removal (CPR):    0.459ns
  Clock Uncertainty:      0.035ns  ((TSJ^2 + TIJ^2)^1/2 + DJ) / 2 + PE
    Total System Jitter     (TSJ):    0.071ns
    Total Input Jitter      (TIJ):    0.000ns
    Discrete Jitter          (DJ):    0.000ns
    Phase Error              (PE):    0.000ns
  Clock Net Delay (Source):      2.230ns (routing 0.829ns, distribution 1.401ns)
  Clock Net Delay (Destination): 1.814ns (routing 0.750ns, distribution 1.064ns)

    Location             Delay type                Incr(ns)  Path(ns)    Netlist Resource(s)
  -------------------------------------------------------------------    -------------------
                         (clock clk_pin_p rise edge)
                                                      0.000     0.000 r  
    BC10                                              0.000     0.000 r  clk (IN)
                         net (fo=0)                   0.000     0.000    clk_IBUF_inst/I
    BC10                 INBUF (Prop_INBUF_HPIOB_PAD_O)
                                                      0.540     0.540 r  clk_IBUF_inst/INBUF_INST/O
                         net (fo=1, routed)           0.079     0.619    clk_IBUF_inst/OUT
    BC10                 IBUFCTRL (Prop_IBUFCTRL_HPIOB_I_O)
                                                      0.000     0.619 r  clk_IBUF_inst/IBUFCTRL_INST/O
                         net (fo=1, routed)           0.652     1.271    clk_IBUF
    BUFGCE_X2Y48         BUFGCE (Prop_BUFCE_BUFGCE_I_O)
                                                      0.067     1.338 r  clk_IBUF_BUFG_inst/O
    X2Y2 (CLOCK_ROOT)    net (fo=361, routed)         2.230     3.568    fft_butterfly_2_inst_0/CLK
    SLICE_X78Y133        FDRE                                         r  fft_butterfly_2_inst_0/g3_reg_reg[r][0]/C
  -------------------------------------------------------------------    -------------------
    SLICE_X78Y133        FDRE (Prop_AFF_SLICEL_C_Q)
                                                      0.103     3.671 r  fft_butterfly_2_inst_0/g3_reg_reg[r][0]/Q
                         net (fo=4, routed)           0.294     3.965    fft_butterfly_2_inst_1/sub_3_r_carry__0[0]
    SLICE_X80Y134        LUT2 (Prop_A6LUT_SLICEL_I1_O)
                                                      0.163     4.128 r  fft_butterfly_2_inst_1/sub_3_r_carry_i_8/O
                         net (fo=1, routed)           0.002     4.130    fft_butterfly_3_inst_0/DSP_A_B_DATA_INST[0]
    SLICE_X80Y134        CARRY8 (Prop_CARRY8_SLICEL_S[0]_O[4])
                                                      0.242     4.372 f  fft_butterfly_3_inst_0/sub_3_r_carry/O[4]
                         net (fo=2, routed)           3.311     7.683    fft_butterfly_3_inst_0/ARG0/A[4]
    DSP48E2_X9Y88        DSP_A_B_DATA (Prop_DSP_A_B_DATA_DSP48E2_A[4]_A2_DATA[4])
                                                      0.263     7.946 r  fft_butterfly_3_inst_0/ARG0/DSP_A_B_DATA_INST/A2_DATA[4]
                         net (fo=1, routed)           0.000     7.946    fft_butterfly_3_inst_0/ARG0/DSP_A_B_DATA.A2_DATA<4>
    DSP48E2_X9Y88        DSP_PREADD_DATA (Prop_DSP_PREADD_DATA_DSP48E2_A2_DATA[4]_A2A1[4])
                                                      0.119     8.065 r  fft_butterfly_3_inst_0/ARG0/DSP_PREADD_DATA_INST/A2A1[4]
                         net (fo=1, routed)           0.000     8.065    fft_butterfly_3_inst_0/ARG0/DSP_PREADD_DATA.A2A1<4>
    DSP48E2_X9Y88        DSP_MULTIPLIER (Prop_DSP_MULTIPLIER_DSP48E2_A2A1[4]_U[17])
                                                      0.705     8.770 f  fft_butterfly_3_inst_0/ARG0/DSP_MULTIPLIER_INST/U[17]
                         net (fo=1, routed)           0.000     8.770    fft_butterfly_3_inst_0/ARG0/DSP_MULTIPLIER.U<17>
    DSP48E2_X9Y88        DSP_M_DATA (Prop_DSP_M_DATA_DSP48E2_U[17]_U_DATA[17])
                                                      0.104     8.874 r  fft_butterfly_3_inst_0/ARG0/DSP_M_DATA_INST/U_DATA[17]
                         net (fo=1, routed)           0.000     8.874    fft_butterfly_3_inst_0/ARG0/DSP_M_DATA.U_DATA<17>
    DSP48E2_X9Y88        DSP_ALU (Prop_DSP_ALU_DSP48E2_U_DATA[17]_ALU_OUT[17])
                                                      0.566     9.440 r  fft_butterfly_3_inst_0/ARG0/DSP_ALU_INST/ALU_OUT[17]
                         net (fo=1, routed)           0.000     9.440    fft_butterfly_3_inst_0/ARG0/DSP_ALU.ALU_OUT<17>
    DSP48E2_X9Y88        DSP_OUTPUT                                   r  fft_butterfly_3_inst_0/ARG0/DSP_OUTPUT_INST/ALU_OUT[17]
  -------------------------------------------------------------------    -------------------

                         (clock clk_pin_p rise edge)
                                                     25.000    25.000 r  
    BC10                                              0.000    25.000 r  clk (IN)
                         net (fo=0)                   0.000    25.000    clk_IBUF_inst/I
    BC10                 INBUF (Prop_INBUF_HPIOB_PAD_O)
                                                      0.282    25.282 r  clk_IBUF_inst/INBUF_INST/O
                         net (fo=1, routed)           0.045    25.327    clk_IBUF_inst/OUT
    BC10                 IBUFCTRL (Prop_IBUFCTRL_HPIOB_I_O)
                                                      0.000    25.327 r  clk_IBUF_inst/IBUFCTRL_INST/O
                         net (fo=1, routed)           0.571    25.898    clk_IBUF
    BUFGCE_X2Y48         BUFGCE (Prop_BUFCE_BUFGCE_I_O)
                                                      0.060    25.958 r  clk_IBUF_BUFG_inst/O
    X2Y2 (CLOCK_ROOT)    net (fo=361, routed)         1.814    27.772    fft_butterfly_3_inst_0/ARG0/CLK
    DSP48E2_X9Y88        DSP_OUTPUT                                   r  fft_butterfly_3_inst_0/ARG0/DSP_OUTPUT_INST/CLK
                         clock pessimism              0.459    28.231    
                         clock uncertainty           -0.035    28.195    
    DSP48E2_X9Y88        DSP_OUTPUT (Setup_DSP_OUTPUT_DSP48E2_CLK_ALU_OUT[17])
                                                     -0.065    28.130    fft_butterfly_3_inst_0/ARG0/DSP_OUTPUT_INST
  -------------------------------------------------------------------
                         required time                         28.130    
                         arrival time                          -9.440    
  -------------------------------------------------------------------
                         slack                                 18.691    

Slack (MET) :             18.691ns  (required time - arrival time)
  Source:                 fft_butterfly_2_inst_0/g3_reg_reg[r][0]/C
                            (rising edge-triggered cell FDRE clocked by clk_pin_p  {rise@0.000ns fall@12.500ns period=25.000ns})
  Destination:            fft_butterfly_3_inst_0/ARG0/DSP_OUTPUT_INST/ALU_OUT[18]
                            (rising edge-triggered cell DSP_OUTPUT clocked by clk_pin_p  {rise@0.000ns fall@12.500ns period=25.000ns})
  Path Group:             clk_pin_p
  Path Type:              Setup (Max at Slow Process Corner)
  Requirement:            25.000ns  (clk_pin_p rise@25.000ns - clk_pin_p rise@0.000ns)
  Data Path Delay:        5.872ns  (logic 2.265ns (38.573%)  route 3.607ns (61.427%))
  Logic Levels:           7  (CARRY8=1 DSP_A_B_DATA=1 DSP_ALU=1 DSP_M_DATA=1 DSP_MULTIPLIER=1 DSP_PREADD_DATA=1 LUT2=1)
  Clock Path Skew:        -0.337ns (DCD - SCD + CPR)
    Destination Clock Delay (DCD):    2.772ns = ( 27.772 - 25.000 ) 
    Source Clock Delay      (SCD):    3.568ns
    Clock Pessimism Removal (CPR):    0.459ns
  Clock Uncertainty:      0.035ns  ((TSJ^2 + TIJ^2)^1/2 + DJ) / 2 + PE
    Total System Jitter     (TSJ):    0.071ns
    Total Input Jitter      (TIJ):    0.000ns
    Discrete Jitter          (DJ):    0.000ns
    Phase Error              (PE):    0.000ns
  Clock Net Delay (Source):      2.230ns (routing 0.829ns, distribution 1.401ns)
  Clock Net Delay (Destination): 1.814ns (routing 0.750ns, distribution 1.064ns)

    Location             Delay type                Incr(ns)  Path(ns)    Netlist Resource(s)
  -------------------------------------------------------------------    -------------------
                         (clock clk_pin_p rise edge)
                                                      0.000     0.000 r  
    BC10                                              0.000     0.000 r  clk (IN)
                         net (fo=0)                   0.000     0.000    clk_IBUF_inst/I
    BC10                 INBUF (Prop_INBUF_HPIOB_PAD_O)
                                                      0.540     0.540 r  clk_IBUF_inst/INBUF_INST/O
                         net (fo=1, routed)           0.079     0.619    clk_IBUF_inst/OUT
    BC10                 IBUFCTRL (Prop_IBUFCTRL_HPIOB_I_O)
                                                      0.000     0.619 r  clk_IBUF_inst/IBUFCTRL_INST/O
                         net (fo=1, routed)           0.652     1.271    clk_IBUF
    BUFGCE_X2Y48         BUFGCE (Prop_BUFCE_BUFGCE_I_O)
                                                      0.067     1.338 r  clk_IBUF_BUFG_inst/O
    X2Y2 (CLOCK_ROOT)    net (fo=361, routed)         2.230     3.568    fft_butterfly_2_inst_0/CLK
    SLICE_X78Y133        FDRE                                         r  fft_butterfly_2_inst_0/g3_reg_reg[r][0]/C
  -------------------------------------------------------------------    -------------------
    SLICE_X78Y133        FDRE (Prop_AFF_SLICEL_C_Q)
                                                      0.103     3.671 r  fft_butterfly_2_inst_0/g3_reg_reg[r][0]/Q
                         net (fo=4, routed)           0.294     3.965    fft_butterfly_2_inst_1/sub_3_r_carry__0[0]
    SLICE_X80Y134        LUT2 (Prop_A6LUT_SLICEL_I1_O)
                                                      0.163     4.128 r  fft_butterfly_2_inst_1/sub_3_r_carry_i_8/O
                         net (fo=1, routed)           0.002     4.130    fft_butterfly_3_inst_0/DSP_A_B_DATA_INST[0]
    SLICE_X80Y134        CARRY8 (Prop_CARRY8_SLICEL_S[0]_O[4])
                                                      0.242     4.372 f  fft_butterfly_3_inst_0/sub_3_r_carry/O[4]
                         net (fo=2, routed)           3.311     7.683    fft_butterfly_3_inst_0/ARG0/A[4]
    DSP48E2_X9Y88        DSP_A_B_DATA (Prop_DSP_A_B_DATA_DSP48E2_A[4]_A2_DATA[4])
                                                      0.263     7.946 r  fft_butterfly_3_inst_0/ARG0/DSP_A_B_DATA_INST/A2_DATA[4]
                         net (fo=1, routed)           0.000     7.946    fft_butterfly_3_inst_0/ARG0/DSP_A_B_DATA.A2_DATA<4>
    DSP48E2_X9Y88        DSP_PREADD_DATA (Prop_DSP_PREADD_DATA_DSP48E2_A2_DATA[4]_A2A1[4])
                                                      0.119     8.065 r  fft_butterfly_3_inst_0/ARG0/DSP_PREADD_DATA_INST/A2A1[4]
                         net (fo=1, routed)           0.000     8.065    fft_butterfly_3_inst_0/ARG0/DSP_PREADD_DATA.A2A1<4>
    DSP48E2_X9Y88        DSP_MULTIPLIER (Prop_DSP_MULTIPLIER_DSP48E2_A2A1[4]_U[18])
                                                      0.705     8.770 f  fft_butterfly_3_inst_0/ARG0/DSP_MULTIPLIER_INST/U[18]
                         net (fo=1, routed)           0.000     8.770    fft_butterfly_3_inst_0/ARG0/DSP_MULTIPLIER.U<18>
    DSP48E2_X9Y88        DSP_M_DATA (Prop_DSP_M_DATA_DSP48E2_U[18]_U_DATA[18])
                                                      0.104     8.874 r  fft_butterfly_3_inst_0/ARG0/DSP_M_DATA_INST/U_DATA[18]
                         net (fo=1, routed)           0.000     8.874    fft_butterfly_3_inst_0/ARG0/DSP_M_DATA.U_DATA<18>
    DSP48E2_X9Y88        DSP_ALU (Prop_DSP_ALU_DSP48E2_U_DATA[18]_ALU_OUT[18])
                                                      0.566     9.440 r  fft_butterfly_3_inst_0/ARG0/DSP_ALU_INST/ALU_OUT[18]
                         net (fo=1, routed)           0.000     9.440    fft_butterfly_3_inst_0/ARG0/DSP_ALU.ALU_OUT<18>
    DSP48E2_X9Y88        DSP_OUTPUT                                   r  fft_butterfly_3_inst_0/ARG0/DSP_OUTPUT_INST/ALU_OUT[18]
  -------------------------------------------------------------------    -------------------

                         (clock clk_pin_p rise edge)
                                                     25.000    25.000 r  
    BC10                                              0.000    25.000 r  clk (IN)
                         net (fo=0)                   0.000    25.000    clk_IBUF_inst/I
    BC10                 INBUF (Prop_INBUF_HPIOB_PAD_O)
                                                      0.282    25.282 r  clk_IBUF_inst/INBUF_INST/O
                         net (fo=1, routed)           0.045    25.327    clk_IBUF_inst/OUT
    BC10                 IBUFCTRL (Prop_IBUFCTRL_HPIOB_I_O)
                                                      0.000    25.327 r  clk_IBUF_inst/IBUFCTRL_INST/O
                         net (fo=1, routed)           0.571    25.898    clk_IBUF
    BUFGCE_X2Y48         BUFGCE (Prop_BUFCE_BUFGCE_I_O)
                                                      0.060    25.958 r  clk_IBUF_BUFG_inst/O
    X2Y2 (CLOCK_ROOT)    net (fo=361, routed)         1.814    27.772    fft_butterfly_3_inst_0/ARG0/CLK
    DSP48E2_X9Y88        DSP_OUTPUT                                   r  fft_butterfly_3_inst_0/ARG0/DSP_OUTPUT_INST/CLK
                         clock pessimism              0.459    28.231    
                         clock uncertainty           -0.035    28.195    
    DSP48E2_X9Y88        DSP_OUTPUT (Setup_DSP_OUTPUT_DSP48E2_CLK_ALU_OUT[18])
                                                     -0.065    28.130    fft_butterfly_3_inst_0/ARG0/DSP_OUTPUT_INST
  -------------------------------------------------------------------
                         required time                         28.130    
                         arrival time                          -9.440    
  -------------------------------------------------------------------
                         slack                                 18.691    

Slack (MET) :             18.691ns  (required time - arrival time)
  Source:                 fft_butterfly_2_inst_0/g3_reg_reg[r][0]/C
                            (rising edge-triggered cell FDRE clocked by clk_pin_p  {rise@0.000ns fall@12.500ns period=25.000ns})
  Destination:            fft_butterfly_3_inst_0/ARG0/DSP_OUTPUT_INST/ALU_OUT[19]
                            (rising edge-triggered cell DSP_OUTPUT clocked by clk_pin_p  {rise@0.000ns fall@12.500ns period=25.000ns})
  Path Group:             clk_pin_p
  Path Type:              Setup (Max at Slow Process Corner)
  Requirement:            25.000ns  (clk_pin_p rise@25.000ns - clk_pin_p rise@0.000ns)
  Data Path Delay:        5.872ns  (logic 2.265ns (38.573%)  route 3.607ns (61.427%))
  Logic Levels:           7  (CARRY8=1 DSP_A_B_DATA=1 DSP_ALU=1 DSP_M_DATA=1 DSP_MULTIPLIER=1 DSP_PREADD_DATA=1 LUT2=1)
  Clock Path Skew:        -0.337ns (DCD - SCD + CPR)
    Destination Clock Delay (DCD):    2.772ns = ( 27.772 - 25.000 ) 
    Source Clock Delay      (SCD):    3.568ns
    Clock Pessimism Removal (CPR):    0.459ns
  Clock Uncertainty:      0.035ns  ((TSJ^2 + TIJ^2)^1/2 + DJ) / 2 + PE
    Total System Jitter     (TSJ):    0.071ns
    Total Input Jitter      (TIJ):    0.000ns
    Discrete Jitter          (DJ):    0.000ns
    Phase Error              (PE):    0.000ns
  Clock Net Delay (Source):      2.230ns (routing 0.829ns, distribution 1.401ns)
  Clock Net Delay (Destination): 1.814ns (routing 0.750ns, distribution 1.064ns)

    Location             Delay type                Incr(ns)  Path(ns)    Netlist Resource(s)
  -------------------------------------------------------------------    -------------------
                         (clock clk_pin_p rise edge)
                                                      0.000     0.000 r  
    BC10                                              0.000     0.000 r  clk (IN)
                         net (fo=0)                   0.000     0.000    clk_IBUF_inst/I
    BC10                 INBUF (Prop_INBUF_HPIOB_PAD_O)
                                                      0.540     0.540 r  clk_IBUF_inst/INBUF_INST/O
                         net (fo=1, routed)           0.079     0.619    clk_IBUF_inst/OUT
    BC10                 IBUFCTRL (Prop_IBUFCTRL_HPIOB_I_O)
                                                      0.000     0.619 r  clk_IBUF_inst/IBUFCTRL_INST/O
                         net (fo=1, routed)           0.652     1.271    clk_IBUF
    BUFGCE_X2Y48         BUFGCE (Prop_BUFCE_BUFGCE_I_O)
                                                      0.067     1.338 r  clk_IBUF_BUFG_inst/O
    X2Y2 (CLOCK_ROOT)    net (fo=361, routed)         2.230     3.568    fft_butterfly_2_inst_0/CLK
    SLICE_X78Y133        FDRE                                         r  fft_butterfly_2_inst_0/g3_reg_reg[r][0]/C
  -------------------------------------------------------------------    -------------------
    SLICE_X78Y133        FDRE (Prop_AFF_SLICEL_C_Q)
                                                      0.103     3.671 r  fft_butterfly_2_inst_0/g3_reg_reg[r][0]/Q
                         net (fo=4, routed)           0.294     3.965    fft_butterfly_2_inst_1/sub_3_r_carry__0[0]
    SLICE_X80Y134        LUT2 (Prop_A6LUT_SLICEL_I1_O)
                                                      0.163     4.128 r  fft_butterfly_2_inst_1/sub_3_r_carry_i_8/O
                         net (fo=1, routed)           0.002     4.130    fft_butterfly_3_inst_0/DSP_A_B_DATA_INST[0]
    SLICE_X80Y134        CARRY8 (Prop_CARRY8_SLICEL_S[0]_O[4])
                                                      0.242     4.372 f  fft_butterfly_3_inst_0/sub_3_r_carry/O[4]
                         net (fo=2, routed)           3.311     7.683    fft_butterfly_3_inst_0/ARG0/A[4]
    DSP48E2_X9Y88        DSP_A_B_DATA (Prop_DSP_A_B_DATA_DSP48E2_A[4]_A2_DATA[4])
                                                      0.263     7.946 r  fft_butterfly_3_inst_0/ARG0/DSP_A_B_DATA_INST/A2_DATA[4]
                         net (fo=1, routed)           0.000     7.946    fft_butterfly_3_inst_0/ARG0/DSP_A_B_DATA.A2_DATA<4>
    DSP48E2_X9Y88        DSP_PREADD_DATA (Prop_DSP_PREADD_DATA_DSP48E2_A2_DATA[4]_A2A1[4])
                                                      0.119     8.065 r  fft_butterfly_3_inst_0/ARG0/DSP_PREADD_DATA_INST/A2A1[4]
                         net (fo=1, routed)           0.000     8.065    fft_butterfly_3_inst_0/ARG0/DSP_PREADD_DATA.A2A1<4>
    DSP48E2_X9Y88        DSP_MULTIPLIER (Prop_DSP_MULTIPLIER_DSP48E2_A2A1[4]_U[19])
                                                      0.705     8.770 f  fft_butterfly_3_inst_0/ARG0/DSP_MULTIPLIER_INST/U[19]
                         net (fo=1, routed)           0.000     8.770    fft_butterfly_3_inst_0/ARG0/DSP_MULTIPLIER.U<19>
    DSP48E2_X9Y88        DSP_M_DATA (Prop_DSP_M_DATA_DSP48E2_U[19]_U_DATA[19])
                                                      0.104     8.874 r  fft_butterfly_3_inst_0/ARG0/DSP_M_DATA_INST/U_DATA[19]
                         net (fo=1, routed)           0.000     8.874    fft_butterfly_3_inst_0/ARG0/DSP_M_DATA.U_DATA<19>
    DSP48E2_X9Y88        DSP_ALU (Prop_DSP_ALU_DSP48E2_U_DATA[19]_ALU_OUT[19])
                                                      0.566     9.440 r  fft_butterfly_3_inst_0/ARG0/DSP_ALU_INST/ALU_OUT[19]
                         net (fo=1, routed)           0.000     9.440    fft_butterfly_3_inst_0/ARG0/DSP_ALU.ALU_OUT<19>
    DSP48E2_X9Y88        DSP_OUTPUT                                   r  fft_butterfly_3_inst_0/ARG0/DSP_OUTPUT_INST/ALU_OUT[19]
  -------------------------------------------------------------------    -------------------

                         (clock clk_pin_p rise edge)
                                                     25.000    25.000 r  
    BC10                                              0.000    25.000 r  clk (IN)
                         net (fo=0)                   0.000    25.000    clk_IBUF_inst/I
    BC10                 INBUF (Prop_INBUF_HPIOB_PAD_O)
                                                      0.282    25.282 r  clk_IBUF_inst/INBUF_INST/O
                         net (fo=1, routed)           0.045    25.327    clk_IBUF_inst/OUT
    BC10                 IBUFCTRL (Prop_IBUFCTRL_HPIOB_I_O)
                                                      0.000    25.327 r  clk_IBUF_inst/IBUFCTRL_INST/O
                         net (fo=1, routed)           0.571    25.898    clk_IBUF
    BUFGCE_X2Y48         BUFGCE (Prop_BUFCE_BUFGCE_I_O)
                                                      0.060    25.958 r  clk_IBUF_BUFG_inst/O
    X2Y2 (CLOCK_ROOT)    net (fo=361, routed)         1.814    27.772    fft_butterfly_3_inst_0/ARG0/CLK
    DSP48E2_X9Y88        DSP_OUTPUT                                   r  fft_butterfly_3_inst_0/ARG0/DSP_OUTPUT_INST/CLK
                         clock pessimism              0.459    28.231    
                         clock uncertainty           -0.035    28.195    
    DSP48E2_X9Y88        DSP_OUTPUT (Setup_DSP_OUTPUT_DSP48E2_CLK_ALU_OUT[19])
                                                     -0.065    28.130    fft_butterfly_3_inst_0/ARG0/DSP_OUTPUT_INST
  -------------------------------------------------------------------
                         required time                         28.130    
                         arrival time                          -9.440    
  -------------------------------------------------------------------
                         slack                                 18.691    





Min Delay Paths
--------------------------------------------------------------------------------------
Slack (MET) :             0.058ns  (arrival time - required time)
  Source:                 fft_butterfly_1_inst_0/g2_reg_reg[r][7]/C
                            (rising edge-triggered cell FDRE clocked by clk_pin_p  {rise@0.000ns fall@12.500ns period=25.000ns})
  Destination:            fft_butterfly_2_inst_2/g3_reg_reg[r][7]/D
                            (rising edge-triggered cell FDRE clocked by clk_pin_p  {rise@0.000ns fall@12.500ns period=25.000ns})
  Path Group:             clk_pin_p
  Path Type:              Hold (Min at Fast Process Corner)
  Requirement:            0.000ns  (clk_pin_p rise@0.000ns - clk_pin_p rise@0.000ns)
  Data Path Delay:        0.150ns  (logic 0.049ns (32.667%)  route 0.101ns (67.333%))
  Logic Levels:           0  
  Clock Path Skew:        0.037ns (DCD - SCD - CPR)
    Destination Clock Delay (DCD):    2.383ns
    Source Clock Delay      (SCD):    1.765ns
    Clock Pessimism Removal (CPR):    0.581ns
  Clock Net Delay (Source):      1.139ns (routing 0.457ns, distribution 0.682ns)
  Clock Net Delay (Destination): 1.327ns (routing 0.504ns, distribution 0.823ns)

    Location             Delay type                Incr(ns)  Path(ns)    Netlist Resource(s)
  -------------------------------------------------------------------    -------------------
                         (clock clk_pin_p rise edge)
                                                      0.000     0.000 r  
    BC10                                              0.000     0.000 r  clk (IN)
                         net (fo=0)                   0.000     0.000    clk_IBUF_inst/I
    BC10                 INBUF (Prop_INBUF_HPIOB_PAD_O)
                                                      0.222     0.222 r  clk_IBUF_inst/INBUF_INST/O
                         net (fo=1, routed)           0.027     0.249    clk_IBUF_inst/OUT
    BC10                 IBUFCTRL (Prop_IBUFCTRL_HPIOB_I_O)
                                                      0.000     0.249 r  clk_IBUF_inst/IBUFCTRL_INST/O
                         net (fo=1, routed)           0.350     0.599    clk_IBUF
    BUFGCE_X2Y48         BUFGCE (Prop_BUFCE_BUFGCE_I_O)
                                                      0.027     0.626 r  clk_IBUF_BUFG_inst/O
    X2Y2 (CLOCK_ROOT)    net (fo=361, routed)         1.139     1.765    fft_butterfly_1_inst_0/CLK
    SLICE_X78Y113        FDRE                                         r  fft_butterfly_1_inst_0/g2_reg_reg[r][7]/C
  -------------------------------------------------------------------    -------------------
    SLICE_X78Y113        FDRE (Prop_EFF_SLICEL_C_Q)
                                                      0.049     1.814 r  fft_butterfly_1_inst_0/g2_reg_reg[r][7]/Q
                         net (fo=3, routed)           0.101     1.915    fft_butterfly_2_inst_2/g3_reg_reg[r][11]_1[7]
    SLICE_X77Y113        FDRE                                         r  fft_butterfly_2_inst_2/g3_reg_reg[r][7]/D
  -------------------------------------------------------------------    -------------------

                         (clock clk_pin_p rise edge)
                                                      0.000     0.000 r  
    BC10                                              0.000     0.000 r  clk (IN)
                         net (fo=0)                   0.000     0.000    clk_IBUF_inst/I
    BC10                 INBUF (Prop_INBUF_HPIOB_PAD_O)
                                                      0.569     0.569 r  clk_IBUF_inst/INBUF_INST/O
                         net (fo=1, routed)           0.047     0.616    clk_IBUF_inst/OUT
    BC10                 IBUFCTRL (Prop_IBUFCTRL_HPIOB_I_O)
                                                      0.000     0.616 r  clk_IBUF_inst/IBUFCTRL_INST/O
                         net (fo=1, routed)           0.409     1.025    clk_IBUF
    BUFGCE_X2Y48         BUFGCE (Prop_BUFCE_BUFGCE_I_O)
                                                      0.031     1.056 r  clk_IBUF_BUFG_inst/O
    X2Y2 (CLOCK_ROOT)    net (fo=361, routed)         1.327     2.383    fft_butterfly_2_inst_2/CLK
    SLICE_X77Y113        FDRE                                         r  fft_butterfly_2_inst_2/g3_reg_reg[r][7]/C
                         clock pessimism             -0.581     1.802    
    SLICE_X77Y113        FDRE (Hold_EFF2_SLICEM_C_D)
                                                      0.055     1.857    fft_butterfly_2_inst_2/g3_reg_reg[r][7]
  -------------------------------------------------------------------
                         required time                         -1.857    
                         arrival time                           1.915    
  -------------------------------------------------------------------
                         slack                                  0.058    

Slack (MET) :             0.066ns  (arrival time - required time)
  Source:                 fft_butterfly_1_inst_2/g2_reg_reg[i][0]/C
                            (rising edge-triggered cell FDRE clocked by clk_pin_p  {rise@0.000ns fall@12.500ns period=25.000ns})
  Destination:            fft_butterfly_2_inst_2/g3_reg_reg[i][0]/D
                            (rising edge-triggered cell FDRE clocked by clk_pin_p  {rise@0.000ns fall@12.500ns period=25.000ns})
  Path Group:             clk_pin_p
  Path Type:              Hold (Min at Fast Process Corner)
  Requirement:            0.000ns  (clk_pin_p rise@0.000ns - clk_pin_p rise@0.000ns)
  Data Path Delay:        0.181ns  (logic 0.049ns (27.072%)  route 0.132ns (72.928%))
  Logic Levels:           0  
  Clock Path Skew:        0.060ns (DCD - SCD - CPR)
    Destination Clock Delay (DCD):    2.329ns
    Source Clock Delay      (SCD):    1.730ns
    Clock Pessimism Removal (CPR):    0.539ns
  Clock Net Delay (Source):      1.104ns (routing 0.457ns, distribution 0.647ns)
  Clock Net Delay (Destination): 1.273ns (routing 0.504ns, distribution 0.769ns)

    Location             Delay type                Incr(ns)  Path(ns)    Netlist Resource(s)
  -------------------------------------------------------------------    -------------------
                         (clock clk_pin_p rise edge)
                                                      0.000     0.000 r  
    BC10                                              0.000     0.000 r  clk (IN)
                         net (fo=0)                   0.000     0.000    clk_IBUF_inst/I
    BC10                 INBUF (Prop_INBUF_HPIOB_PAD_O)
                                                      0.222     0.222 r  clk_IBUF_inst/INBUF_INST/O
                         net (fo=1, routed)           0.027     0.249    clk_IBUF_inst/OUT
    BC10                 IBUFCTRL (Prop_IBUFCTRL_HPIOB_I_O)
                                                      0.000     0.249 r  clk_IBUF_inst/IBUFCTRL_INST/O
                         net (fo=1, routed)           0.350     0.599    clk_IBUF
    BUFGCE_X2Y48         BUFGCE (Prop_BUFCE_BUFGCE_I_O)
                                                      0.027     0.626 r  clk_IBUF_BUFG_inst/O
    X2Y2 (CLOCK_ROOT)    net (fo=361, routed)         1.104     1.730    fft_butterfly_1_inst_2/CLK
    SLICE_X74Y123        FDRE                                         r  fft_butterfly_1_inst_2/g2_reg_reg[i][0]/C
  -------------------------------------------------------------------    -------------------
    SLICE_X74Y123        FDRE (Prop_BFF_SLICEL_C_Q)
                                                      0.049     1.779 r  fft_butterfly_1_inst_2/g2_reg_reg[i][0]/Q
                         net (fo=3, routed)           0.132     1.911    fft_butterfly_2_inst_2/D[0]
    SLICE_X72Y121        FDRE                                         r  fft_butterfly_2_inst_2/g3_reg_reg[i][0]/D
  -------------------------------------------------------------------    -------------------

                         (clock clk_pin_p rise edge)
                                                      0.000     0.000 r  
    BC10                                              0.000     0.000 r  clk (IN)
                         net (fo=0)                   0.000     0.000    clk_IBUF_inst/I
    BC10                 INBUF (Prop_INBUF_HPIOB_PAD_O)
                                                      0.569     0.569 r  clk_IBUF_inst/INBUF_INST/O
                         net (fo=1, routed)           0.047     0.616    clk_IBUF_inst/OUT
    BC10                 IBUFCTRL (Prop_IBUFCTRL_HPIOB_I_O)
                                                      0.000     0.616 r  clk_IBUF_inst/IBUFCTRL_INST/O
                         net (fo=1, routed)           0.409     1.025    clk_IBUF
    BUFGCE_X2Y48         BUFGCE (Prop_BUFCE_BUFGCE_I_O)
                                                      0.031     1.056 r  clk_IBUF_BUFG_inst/O
    X2Y2 (CLOCK_ROOT)    net (fo=361, routed)         1.273     2.329    fft_butterfly_2_inst_2/CLK
    SLICE_X72Y121        FDRE                                         r  fft_butterfly_2_inst_2/g3_reg_reg[i][0]/C
                         clock pessimism             -0.539     1.789    
    SLICE_X72Y121        FDRE (Hold_EFF2_SLICEL_C_D)
                                                      0.055     1.844    fft_butterfly_2_inst_2/g3_reg_reg[i][0]
  -------------------------------------------------------------------
                         required time                         -1.844    
                         arrival time                           1.911    
  -------------------------------------------------------------------
                         slack                                  0.066    

Slack (MET) :             0.070ns  (arrival time - required time)
  Source:                 fft_butterfly_2_inst_3/g3_reg_reg[i][11]/C
                            (rising edge-triggered cell FDRE clocked by clk_pin_p  {rise@0.000ns fall@12.500ns period=25.000ns})
  Destination:            fft_butterfly_3_inst_2/g5_reg_reg[i][11]/D
                            (rising edge-triggered cell FDRE clocked by clk_pin_p  {rise@0.000ns fall@12.500ns period=25.000ns})
  Path Group:             clk_pin_p
  Path Type:              Hold (Min at Fast Process Corner)
  Requirement:            0.000ns  (clk_pin_p rise@0.000ns - clk_pin_p rise@0.000ns)
  Data Path Delay:        0.256ns  (logic 0.127ns (49.609%)  route 0.129ns (50.391%))
  Logic Levels:           2  (CARRY8=1 LUT2=1)
  Clock Path Skew:        0.130ns (DCD - SCD - CPR)
    Destination Clock Delay (DCD):    2.345ns
    Source Clock Delay      (SCD):    1.738ns
    Clock Pessimism Removal (CPR):    0.477ns
  Clock Net Delay (Source):      1.112ns (routing 0.457ns, distribution 0.655ns)
  Clock Net Delay (Destination): 1.289ns (routing 0.504ns, distribution 0.785ns)

    Location             Delay type                Incr(ns)  Path(ns)    Netlist Resource(s)
  -------------------------------------------------------------------    -------------------
                         (clock clk_pin_p rise edge)
                                                      0.000     0.000 r  
    BC10                                              0.000     0.000 r  clk (IN)
                         net (fo=0)                   0.000     0.000    clk_IBUF_inst/I
    BC10                 INBUF (Prop_INBUF_HPIOB_PAD_O)
                                                      0.222     0.222 r  clk_IBUF_inst/INBUF_INST/O
                         net (fo=1, routed)           0.027     0.249    clk_IBUF_inst/OUT
    BC10                 IBUFCTRL (Prop_IBUFCTRL_HPIOB_I_O)
                                                      0.000     0.249 r  clk_IBUF_inst/IBUFCTRL_INST/O
                         net (fo=1, routed)           0.350     0.599    clk_IBUF
    BUFGCE_X2Y48         BUFGCE (Prop_BUFCE_BUFGCE_I_O)
                                                      0.027     0.626 r  clk_IBUF_BUFG_inst/O
    X2Y2 (CLOCK_ROOT)    net (fo=361, routed)         1.112     1.738    fft_butterfly_2_inst_3/CLK
    SLICE_X72Y119        FDRE                                         r  fft_butterfly_2_inst_3/g3_reg_reg[i][11]/C
  -------------------------------------------------------------------    -------------------
    SLICE_X72Y119        FDRE (Prop_DFF_SLICEL_C_Q)
                                                      0.049     1.787 r  fft_butterfly_2_inst_3/g3_reg_reg[i][11]/Q
                         net (fo=3, routed)           0.115     1.902    fft_butterfly_2_inst_2/g5_reg_reg[i][14][11]
    SLICE_X73Y121        LUT2 (Prop_D6LUT_SLICEM_I1_O)
                                                      0.046     1.948 r  fft_butterfly_2_inst_2/i__carry__0_i_2__1/O
                         net (fo=1, routed)           0.000     1.948    fft_butterfly_3_inst_2/g5_reg_reg[i][14]_3[3]
    SLICE_X73Y121        CARRY8 (Prop_CARRY8_SLICEM_S[3]_O[3])
                                                      0.032     1.980 r  fft_butterfly_3_inst_2/ARG_inferred__0/i__carry__0/O[3]
                         net (fo=1, routed)           0.014     1.994    fft_butterfly_3_inst_2/ARG_inferred__0/i__carry__0_n_12
    SLICE_X73Y121        FDRE                                         r  fft_butterfly_3_inst_2/g5_reg_reg[i][11]/D
  -------------------------------------------------------------------    -------------------

                         (clock clk_pin_p rise edge)
                                                      0.000     0.000 r  
    BC10                                              0.000     0.000 r  clk (IN)
                         net (fo=0)                   0.000     0.000    clk_IBUF_inst/I
    BC10                 INBUF (Prop_INBUF_HPIOB_PAD_O)
                                                      0.569     0.569 r  clk_IBUF_inst/INBUF_INST/O
                         net (fo=1, routed)           0.047     0.616    clk_IBUF_inst/OUT
    BC10                 IBUFCTRL (Prop_IBUFCTRL_HPIOB_I_O)
                                                      0.000     0.616 r  clk_IBUF_inst/IBUFCTRL_INST/O
                         net (fo=1, routed)           0.409     1.025    clk_IBUF
    BUFGCE_X2Y48         BUFGCE (Prop_BUFCE_BUFGCE_I_O)
                                                      0.031     1.056 r  clk_IBUF_BUFG_inst/O
    X2Y2 (CLOCK_ROOT)    net (fo=361, routed)         1.289     2.345    fft_butterfly_3_inst_2/CLK
    SLICE_X73Y121        FDRE                                         r  fft_butterfly_3_inst_2/g5_reg_reg[i][11]/C
                         clock pessimism             -0.477     1.868    
    SLICE_X73Y121        FDRE (Hold_DFF_SLICEM_C_D)
                                                      0.056     1.924    fft_butterfly_3_inst_2/g5_reg_reg[i][11]
  -------------------------------------------------------------------
                         required time                         -1.924    
                         arrival time                           1.994    
  -------------------------------------------------------------------
                         slack                                  0.070    

Slack (MET) :             0.072ns  (arrival time - required time)
  Source:                 fft_butterfly_1_inst_1/g2_reg_reg[i][1]/C
                            (rising edge-triggered cell FDRE clocked by clk_pin_p  {rise@0.000ns fall@12.500ns period=25.000ns})
  Destination:            fft_butterfly_2_inst_3/g3_reg_reg[i][1]/D
                            (rising edge-triggered cell FDRE clocked by clk_pin_p  {rise@0.000ns fall@12.500ns period=25.000ns})
  Path Group:             clk_pin_p
  Path Type:              Hold (Min at Fast Process Corner)
  Requirement:            0.000ns  (clk_pin_p rise@0.000ns - clk_pin_p rise@0.000ns)
  Data Path Delay:        0.179ns  (logic 0.095ns (53.073%)  route 0.084ns (46.927%))
  Logic Levels:           2  (CARRY8=1 LUT2=1)
  Clock Path Skew:        0.051ns (DCD - SCD - CPR)
    Destination Clock Delay (DCD):    2.352ns
    Source Clock Delay      (SCD):    1.735ns
    Clock Pessimism Removal (CPR):    0.566ns
  Clock Net Delay (Source):      1.109ns (routing 0.457ns, distribution 0.652ns)
  Clock Net Delay (Destination): 1.296ns (routing 0.504ns, distribution 0.792ns)

    Location             Delay type                Incr(ns)  Path(ns)    Netlist Resource(s)
  -------------------------------------------------------------------    -------------------
                         (clock clk_pin_p rise edge)
                                                      0.000     0.000 r  
    BC10                                              0.000     0.000 r  clk (IN)
                         net (fo=0)                   0.000     0.000    clk_IBUF_inst/I
    BC10                 INBUF (Prop_INBUF_HPIOB_PAD_O)
                                                      0.222     0.222 r  clk_IBUF_inst/INBUF_INST/O
                         net (fo=1, routed)           0.027     0.249    clk_IBUF_inst/OUT
    BC10                 IBUFCTRL (Prop_IBUFCTRL_HPIOB_I_O)
                                                      0.000     0.249 r  clk_IBUF_inst/IBUFCTRL_INST/O
                         net (fo=1, routed)           0.350     0.599    clk_IBUF
    BUFGCE_X2Y48         BUFGCE (Prop_BUFCE_BUFGCE_I_O)
                                                      0.027     0.626 r  clk_IBUF_BUFG_inst/O
    X2Y2 (CLOCK_ROOT)    net (fo=361, routed)         1.109     1.735    fft_butterfly_1_inst_1/CLK
    SLICE_X72Y116        FDRE                                         r  fft_butterfly_1_inst_1/g2_reg_reg[i][1]/C
  -------------------------------------------------------------------    -------------------
    SLICE_X72Y116        FDRE (Prop_HFF_SLICEL_C_Q)
                                                      0.048     1.783 r  fft_butterfly_1_inst_1/g2_reg_reg[i][1]/Q
                         net (fo=4, routed)           0.071     1.854    fft_butterfly_1_inst_3/g3_reg_reg[i][7][1]
    SLICE_X72Y118        LUT2 (Prop_B6LUT_SLICEL_I1_O)
                                                      0.015     1.869 r  fft_butterfly_1_inst_3/i__carry_i_7__2/O
                         net (fo=1, routed)           0.000     1.869    fft_butterfly_2_inst_3/g3_reg_reg[i][7]_2[1]
    SLICE_X72Y118        CARRY8 (Prop_CARRY8_SLICEL_S[1]_O[1])
                                                      0.032     1.901 r  fft_butterfly_2_inst_3/ARG_inferred__0/i__carry/O[1]
                         net (fo=1, routed)           0.013     1.914    fft_butterfly_2_inst_3/ARG_inferred__0/i__carry_n_14
    SLICE_X72Y118        FDRE                                         r  fft_butterfly_2_inst_3/g3_reg_reg[i][1]/D
  -------------------------------------------------------------------    -------------------

                         (clock clk_pin_p rise edge)
                                                      0.000     0.000 r  
    BC10                                              0.000     0.000 r  clk (IN)
                         net (fo=0)                   0.000     0.000    clk_IBUF_inst/I
    BC10                 INBUF (Prop_INBUF_HPIOB_PAD_O)
                                                      0.569     0.569 r  clk_IBUF_inst/INBUF_INST/O
                         net (fo=1, routed)           0.047     0.616    clk_IBUF_inst/OUT
    BC10                 IBUFCTRL (Prop_IBUFCTRL_HPIOB_I_O)
                                                      0.000     0.616 r  clk_IBUF_inst/IBUFCTRL_INST/O
                         net (fo=1, routed)           0.409     1.025    clk_IBUF
    BUFGCE_X2Y48         BUFGCE (Prop_BUFCE_BUFGCE_I_O)
                                                      0.031     1.056 r  clk_IBUF_BUFG_inst/O
    X2Y2 (CLOCK_ROOT)    net (fo=361, routed)         1.296     2.352    fft_butterfly_2_inst_3/CLK
    SLICE_X72Y118        FDRE                                         r  fft_butterfly_2_inst_3/g3_reg_reg[i][1]/C
                         clock pessimism             -0.566     1.786    
    SLICE_X72Y118        FDRE (Hold_BFF_SLICEL_C_D)
                                                      0.056     1.842    fft_butterfly_2_inst_3/g3_reg_reg[i][1]
  -------------------------------------------------------------------
                         required time                         -1.842    
                         arrival time                           1.914    
  -------------------------------------------------------------------
                         slack                                  0.072    

Slack (MET) :             0.074ns  (arrival time - required time)
  Source:                 fft_butterfly_2_inst_2/g3_reg_reg[i][8]/C
                            (rising edge-triggered cell FDRE clocked by clk_pin_p  {rise@0.000ns fall@12.500ns period=25.000ns})
  Destination:            fft_butterfly_3_inst_2/g5_reg_reg[i][8]/D
                            (rising edge-triggered cell FDRE clocked by clk_pin_p  {rise@0.000ns fall@12.500ns period=25.000ns})
  Path Group:             clk_pin_p
  Path Type:              Hold (Min at Fast Process Corner)
  Requirement:            0.000ns  (clk_pin_p rise@0.000ns - clk_pin_p rise@0.000ns)
  Data Path Delay:        0.214ns  (logic 0.125ns (58.411%)  route 0.089ns (41.589%))
  Logic Levels:           2  (CARRY8=1 LUT2=1)
  Clock Path Skew:        0.084ns (DCD - SCD - CPR)
    Destination Clock Delay (DCD):    2.345ns
    Source Clock Delay      (SCD):    1.722ns
    Clock Pessimism Removal (CPR):    0.539ns
  Clock Net Delay (Source):      1.096ns (routing 0.457ns, distribution 0.639ns)
  Clock Net Delay (Destination): 1.289ns (routing 0.504ns, distribution 0.785ns)

    Location             Delay type                Incr(ns)  Path(ns)    Netlist Resource(s)
  -------------------------------------------------------------------    -------------------
                         (clock clk_pin_p rise edge)
                                                      0.000     0.000 r  
    BC10                                              0.000     0.000 r  clk (IN)
                         net (fo=0)                   0.000     0.000    clk_IBUF_inst/I
    BC10                 INBUF (Prop_INBUF_HPIOB_PAD_O)
                                                      0.222     0.222 r  clk_IBUF_inst/INBUF_INST/O
                         net (fo=1, routed)           0.027     0.249    clk_IBUF_inst/OUT
    BC10                 IBUFCTRL (Prop_IBUFCTRL_HPIOB_I_O)
                                                      0.000     0.249 r  clk_IBUF_inst/IBUFCTRL_INST/O
                         net (fo=1, routed)           0.350     0.599    clk_IBUF
    BUFGCE_X2Y48         BUFGCE (Prop_BUFCE_BUFGCE_I_O)
                                                      0.027     0.626 r  clk_IBUF_BUFG_inst/O
    X2Y2 (CLOCK_ROOT)    net (fo=361, routed)         1.096     1.722    fft_butterfly_2_inst_2/CLK
    SLICE_X72Y121        FDRE                                         r  fft_butterfly_2_inst_2/g3_reg_reg[i][8]/C
  -------------------------------------------------------------------    -------------------
    SLICE_X72Y121        FDRE (Prop_GFF2_SLICEL_C_Q)
                                                      0.048     1.770 r  fft_butterfly_2_inst_2/g3_reg_reg[i][8]/Q
                         net (fo=4, routed)           0.078     1.848    fft_butterfly_2_inst_2/g3_reg_reg[i][11]_0[8]
    SLICE_X73Y121        LUT2 (Prop_A6LUT_SLICEM_I0_O)
                                                      0.045     1.893 r  fft_butterfly_2_inst_2/i__carry__0_i_5__0/O
                         net (fo=1, routed)           0.001     1.894    fft_butterfly_3_inst_2/g5_reg_reg[i][14]_3[0]
    SLICE_X73Y121        CARRY8 (Prop_CARRY8_SLICEM_S[0]_O[0])
                                                      0.032     1.926 r  fft_butterfly_3_inst_2/ARG_inferred__0/i__carry__0/O[0]
                         net (fo=1, routed)           0.010     1.936    fft_butterfly_3_inst_2/ARG_inferred__0/i__carry__0_n_15
    SLICE_X73Y121        FDRE                                         r  fft_butterfly_3_inst_2/g5_reg_reg[i][8]/D
  -------------------------------------------------------------------    -------------------

                         (clock clk_pin_p rise edge)
                                                      0.000     0.000 r  
    BC10                                              0.000     0.000 r  clk (IN)
                         net (fo=0)                   0.000     0.000    clk_IBUF_inst/I
    BC10                 INBUF (Prop_INBUF_HPIOB_PAD_O)
                                                      0.569     0.569 r  clk_IBUF_inst/INBUF_INST/O
                         net (fo=1, routed)           0.047     0.616    clk_IBUF_inst/OUT
    BC10                 IBUFCTRL (Prop_IBUFCTRL_HPIOB_I_O)
                                                      0.000     0.616 r  clk_IBUF_inst/IBUFCTRL_INST/O
                         net (fo=1, routed)           0.409     1.025    clk_IBUF
    BUFGCE_X2Y48         BUFGCE (Prop_BUFCE_BUFGCE_I_O)
                                                      0.031     1.056 r  clk_IBUF_BUFG_inst/O
    X2Y2 (CLOCK_ROOT)    net (fo=361, routed)         1.289     2.345    fft_butterfly_3_inst_2/CLK
    SLICE_X73Y121        FDRE                                         r  fft_butterfly_3_inst_2/g5_reg_reg[i][8]/C
                         clock pessimism             -0.539     1.806    
    SLICE_X73Y121        FDRE (Hold_AFF_SLICEM_C_D)
                                                      0.056     1.862    fft_butterfly_3_inst_2/g5_reg_reg[i][8]
  -------------------------------------------------------------------
                         required time                         -1.862    
                         arrival time                           1.936    
  -------------------------------------------------------------------
                         slack                                  0.074    

Slack (MET) :             0.075ns  (arrival time - required time)
  Source:                 fft_butterfly_1_inst_2/g2_reg_reg[i][5]/C
                            (rising edge-triggered cell FDRE clocked by clk_pin_p  {rise@0.000ns fall@12.500ns period=25.000ns})
  Destination:            fft_butterfly_2_inst_2/g3_reg_reg[i][5]/D
                            (rising edge-triggered cell FDRE clocked by clk_pin_p  {rise@0.000ns fall@12.500ns period=25.000ns})
  Path Group:             clk_pin_p
  Path Type:              Hold (Min at Fast Process Corner)
  Requirement:            0.000ns  (clk_pin_p rise@0.000ns - clk_pin_p rise@0.000ns)
  Data Path Delay:        0.193ns  (logic 0.048ns (24.870%)  route 0.145ns (75.130%))
  Logic Levels:           0  
  Clock Path Skew:        0.062ns (DCD - SCD - CPR)
    Destination Clock Delay (DCD):    2.329ns
    Source Clock Delay      (SCD):    1.728ns
    Clock Pessimism Removal (CPR):    0.539ns
  Clock Net Delay (Source):      1.102ns (routing 0.457ns, distribution 0.645ns)
  Clock Net Delay (Destination): 1.273ns (routing 0.504ns, distribution 0.769ns)

    Location             Delay type                Incr(ns)  Path(ns)    Netlist Resource(s)
  -------------------------------------------------------------------    -------------------
                         (clock clk_pin_p rise edge)
                                                      0.000     0.000 r  
    BC10                                              0.000     0.000 r  clk (IN)
                         net (fo=0)                   0.000     0.000    clk_IBUF_inst/I
    BC10                 INBUF (Prop_INBUF_HPIOB_PAD_O)
                                                      0.222     0.222 r  clk_IBUF_inst/INBUF_INST/O
                         net (fo=1, routed)           0.027     0.249    clk_IBUF_inst/OUT
    BC10                 IBUFCTRL (Prop_IBUFCTRL_HPIOB_I_O)
                                                      0.000     0.249 r  clk_IBUF_inst/IBUFCTRL_INST/O
                         net (fo=1, routed)           0.350     0.599    clk_IBUF
    BUFGCE_X2Y48         BUFGCE (Prop_BUFCE_BUFGCE_I_O)
                                                      0.027     0.626 r  clk_IBUF_BUFG_inst/O
    X2Y2 (CLOCK_ROOT)    net (fo=361, routed)         1.102     1.728    fft_butterfly_1_inst_2/CLK
    SLICE_X74Y123        FDRE                                         r  fft_butterfly_1_inst_2/g2_reg_reg[i][5]/C
  -------------------------------------------------------------------    -------------------
    SLICE_X74Y123        FDRE (Prop_GFF_SLICEL_C_Q)
                                                      0.048     1.776 r  fft_butterfly_1_inst_2/g2_reg_reg[i][5]/Q
                         net (fo=2, routed)           0.145     1.921    fft_butterfly_2_inst_2/D[5]
    SLICE_X72Y122        FDRE                                         r  fft_butterfly_2_inst_2/g3_reg_reg[i][5]/D
  -------------------------------------------------------------------    -------------------

                         (clock clk_pin_p rise edge)
                                                      0.000     0.000 r  
    BC10                                              0.000     0.000 r  clk (IN)
                         net (fo=0)                   0.000     0.000    clk_IBUF_inst/I
    BC10                 INBUF (Prop_INBUF_HPIOB_PAD_O)
                                                      0.569     0.569 r  clk_IBUF_inst/INBUF_INST/O
                         net (fo=1, routed)           0.047     0.616    clk_IBUF_inst/OUT
    BC10                 IBUFCTRL (Prop_IBUFCTRL_HPIOB_I_O)
                                                      0.000     0.616 r  clk_IBUF_inst/IBUFCTRL_INST/O
                         net (fo=1, routed)           0.409     1.025    clk_IBUF
    BUFGCE_X2Y48         BUFGCE (Prop_BUFCE_BUFGCE_I_O)
                                                      0.031     1.056 r  clk_IBUF_BUFG_inst/O
    X2Y2 (CLOCK_ROOT)    net (fo=361, routed)         1.273     2.329    fft_butterfly_2_inst_2/CLK
    SLICE_X72Y122        FDRE                                         r  fft_butterfly_2_inst_2/g3_reg_reg[i][5]/C
                         clock pessimism             -0.539     1.789    
    SLICE_X72Y122        FDRE (Hold_FFF_SLICEL_C_D)
                                                      0.056     1.845    fft_butterfly_2_inst_2/g3_reg_reg[i][5]
  -------------------------------------------------------------------
                         required time                         -1.845    
                         arrival time                           1.921    
  -------------------------------------------------------------------
                         slack                                  0.075    

Slack (MET) :             0.076ns  (arrival time - required time)
  Source:                 fft_butterfly_2_inst_3/g3_reg_reg[i][10]/C
                            (rising edge-triggered cell FDRE clocked by clk_pin_p  {rise@0.000ns fall@12.500ns period=25.000ns})
  Destination:            fft_butterfly_3_inst_2/g5_reg_reg[i][10]/D
                            (rising edge-triggered cell FDRE clocked by clk_pin_p  {rise@0.000ns fall@12.500ns period=25.000ns})
  Path Group:             clk_pin_p
  Path Type:              Hold (Min at Fast Process Corner)
  Requirement:            0.000ns  (clk_pin_p rise@0.000ns - clk_pin_p rise@0.000ns)
  Data Path Delay:        0.262ns  (logic 0.111ns (42.366%)  route 0.151ns (57.634%))
  Logic Levels:           2  (CARRY8=1 LUT2=1)
  Clock Path Skew:        0.130ns (DCD - SCD - CPR)
    Destination Clock Delay (DCD):    2.345ns
    Source Clock Delay      (SCD):    1.738ns
    Clock Pessimism Removal (CPR):    0.477ns
  Clock Net Delay (Source):      1.112ns (routing 0.457ns, distribution 0.655ns)
  Clock Net Delay (Destination): 1.289ns (routing 0.504ns, distribution 0.785ns)

    Location             Delay type                Incr(ns)  Path(ns)    Netlist Resource(s)
  -------------------------------------------------------------------    -------------------
                         (clock clk_pin_p rise edge)
                                                      0.000     0.000 r  
    BC10                                              0.000     0.000 r  clk (IN)
                         net (fo=0)                   0.000     0.000    clk_IBUF_inst/I
    BC10                 INBUF (Prop_INBUF_HPIOB_PAD_O)
                                                      0.222     0.222 r  clk_IBUF_inst/INBUF_INST/O
                         net (fo=1, routed)           0.027     0.249    clk_IBUF_inst/OUT
    BC10                 IBUFCTRL (Prop_IBUFCTRL_HPIOB_I_O)
                                                      0.000     0.249 r  clk_IBUF_inst/IBUFCTRL_INST/O
                         net (fo=1, routed)           0.350     0.599    clk_IBUF
    BUFGCE_X2Y48         BUFGCE (Prop_BUFCE_BUFGCE_I_O)
                                                      0.027     0.626 r  clk_IBUF_BUFG_inst/O
    X2Y2 (CLOCK_ROOT)    net (fo=361, routed)         1.112     1.738    fft_butterfly_2_inst_3/CLK
    SLICE_X72Y119        FDRE                                         r  fft_butterfly_2_inst_3/g3_reg_reg[i][10]/C
  -------------------------------------------------------------------    -------------------
    SLICE_X72Y119        FDRE (Prop_CFF_SLICEL_C_Q)
                                                      0.048     1.786 r  fft_butterfly_2_inst_3/g3_reg_reg[i][10]/Q
                         net (fo=2, routed)           0.137     1.923    fft_butterfly_2_inst_2/g5_reg_reg[i][14][10]
    SLICE_X73Y121        LUT2 (Prop_C6LUT_SLICEM_I1_O)
                                                      0.030     1.953 r  fft_butterfly_2_inst_2/i__carry__0_i_3/O
                         net (fo=1, routed)           0.000     1.953    fft_butterfly_3_inst_2/g5_reg_reg[i][14]_3[2]
    SLICE_X73Y121        CARRY8 (Prop_CARRY8_SLICEM_S[2]_O[2])
                                                      0.033     1.986 r  fft_butterfly_3_inst_2/ARG_inferred__0/i__carry__0/O[2]
                         net (fo=1, routed)           0.014     2.000    fft_butterfly_3_inst_2/ARG_inferred__0/i__carry__0_n_13
    SLICE_X73Y121        FDRE                                         r  fft_butterfly_3_inst_2/g5_reg_reg[i][10]/D
  -------------------------------------------------------------------    -------------------

                         (clock clk_pin_p rise edge)
                                                      0.000     0.000 r  
    BC10                                              0.000     0.000 r  clk (IN)
                         net (fo=0)                   0.000     0.000    clk_IBUF_inst/I
    BC10                 INBUF (Prop_INBUF_HPIOB_PAD_O)
                                                      0.569     0.569 r  clk_IBUF_inst/INBUF_INST/O
                         net (fo=1, routed)           0.047     0.616    clk_IBUF_inst/OUT
    BC10                 IBUFCTRL (Prop_IBUFCTRL_HPIOB_I_O)
                                                      0.000     0.616 r  clk_IBUF_inst/IBUFCTRL_INST/O
                         net (fo=1, routed)           0.409     1.025    clk_IBUF
    BUFGCE_X2Y48         BUFGCE (Prop_BUFCE_BUFGCE_I_O)
                                                      0.031     1.056 r  clk_IBUF_BUFG_inst/O
    X2Y2 (CLOCK_ROOT)    net (fo=361, routed)         1.289     2.345    fft_butterfly_3_inst_2/CLK
    SLICE_X73Y121        FDRE                                         r  fft_butterfly_3_inst_2/g5_reg_reg[i][10]/C
                         clock pessimism             -0.477     1.868    
    SLICE_X73Y121        FDRE (Hold_CFF_SLICEM_C_D)
                                                      0.056     1.924    fft_butterfly_3_inst_2/g5_reg_reg[i][10]
  -------------------------------------------------------------------
                         required time                         -1.924    
                         arrival time                           2.000    
  -------------------------------------------------------------------
                         slack                                  0.076    

Slack (MET) :             0.078ns  (arrival time - required time)
  Source:                 fft_butterfly_2_inst_1/g3_reg_reg[r][0]/C
                            (rising edge-triggered cell FDRE clocked by clk_pin_p  {rise@0.000ns fall@12.500ns period=25.000ns})
  Destination:            fft_butterfly_3_inst_0/g5_reg_reg[r][0]/D
                            (rising edge-triggered cell FDRE clocked by clk_pin_p  {rise@0.000ns fall@12.500ns period=25.000ns})
  Path Group:             clk_pin_p
  Path Type:              Hold (Min at Fast Process Corner)
  Requirement:            0.000ns  (clk_pin_p rise@0.000ns - clk_pin_p rise@0.000ns)
  Data Path Delay:        0.173ns  (logic 0.096ns (55.491%)  route 0.077ns (44.509%))
  Logic Levels:           2  (CARRY8=1 LUT2=1)
  Clock Path Skew:        0.039ns (DCD - SCD - CPR)
    Destination Clock Delay (DCD):    2.381ns
    Source Clock Delay      (SCD):    1.760ns
    Clock Pessimism Removal (CPR):    0.582ns
  Clock Net Delay (Source):      1.134ns (routing 0.457ns, distribution 0.677ns)
  Clock Net Delay (Destination): 1.325ns (routing 0.504ns, distribution 0.821ns)

    Location             Delay type                Incr(ns)  Path(ns)    Netlist Resource(s)
  -------------------------------------------------------------------    -------------------
                         (clock clk_pin_p rise edge)
                                                      0.000     0.000 r  
    BC10                                              0.000     0.000 r  clk (IN)
                         net (fo=0)                   0.000     0.000    clk_IBUF_inst/I
    BC10                 INBUF (Prop_INBUF_HPIOB_PAD_O)
                                                      0.222     0.222 r  clk_IBUF_inst/INBUF_INST/O
                         net (fo=1, routed)           0.027     0.249    clk_IBUF_inst/OUT
    BC10                 IBUFCTRL (Prop_IBUFCTRL_HPIOB_I_O)
                                                      0.000     0.249 r  clk_IBUF_inst/IBUFCTRL_INST/O
                         net (fo=1, routed)           0.350     0.599    clk_IBUF
    BUFGCE_X2Y48         BUFGCE (Prop_BUFCE_BUFGCE_I_O)
                                                      0.027     0.626 r  clk_IBUF_BUFG_inst/O
    X2Y2 (CLOCK_ROOT)    net (fo=361, routed)         1.134     1.760    fft_butterfly_2_inst_1/CLK
    SLICE_X79Y131        FDRE                                         r  fft_butterfly_2_inst_1/g3_reg_reg[r][0]/C
  -------------------------------------------------------------------    -------------------
    SLICE_X79Y131        FDRE (Prop_AFF_SLICEM_C_Q)
                                                      0.049     1.809 r  fft_butterfly_2_inst_1/g3_reg_reg[r][0]/Q
                         net (fo=2, routed)           0.066     1.875    fft_butterfly_2_inst_0/g5_reg_reg[r][12][0]
    SLICE_X80Y131        LUT2 (Prop_A6LUT_SLICEL_I1_O)
                                                      0.015     1.890 r  fft_butterfly_2_inst_0/ARG_carry_i_8__1/O
                         net (fo=1, routed)           0.001     1.891    fft_butterfly_3_inst_0/g5_reg_reg[r][7]_0[0]
    SLICE_X80Y131        CARRY8 (Prop_CARRY8_SLICEL_S[0]_O[0])
                                                      0.032     1.923 r  fft_butterfly_3_inst_0/ARG_carry/O[0]
                         net (fo=1, routed)           0.010     1.933    fft_butterfly_3_inst_0/ARG_carry_n_15
    SLICE_X80Y131        FDRE                                         r  fft_butterfly_3_inst_0/g5_reg_reg[r][0]/D
  -------------------------------------------------------------------    -------------------

                         (clock clk_pin_p rise edge)
                                                      0.000     0.000 r  
    BC10                                              0.000     0.000 r  clk (IN)
                         net (fo=0)                   0.000     0.000    clk_IBUF_inst/I
    BC10                 INBUF (Prop_INBUF_HPIOB_PAD_O)
                                                      0.569     0.569 r  clk_IBUF_inst/INBUF_INST/O
                         net (fo=1, routed)           0.047     0.616    clk_IBUF_inst/OUT
    BC10                 IBUFCTRL (Prop_IBUFCTRL_HPIOB_I_O)
                                                      0.000     0.616 r  clk_IBUF_inst/IBUFCTRL_INST/O
                         net (fo=1, routed)           0.409     1.025    clk_IBUF
    BUFGCE_X2Y48         BUFGCE (Prop_BUFCE_BUFGCE_I_O)
                                                      0.031     1.056 r  clk_IBUF_BUFG_inst/O
    X2Y2 (CLOCK_ROOT)    net (fo=361, routed)         1.325     2.381    fft_butterfly_3_inst_0/CLK
    SLICE_X80Y131        FDRE                                         r  fft_butterfly_3_inst_0/g5_reg_reg[r][0]/C
                         clock pessimism             -0.582     1.799    
    SLICE_X80Y131        FDRE (Hold_AFF_SLICEL_C_D)
                                                      0.056     1.855    fft_butterfly_3_inst_0/g5_reg_reg[r][0]
  -------------------------------------------------------------------
                         required time                         -1.855    
                         arrival time                           1.933    
  -------------------------------------------------------------------
                         slack                                  0.078    

Slack (MET) :             0.079ns  (arrival time - required time)
  Source:                 fft_butterfly_2_inst_2/g3_reg_reg[r][0]/C
                            (rising edge-triggered cell FDRE clocked by clk_pin_p  {rise@0.000ns fall@12.500ns period=25.000ns})
  Destination:            fft_butterfly_3_inst_2/g5_reg_reg[r][0]/D
                            (rising edge-triggered cell FDRE clocked by clk_pin_p  {rise@0.000ns fall@12.500ns period=25.000ns})
  Path Group:             clk_pin_p
  Path Type:              Hold (Min at Fast Process Corner)
  Requirement:            0.000ns  (clk_pin_p rise@0.000ns - clk_pin_p rise@0.000ns)
  Data Path Delay:        0.179ns  (logic 0.096ns (53.631%)  route 0.083ns (46.369%))
  Logic Levels:           2  (CARRY8=1 LUT2=1)
  Clock Path Skew:        0.044ns (DCD - SCD - CPR)
    Destination Clock Delay (DCD):    2.365ns
    Source Clock Delay      (SCD):    1.753ns
    Clock Pessimism Removal (CPR):    0.568ns
  Clock Net Delay (Source):      1.127ns (routing 0.457ns, distribution 0.670ns)
  Clock Net Delay (Destination): 1.309ns (routing 0.504ns, distribution 0.805ns)

    Location             Delay type                Incr(ns)  Path(ns)    Netlist Resource(s)
  -------------------------------------------------------------------    -------------------
                         (clock clk_pin_p rise edge)
                                                      0.000     0.000 r  
    BC10                                              0.000     0.000 r  clk (IN)
                         net (fo=0)                   0.000     0.000    clk_IBUF_inst/I
    BC10                 INBUF (Prop_INBUF_HPIOB_PAD_O)
                                                      0.222     0.222 r  clk_IBUF_inst/INBUF_INST/O
                         net (fo=1, routed)           0.027     0.249    clk_IBUF_inst/OUT
    BC10                 IBUFCTRL (Prop_IBUFCTRL_HPIOB_I_O)
                                                      0.000     0.249 r  clk_IBUF_inst/IBUFCTRL_INST/O
                         net (fo=1, routed)           0.350     0.599    clk_IBUF
    BUFGCE_X2Y48         BUFGCE (Prop_BUFCE_BUFGCE_I_O)
                                                      0.027     0.626 r  clk_IBUF_BUFG_inst/O
    X2Y2 (CLOCK_ROOT)    net (fo=361, routed)         1.127     1.753    fft_butterfly_2_inst_2/CLK
    SLICE_X75Y114        FDRE                                         r  fft_butterfly_2_inst_2/g3_reg_reg[r][0]/C
  -------------------------------------------------------------------    -------------------
    SLICE_X75Y114        FDRE (Prop_DFF2_SLICEL_C_Q)
                                                      0.049     1.802 r  fft_butterfly_2_inst_2/g3_reg_reg[r][0]/Q
                         net (fo=4, routed)           0.072     1.874    fft_butterfly_2_inst_2/Q[0]
    SLICE_X75Y113        LUT2 (Prop_A6LUT_SLICEL_I0_O)
                                                      0.015     1.889 r  fft_butterfly_2_inst_2/ARG_carry_i_8__4/O
                         net (fo=1, routed)           0.001     1.890    fft_butterfly_3_inst_2/S[0]
    SLICE_X75Y113        CARRY8 (Prop_CARRY8_SLICEL_S[0]_O[0])
                                                      0.032     1.922 r  fft_butterfly_3_inst_2/ARG_carry/O[0]
                         net (fo=1, routed)           0.010     1.932    fft_butterfly_3_inst_2/ARG_carry_n_15
    SLICE_X75Y113        FDRE                                         r  fft_butterfly_3_inst_2/g5_reg_reg[r][0]/D
  -------------------------------------------------------------------    -------------------

                         (clock clk_pin_p rise edge)
                                                      0.000     0.000 r  
    BC10                                              0.000     0.000 r  clk (IN)
                         net (fo=0)                   0.000     0.000    clk_IBUF_inst/I
    BC10                 INBUF (Prop_INBUF_HPIOB_PAD_O)
                                                      0.569     0.569 r  clk_IBUF_inst/INBUF_INST/O
                         net (fo=1, routed)           0.047     0.616    clk_IBUF_inst/OUT
    BC10                 IBUFCTRL (Prop_IBUFCTRL_HPIOB_I_O)
                                                      0.000     0.616 r  clk_IBUF_inst/IBUFCTRL_INST/O
                         net (fo=1, routed)           0.409     1.025    clk_IBUF
    BUFGCE_X2Y48         BUFGCE (Prop_BUFCE_BUFGCE_I_O)
                                                      0.031     1.056 r  clk_IBUF_BUFG_inst/O
    X2Y2 (CLOCK_ROOT)    net (fo=361, routed)         1.309     2.365    fft_butterfly_3_inst_2/CLK
    SLICE_X75Y113        FDRE                                         r  fft_butterfly_3_inst_2/g5_reg_reg[r][0]/C
                         clock pessimism             -0.568     1.797    
    SLICE_X75Y113        FDRE (Hold_AFF_SLICEL_C_D)
                                                      0.056     1.853    fft_butterfly_3_inst_2/g5_reg_reg[r][0]
  -------------------------------------------------------------------
                         required time                         -1.853    
                         arrival time                           1.932    
  -------------------------------------------------------------------
                         slack                                  0.079    

Slack (MET) :             0.082ns  (arrival time - required time)
  Source:                 fft_butterfly_2_inst_1/g3_reg_reg[r][8]/C
                            (rising edge-triggered cell FDRE clocked by clk_pin_p  {rise@0.000ns fall@12.500ns period=25.000ns})
  Destination:            fft_butterfly_3_inst_0/g5_reg_reg[r][8]/D
                            (rising edge-triggered cell FDRE clocked by clk_pin_p  {rise@0.000ns fall@12.500ns period=25.000ns})
  Path Group:             clk_pin_p
  Path Type:              Hold (Min at Fast Process Corner)
  Requirement:            0.000ns  (clk_pin_p rise@0.000ns - clk_pin_p rise@0.000ns)
  Data Path Delay:        0.173ns  (logic 0.096ns (55.491%)  route 0.077ns (44.509%))
  Logic Levels:           2  (CARRY8=1 LUT2=1)
  Clock Path Skew:        0.035ns (DCD - SCD - CPR)
    Destination Clock Delay (DCD):    2.373ns
    Source Clock Delay      (SCD):    1.756ns
    Clock Pessimism Removal (CPR):    0.582ns
  Clock Net Delay (Source):      1.130ns (routing 0.457ns, distribution 0.673ns)
  Clock Net Delay (Destination): 1.317ns (routing 0.504ns, distribution 0.813ns)

    Location             Delay type                Incr(ns)  Path(ns)    Netlist Resource(s)
  -------------------------------------------------------------------    -------------------
                         (clock clk_pin_p rise edge)
                                                      0.000     0.000 r  
    BC10                                              0.000     0.000 r  clk (IN)
                         net (fo=0)                   0.000     0.000    clk_IBUF_inst/I
    BC10                 INBUF (Prop_INBUF_HPIOB_PAD_O)
                                                      0.222     0.222 r  clk_IBUF_inst/INBUF_INST/O
                         net (fo=1, routed)           0.027     0.249    clk_IBUF_inst/OUT
    BC10                 IBUFCTRL (Prop_IBUFCTRL_HPIOB_I_O)
                                                      0.000     0.249 r  clk_IBUF_inst/IBUFCTRL_INST/O
                         net (fo=1, routed)           0.350     0.599    clk_IBUF
    BUFGCE_X2Y48         BUFGCE (Prop_BUFCE_BUFGCE_I_O)
                                                      0.027     0.626 r  clk_IBUF_BUFG_inst/O
    X2Y2 (CLOCK_ROOT)    net (fo=361, routed)         1.130     1.756    fft_butterfly_2_inst_1/CLK
    SLICE_X79Y132        FDRE                                         r  fft_butterfly_2_inst_1/g3_reg_reg[r][8]/C
  -------------------------------------------------------------------    -------------------
    SLICE_X79Y132        FDRE (Prop_AFF_SLICEM_C_Q)
                                                      0.049     1.805 r  fft_butterfly_2_inst_1/g3_reg_reg[r][8]/Q
                         net (fo=2, routed)           0.066     1.871    fft_butterfly_2_inst_0/g5_reg_reg[r][12][8]
    SLICE_X80Y132        LUT2 (Prop_A6LUT_SLICEL_I1_O)
                                                      0.015     1.886 r  fft_butterfly_2_inst_0/ARG_carry__0_i_5/O
                         net (fo=1, routed)           0.001     1.887    fft_butterfly_3_inst_0/g5_reg_reg[r][12]_2[0]
    SLICE_X80Y132        CARRY8 (Prop_CARRY8_SLICEL_S[0]_O[0])
                                                      0.032     1.919 r  fft_butterfly_3_inst_0/ARG_carry__0/O[0]
                         net (fo=1, routed)           0.010     1.929    fft_butterfly_3_inst_0/ARG_carry__0_n_15
    SLICE_X80Y132        FDRE                                         r  fft_butterfly_3_inst_0/g5_reg_reg[r][8]/D
  -------------------------------------------------------------------    -------------------

                         (clock clk_pin_p rise edge)
                                                      0.000     0.000 r  
    BC10                                              0.000     0.000 r  clk (IN)
                         net (fo=0)                   0.000     0.000    clk_IBUF_inst/I
    BC10                 INBUF (Prop_INBUF_HPIOB_PAD_O)
                                                      0.569     0.569 r  clk_IBUF_inst/INBUF_INST/O
                         net (fo=1, routed)           0.047     0.616    clk_IBUF_inst/OUT
    BC10                 IBUFCTRL (Prop_IBUFCTRL_HPIOB_I_O)
                                                      0.000     0.616 r  clk_IBUF_inst/IBUFCTRL_INST/O
                         net (fo=1, routed)           0.409     1.025    clk_IBUF
    BUFGCE_X2Y48         BUFGCE (Prop_BUFCE_BUFGCE_I_O)
                                                      0.031     1.056 r  clk_IBUF_BUFG_inst/O
    X2Y2 (CLOCK_ROOT)    net (fo=361, routed)         1.317     2.373    fft_butterfly_3_inst_0/CLK
    SLICE_X80Y132        FDRE                                         r  fft_butterfly_3_inst_0/g5_reg_reg[r][8]/C
                         clock pessimism             -0.582     1.791    
    SLICE_X80Y132        FDRE (Hold_AFF_SLICEL_C_D)
                                                      0.056     1.847    fft_butterfly_3_inst_0/g5_reg_reg[r][8]
  -------------------------------------------------------------------
                         required time                         -1.847    
                         arrival time                           1.929    
  -------------------------------------------------------------------
                         slack                                  0.082    





Pulse Width Checks
--------------------------------------------------------------------------------------
Clock Name:         clk_pin_p
Waveform(ns):       { 0.000 12.500 }
Period(ns):         25.000
Sources:            { clk }

Check Type        Corner  Lib Pin         Reference Pin  Required(ns)  Actual(ns)  Slack(ns)  Location        Pin
Min Period        n/a     BUFGCE/I        n/a            1.176         25.000      23.824     BUFGCE_X2Y48    clk_IBUF_BUFG_inst/I
Min Period        n/a     DSP_OUTPUT/CLK  n/a            1.150         25.000      23.850     DSP48E2_X14Y56  fft_butterfly_2_inst_0/ARG/DSP_OUTPUT_INST/CLK
Min Period        n/a     DSP_OUTPUT/CLK  n/a            1.150         25.000      23.850     DSP48E2_X14Y54  fft_butterfly_2_inst_0/ARG0/DSP_OUTPUT_INST/CLK
Min Period        n/a     DSP_OUTPUT/CLK  n/a            1.150         25.000      23.850     DSP48E2_X14Y53  fft_butterfly_2_inst_1/ARG/DSP_OUTPUT_INST/CLK
Min Period        n/a     DSP_OUTPUT/CLK  n/a            1.150         25.000      23.850     DSP48E2_X14Y57  fft_butterfly_2_inst_1/ARG0__0/DSP_OUTPUT_INST/CLK
Min Period        n/a     DSP_OUTPUT/CLK  n/a            1.150         25.000      23.850     DSP48E2_X13Y51  fft_butterfly_2_inst_2/ARG/DSP_OUTPUT_INST/CLK
Min Period        n/a     DSP_OUTPUT/CLK  n/a            1.150         25.000      23.850     DSP48E2_X13Y44  fft_butterfly_2_inst_2/ARG0/DSP_OUTPUT_INST/CLK
Min Period        n/a     DSP_OUTPUT/CLK  n/a            1.150         25.000      23.850     DSP48E2_X13Y46  fft_butterfly_2_inst_3/ARG/DSP_OUTPUT_INST/CLK
Min Period        n/a     DSP_OUTPUT/CLK  n/a            1.150         25.000      23.850     DSP48E2_X13Y49  fft_butterfly_2_inst_3/ARG0__0/DSP_OUTPUT_INST/CLK
Min Period        n/a     DSP_OUTPUT/CLK  n/a            1.150         25.000      23.850     DSP48E2_X17Y69  fft_butterfly_3_inst_0/ARG/DSP_OUTPUT_INST/CLK
Low Pulse Width   Slow    FDRE/C          n/a            0.275         12.500      12.225     SLICE_X78Y114   fft_butterfly_1_inst_0/g1_reg_reg[r][0]/C
Low Pulse Width   Fast    FDRE/C          n/a            0.275         12.500      12.225     SLICE_X78Y114   fft_butterfly_1_inst_0/g1_reg_reg[r][0]/C
Low Pulse Width   Slow    FDRE/C          n/a            0.275         12.500      12.225     SLICE_X78Y114   fft_butterfly_1_inst_0/g1_reg_reg[r][1]/C
Low Pulse Width   Fast    FDRE/C          n/a            0.275         12.500      12.225     SLICE_X78Y114   fft_butterfly_1_inst_0/g1_reg_reg[r][1]/C
Low Pulse Width   Slow    FDRE/C          n/a            0.275         12.500      12.225     SLICE_X78Y114   fft_butterfly_1_inst_0/g1_reg_reg[r][2]/C
Low Pulse Width   Fast    FDRE/C          n/a            0.275         12.500      12.225     SLICE_X78Y114   fft_butterfly_1_inst_0/g1_reg_reg[r][2]/C
Low Pulse Width   Slow    FDRE/C          n/a            0.275         12.500      12.225     SLICE_X78Y114   fft_butterfly_1_inst_0/g1_reg_reg[r][3]/C
Low Pulse Width   Fast    FDRE/C          n/a            0.275         12.500      12.225     SLICE_X78Y114   fft_butterfly_1_inst_0/g1_reg_reg[r][3]/C
Low Pulse Width   Slow    FDRE/C          n/a            0.275         12.500      12.225     SLICE_X78Y114   fft_butterfly_1_inst_0/g1_reg_reg[r][4]/C
Low Pulse Width   Fast    FDRE/C          n/a            0.275         12.500      12.225     SLICE_X78Y114   fft_butterfly_1_inst_0/g1_reg_reg[r][4]/C
High Pulse Width  Slow    FDRE/C          n/a            0.275         12.500      12.225     SLICE_X78Y114   fft_butterfly_1_inst_0/g1_reg_reg[r][0]/C
High Pulse Width  Fast    FDRE/C          n/a            0.275         12.500      12.225     SLICE_X78Y114   fft_butterfly_1_inst_0/g1_reg_reg[r][0]/C
High Pulse Width  Slow    FDRE/C          n/a            0.275         12.500      12.225     SLICE_X78Y114   fft_butterfly_1_inst_0/g1_reg_reg[r][1]/C
High Pulse Width  Fast    FDRE/C          n/a            0.275         12.500      12.225     SLICE_X78Y114   fft_butterfly_1_inst_0/g1_reg_reg[r][1]/C
High Pulse Width  Slow    FDRE/C          n/a            0.275         12.500      12.225     SLICE_X78Y114   fft_butterfly_1_inst_0/g1_reg_reg[r][2]/C
High Pulse Width  Fast    FDRE/C          n/a            0.275         12.500      12.225     SLICE_X78Y114   fft_butterfly_1_inst_0/g1_reg_reg[r][2]/C
High Pulse Width  Slow    FDRE/C          n/a            0.275         12.500      12.225     SLICE_X78Y114   fft_butterfly_1_inst_0/g1_reg_reg[r][3]/C
High Pulse Width  Fast    FDRE/C          n/a            0.275         12.500      12.225     SLICE_X78Y114   fft_butterfly_1_inst_0/g1_reg_reg[r][3]/C
High Pulse Width  Slow    FDRE/C          n/a            0.275         12.500      12.225     SLICE_X78Y114   fft_butterfly_1_inst_0/g1_reg_reg[r][4]/C
High Pulse Width  Fast    FDRE/C          n/a            0.275         12.500      12.225     SLICE_X78Y114   fft_butterfly_1_inst_0/g1_reg_reg[r][4]/C



--------------------------------------------------------------------------------------
Path Group:  (none)
From Clock:  clk_pin_p
  To Clock:  

Max Delay           241 Endpoints
Min Delay           241 Endpoints
--------------------------------------------------------------------------------------


Max Delay Paths
--------------------------------------------------------------------------------------
Slack:                    inf
  Source:                 fft_butterlfy_3_inst_3/g5_reg_reg[r][9]/C
                            (rising edge-triggered cell FDRE clocked by clk_pin_p  {rise@0.000ns fall@12.500ns period=25.000ns})
  Destination:            data_real_out[3][9]
                            (output port)
  Path Group:             (none)
  Path Type:              Max at Slow Process Corner
  Data Path Delay:        4.458ns  (logic 1.256ns (28.169%)  route 3.202ns (71.831%))
  Logic Levels:           1  (OBUF=1)
  Clock Uncertainty:      0.025ns  ((TSJ^2 + TIJ^2)^1/2 + DJ) / 2 + PE
    Total System Jitter     (TSJ):    0.050ns
    Total Input Jitter      (TIJ):    0.000ns
    Discrete Jitter          (DJ):    0.000ns
    Phase Error              (PE):    0.000ns
  Clock Net Delay (Source):      2.170ns (routing 0.829ns, distribution 1.341ns)

    Location             Delay type                Incr(ns)  Path(ns)    Netlist Resource(s)
  -------------------------------------------------------------------    -------------------
                         (clock clk_pin_p rise edge)
                                                      0.000     0.000 r  
    BC10                                              0.000     0.000 r  clk (IN)
                         net (fo=0)                   0.000     0.000    clk_IBUF_inst/I
    BC10                 INBUF (Prop_INBUF_HPIOB_PAD_O)
                                                      0.540     0.540 r  clk_IBUF_inst/INBUF_INST/O
                         net (fo=1, routed)           0.079     0.619    clk_IBUF_inst/OUT
    BC10                 IBUFCTRL (Prop_IBUFCTRL_HPIOB_I_O)
                                                      0.000     0.619 r  clk_IBUF_inst/IBUFCTRL_INST/O
                         net (fo=1, routed)           0.652     1.271    clk_IBUF
    BUFGCE_X2Y48         BUFGCE (Prop_BUFCE_BUFGCE_I_O)
                                                      0.067     1.338 r  clk_IBUF_BUFG_inst/O
    X2Y2 (CLOCK_ROOT)    net (fo=361, routed)         2.170     3.508    fft_butterlfy_3_inst_3/CLK
    SLICE_X71Y112        FDRE                                         r  fft_butterlfy_3_inst_3/g5_reg_reg[r][9]/C
  -------------------------------------------------------------------    -------------------
    SLICE_X71Y112        FDRE (Prop_BFF_SLICEM_C_Q)
                                                      0.102     3.610 r  fft_butterlfy_3_inst_3/g5_reg_reg[r][9]/Q
                         net (fo=1, routed)           3.202     6.812    data_real_out[3]_OBUF[9]
    BB21                 OBUF (Prop_OUTBUF_HRIO_I_O)
                                                      1.154     7.965 r  data_real_out[3][9]_INST_0/O
                         net (fo=0)                   0.000     7.965    data_real_out[3][9]
    BB21                                                              r  data_real_out[3][9] (OUT)
  -------------------------------------------------------------------    -------------------

Slack:                    inf
  Source:                 fft_butterlfy_3_inst_3/g5_reg_reg[r][0]/C
                            (rising edge-triggered cell FDRE clocked by clk_pin_p  {rise@0.000ns fall@12.500ns period=25.000ns})
  Destination:            data_real_out[3][0]
                            (output port)
  Path Group:             (none)
  Path Type:              Max at Slow Process Corner
  Data Path Delay:        4.418ns  (logic 1.244ns (28.150%)  route 3.174ns (71.850%))
  Logic Levels:           1  (OBUF=1)
  Clock Uncertainty:      0.025ns  ((TSJ^2 + TIJ^2)^1/2 + DJ) / 2 + PE
    Total System Jitter     (TSJ):    0.050ns
    Total Input Jitter      (TIJ):    0.000ns
    Discrete Jitter          (DJ):    0.000ns
    Phase Error              (PE):    0.000ns
  Clock Net Delay (Source):      2.169ns (routing 0.829ns, distribution 1.340ns)

    Location             Delay type                Incr(ns)  Path(ns)    Netlist Resource(s)
  -------------------------------------------------------------------    -------------------
                         (clock clk_pin_p rise edge)
                                                      0.000     0.000 r  
    BC10                                              0.000     0.000 r  clk (IN)
                         net (fo=0)                   0.000     0.000    clk_IBUF_inst/I
    BC10                 INBUF (Prop_INBUF_HPIOB_PAD_O)
                                                      0.540     0.540 r  clk_IBUF_inst/INBUF_INST/O
                         net (fo=1, routed)           0.079     0.619    clk_IBUF_inst/OUT
    BC10                 IBUFCTRL (Prop_IBUFCTRL_HPIOB_I_O)
                                                      0.000     0.619 r  clk_IBUF_inst/IBUFCTRL_INST/O
                         net (fo=1, routed)           0.652     1.271    clk_IBUF
    BUFGCE_X2Y48         BUFGCE (Prop_BUFCE_BUFGCE_I_O)
                                                      0.067     1.338 r  clk_IBUF_BUFG_inst/O
    X2Y2 (CLOCK_ROOT)    net (fo=361, routed)         2.169     3.507    fft_butterlfy_3_inst_3/CLK
    SLICE_X71Y111        FDRE                                         r  fft_butterlfy_3_inst_3/g5_reg_reg[r][0]/C
  -------------------------------------------------------------------    -------------------
    SLICE_X71Y111        FDRE (Prop_AFF_SLICEM_C_Q)
                                                      0.103     3.610 r  fft_butterlfy_3_inst_3/g5_reg_reg[r][0]/Q
                         net (fo=1, routed)           3.174     6.784    data_real_out[3]_OBUF[0]
    AW23                 OBUF (Prop_OUTBUF_HRIO_I_O)
                                                      1.141     7.924 r  data_real_out[3][0]_INST_0/O
                         net (fo=0)                   0.000     7.924    data_real_out[3][0]
    AW23                                                              r  data_real_out[3][0] (OUT)
  -------------------------------------------------------------------    -------------------

Slack:                    inf
  Source:                 fft_butterlfy_3_inst_3/g5_reg_reg[r][7]/C
                            (rising edge-triggered cell FDRE clocked by clk_pin_p  {rise@0.000ns fall@12.500ns period=25.000ns})
  Destination:            data_real_out[3][7]
                            (output port)
  Path Group:             (none)
  Path Type:              Max at Slow Process Corner
  Data Path Delay:        4.416ns  (logic 1.261ns (28.561%)  route 3.155ns (71.439%))
  Logic Levels:           1  (OBUF=1)
  Clock Uncertainty:      0.025ns  ((TSJ^2 + TIJ^2)^1/2 + DJ) / 2 + PE
    Total System Jitter     (TSJ):    0.050ns
    Total Input Jitter      (TIJ):    0.000ns
    Discrete Jitter          (DJ):    0.000ns
    Phase Error              (PE):    0.000ns
  Clock Net Delay (Source):      2.167ns (routing 0.829ns, distribution 1.338ns)

    Location             Delay type                Incr(ns)  Path(ns)    Netlist Resource(s)
  -------------------------------------------------------------------    -------------------
                         (clock clk_pin_p rise edge)
                                                      0.000     0.000 r  
    BC10                                              0.000     0.000 r  clk (IN)
                         net (fo=0)                   0.000     0.000    clk_IBUF_inst/I
    BC10                 INBUF (Prop_INBUF_HPIOB_PAD_O)
                                                      0.540     0.540 r  clk_IBUF_inst/INBUF_INST/O
                         net (fo=1, routed)           0.079     0.619    clk_IBUF_inst/OUT
    BC10                 IBUFCTRL (Prop_IBUFCTRL_HPIOB_I_O)
                                                      0.000     0.619 r  clk_IBUF_inst/IBUFCTRL_INST/O
                         net (fo=1, routed)           0.652     1.271    clk_IBUF
    BUFGCE_X2Y48         BUFGCE (Prop_BUFCE_BUFGCE_I_O)
                                                      0.067     1.338 r  clk_IBUF_BUFG_inst/O
    X2Y2 (CLOCK_ROOT)    net (fo=361, routed)         2.167     3.505    fft_butterlfy_3_inst_3/CLK
    SLICE_X71Y111        FDRE                                         r  fft_butterlfy_3_inst_3/g5_reg_reg[r][7]/C
  -------------------------------------------------------------------    -------------------
    SLICE_X71Y111        FDRE (Prop_HFF_SLICEM_C_Q)
                                                      0.102     3.607 r  fft_butterlfy_3_inst_3/g5_reg_reg[r][7]/Q
                         net (fo=1, routed)           3.155     6.762    data_real_out[3]_OBUF[7]
    AY25                 OBUF (Prop_OUTBUF_HRIO_I_O)
                                                      1.159     7.921 r  data_real_out[3][7]_INST_0/O
                         net (fo=0)                   0.000     7.921    data_real_out[3][7]
    AY25                                                              r  data_real_out[3][7] (OUT)
  -------------------------------------------------------------------    -------------------

Slack:                    inf
  Source:                 fft_butterlfy_3_inst_3/g5_reg_reg[r][10]/C
                            (rising edge-triggered cell FDRE clocked by clk_pin_p  {rise@0.000ns fall@12.500ns period=25.000ns})
  Destination:            data_real_out[3][10]
                            (output port)
  Path Group:             (none)
  Path Type:              Max at Slow Process Corner
  Data Path Delay:        4.375ns  (logic 1.270ns (29.022%)  route 3.105ns (70.978%))
  Logic Levels:           1  (OBUF=1)
  Clock Uncertainty:      0.025ns  ((TSJ^2 + TIJ^2)^1/2 + DJ) / 2 + PE
    Total System Jitter     (TSJ):    0.050ns
    Total Input Jitter      (TIJ):    0.000ns
    Discrete Jitter          (DJ):    0.000ns
    Phase Error              (PE):    0.000ns
  Clock Net Delay (Source):      2.170ns (routing 0.829ns, distribution 1.341ns)

    Location             Delay type                Incr(ns)  Path(ns)    Netlist Resource(s)
  -------------------------------------------------------------------    -------------------
                         (clock clk_pin_p rise edge)
                                                      0.000     0.000 r  
    BC10                                              0.000     0.000 r  clk (IN)
                         net (fo=0)                   0.000     0.000    clk_IBUF_inst/I
    BC10                 INBUF (Prop_INBUF_HPIOB_PAD_O)
                                                      0.540     0.540 r  clk_IBUF_inst/INBUF_INST/O
                         net (fo=1, routed)           0.079     0.619    clk_IBUF_inst/OUT
    BC10                 IBUFCTRL (Prop_IBUFCTRL_HPIOB_I_O)
                                                      0.000     0.619 r  clk_IBUF_inst/IBUFCTRL_INST/O
                         net (fo=1, routed)           0.652     1.271    clk_IBUF
    BUFGCE_X2Y48         BUFGCE (Prop_BUFCE_BUFGCE_I_O)
                                                      0.067     1.338 r  clk_IBUF_BUFG_inst/O
    X2Y2 (CLOCK_ROOT)    net (fo=361, routed)         2.170     3.508    fft_butterlfy_3_inst_3/CLK
    SLICE_X71Y112        FDRE                                         r  fft_butterlfy_3_inst_3/g5_reg_reg[r][10]/C
  -------------------------------------------------------------------    -------------------
    SLICE_X71Y112        FDRE (Prop_CFF_SLICEM_C_Q)
                                                      0.102     3.610 r  fft_butterlfy_3_inst_3/g5_reg_reg[r][10]/Q
                         net (fo=1, routed)           3.105     6.715    data_real_out[3]_OBUF[10]
    BA25                 OBUF (Prop_OUTBUF_HRIO_I_O)
                                                      1.168     7.882 r  data_real_out[3][10]_INST_0/O
                         net (fo=0)                   0.000     7.882    data_real_out[3][10]
    BA25                                                              r  data_real_out[3][10] (OUT)
  -------------------------------------------------------------------    -------------------

Slack:                    inf
  Source:                 fft_butterfly_3_inst_1/g5_reg_reg[r][6]/C
                            (rising edge-triggered cell FDRE clocked by clk_pin_p  {rise@0.000ns fall@12.500ns period=25.000ns})
  Destination:            data_real_out[2][6]
                            (output port)
  Path Group:             (none)
  Path Type:              Max at Slow Process Corner
  Data Path Delay:        4.291ns  (logic 1.236ns (28.807%)  route 3.055ns (71.193%))
  Logic Levels:           1  (OBUF=1)
  Clock Uncertainty:      0.025ns  ((TSJ^2 + TIJ^2)^1/2 + DJ) / 2 + PE
    Total System Jitter     (TSJ):    0.050ns
    Total Input Jitter      (TIJ):    0.000ns
    Discrete Jitter          (DJ):    0.000ns
    Phase Error              (PE):    0.000ns
  Clock Net Delay (Source):      2.231ns (routing 0.829ns, distribution 1.402ns)

    Location             Delay type                Incr(ns)  Path(ns)    Netlist Resource(s)
  -------------------------------------------------------------------    -------------------
                         (clock clk_pin_p rise edge)
                                                      0.000     0.000 r  
    BC10                                              0.000     0.000 r  clk (IN)
                         net (fo=0)                   0.000     0.000    clk_IBUF_inst/I
    BC10                 INBUF (Prop_INBUF_HPIOB_PAD_O)
                                                      0.540     0.540 r  clk_IBUF_inst/INBUF_INST/O
                         net (fo=1, routed)           0.079     0.619    clk_IBUF_inst/OUT
    BC10                 IBUFCTRL (Prop_IBUFCTRL_HPIOB_I_O)
                                                      0.000     0.619 r  clk_IBUF_inst/IBUFCTRL_INST/O
                         net (fo=1, routed)           0.652     1.271    clk_IBUF
    BUFGCE_X2Y48         BUFGCE (Prop_BUFCE_BUFGCE_I_O)
                                                      0.067     1.338 r  clk_IBUF_BUFG_inst/O
    X2Y2 (CLOCK_ROOT)    net (fo=361, routed)         2.231     3.569    fft_butterfly_3_inst_1/CLK
    SLICE_X77Y133        FDRE                                         r  fft_butterfly_3_inst_1/g5_reg_reg[r][6]/C
  -------------------------------------------------------------------    -------------------
    SLICE_X77Y133        FDRE (Prop_GFF_SLICEM_C_Q)
                                                      0.102     3.671 r  fft_butterfly_3_inst_1/g5_reg_reg[r][6]/Q
                         net (fo=1, routed)           3.055     6.726    data_real_out[2]_OBUF[6]
    AN21                 OBUF (Prop_OUTBUF_HRIO_I_O)
                                                      1.134     7.860 r  data_real_out[2][6]_INST_0/O
                         net (fo=0)                   0.000     7.860    data_real_out[2][6]
    AN21                                                              r  data_real_out[2][6] (OUT)
  -------------------------------------------------------------------    -------------------

Slack:                    inf
  Source:                 fft_butterlfy_3_inst_3/g5_reg_reg[r][8]/C
                            (rising edge-triggered cell FDRE clocked by clk_pin_p  {rise@0.000ns fall@12.500ns period=25.000ns})
  Destination:            data_real_out[3][8]
                            (output port)
  Path Group:             (none)
  Path Type:              Max at Slow Process Corner
  Data Path Delay:        4.346ns  (logic 1.254ns (28.851%)  route 3.092ns (71.149%))
  Logic Levels:           1  (OBUF=1)
  Clock Uncertainty:      0.025ns  ((TSJ^2 + TIJ^2)^1/2 + DJ) / 2 + PE
    Total System Jitter     (TSJ):    0.050ns
    Total Input Jitter      (TIJ):    0.000ns
    Discrete Jitter          (DJ):    0.000ns
    Phase Error              (PE):    0.000ns
  Clock Net Delay (Source):      2.170ns (routing 0.829ns, distribution 1.341ns)

    Location             Delay type                Incr(ns)  Path(ns)    Netlist Resource(s)
  -------------------------------------------------------------------    -------------------
                         (clock clk_pin_p rise edge)
                                                      0.000     0.000 r  
    BC10                                              0.000     0.000 r  clk (IN)
                         net (fo=0)                   0.000     0.000    clk_IBUF_inst/I
    BC10                 INBUF (Prop_INBUF_HPIOB_PAD_O)
                                                      0.540     0.540 r  clk_IBUF_inst/INBUF_INST/O
                         net (fo=1, routed)           0.079     0.619    clk_IBUF_inst/OUT
    BC10                 IBUFCTRL (Prop_IBUFCTRL_HPIOB_I_O)
                                                      0.000     0.619 r  clk_IBUF_inst/IBUFCTRL_INST/O
                         net (fo=1, routed)           0.652     1.271    clk_IBUF
    BUFGCE_X2Y48         BUFGCE (Prop_BUFCE_BUFGCE_I_O)
                                                      0.067     1.338 r  clk_IBUF_BUFG_inst/O
    X2Y2 (CLOCK_ROOT)    net (fo=361, routed)         2.170     3.508    fft_butterlfy_3_inst_3/CLK
    SLICE_X71Y112        FDRE                                         r  fft_butterlfy_3_inst_3/g5_reg_reg[r][8]/C
  -------------------------------------------------------------------    -------------------
    SLICE_X71Y112        FDRE (Prop_AFF_SLICEM_C_Q)
                                                      0.103     3.611 r  fft_butterlfy_3_inst_3/g5_reg_reg[r][8]/Q
                         net (fo=1, routed)           3.092     6.703    data_real_out[3]_OBUF[8]
    BB22                 OBUF (Prop_OUTBUF_HRIO_I_O)
                                                      1.151     7.854 r  data_real_out[3][8]_INST_0/O
                         net (fo=0)                   0.000     7.854    data_real_out[3][8]
    BB22                                                              r  data_real_out[3][8] (OUT)
  -------------------------------------------------------------------    -------------------

Slack:                    inf
  Source:                 fft_butterlfy_3_inst_3/g5_reg_reg[r][14]_lopt_replica/C
                            (rising edge-triggered cell FDRE clocked by clk_pin_p  {rise@0.000ns fall@12.500ns period=25.000ns})
  Destination:            data_real_out[3][14]
                            (output port)
  Path Group:             (none)
  Path Type:              Max at Slow Process Corner
  Data Path Delay:        4.343ns  (logic 1.268ns (29.197%)  route 3.075ns (70.803%))
  Logic Levels:           1  (OBUF=1)
  Clock Uncertainty:      0.025ns  ((TSJ^2 + TIJ^2)^1/2 + DJ) / 2 + PE
    Total System Jitter     (TSJ):    0.050ns
    Total Input Jitter      (TIJ):    0.000ns
    Discrete Jitter          (DJ):    0.000ns
    Phase Error              (PE):    0.000ns
  Clock Net Delay (Source):      2.168ns (routing 0.829ns, distribution 1.339ns)

    Location             Delay type                Incr(ns)  Path(ns)    Netlist Resource(s)
  -------------------------------------------------------------------    -------------------
                         (clock clk_pin_p rise edge)
                                                      0.000     0.000 r  
    BC10                                              0.000     0.000 r  clk (IN)
                         net (fo=0)                   0.000     0.000    clk_IBUF_inst/I
    BC10                 INBUF (Prop_INBUF_HPIOB_PAD_O)
                                                      0.540     0.540 r  clk_IBUF_inst/INBUF_INST/O
                         net (fo=1, routed)           0.079     0.619    clk_IBUF_inst/OUT
    BC10                 IBUFCTRL (Prop_IBUFCTRL_HPIOB_I_O)
                                                      0.000     0.619 r  clk_IBUF_inst/IBUFCTRL_INST/O
                         net (fo=1, routed)           0.652     1.271    clk_IBUF
    BUFGCE_X2Y48         BUFGCE (Prop_BUFCE_BUFGCE_I_O)
                                                      0.067     1.338 r  clk_IBUF_BUFG_inst/O
    X2Y2 (CLOCK_ROOT)    net (fo=361, routed)         2.168     3.506    fft_butterlfy_3_inst_3/CLK
    SLICE_X71Y112        FDRE                                         r  fft_butterlfy_3_inst_3/g5_reg_reg[r][14]_lopt_replica/C
  -------------------------------------------------------------------    -------------------
    SLICE_X71Y112        FDRE (Prop_GFF2_SLICEM_C_Q)
                                                      0.102     3.608 r  fft_butterlfy_3_inst_3/g5_reg_reg[r][14]_lopt_replica/Q
                         net (fo=1, routed)           3.075     6.683    lopt_18
    BB24                 OBUF (Prop_OUTBUF_HRIO_I_O)
                                                      1.166     7.849 r  data_real_out[3][14]_INST_0/O
                         net (fo=0)                   0.000     7.849    data_real_out[3][14]
    BB24                                                              r  data_real_out[3][14] (OUT)
  -------------------------------------------------------------------    -------------------

Slack:                    inf
  Source:                 fft_butterlfy_3_inst_3/g5_reg_reg[r][2]/C
                            (rising edge-triggered cell FDRE clocked by clk_pin_p  {rise@0.000ns fall@12.500ns period=25.000ns})
  Destination:            data_real_out[3][2]
                            (output port)
  Path Group:             (none)
  Path Type:              Max at Slow Process Corner
  Data Path Delay:        4.337ns  (logic 1.259ns (29.033%)  route 3.078ns (70.967%))
  Logic Levels:           1  (OBUF=1)
  Clock Uncertainty:      0.025ns  ((TSJ^2 + TIJ^2)^1/2 + DJ) / 2 + PE
    Total System Jitter     (TSJ):    0.050ns
    Total Input Jitter      (TIJ):    0.000ns
    Discrete Jitter          (DJ):    0.000ns
    Phase Error              (PE):    0.000ns
  Clock Net Delay (Source):      2.169ns (routing 0.829ns, distribution 1.340ns)

    Location             Delay type                Incr(ns)  Path(ns)    Netlist Resource(s)
  -------------------------------------------------------------------    -------------------
                         (clock clk_pin_p rise edge)
                                                      0.000     0.000 r  
    BC10                                              0.000     0.000 r  clk (IN)
                         net (fo=0)                   0.000     0.000    clk_IBUF_inst/I
    BC10                 INBUF (Prop_INBUF_HPIOB_PAD_O)
                                                      0.540     0.540 r  clk_IBUF_inst/INBUF_INST/O
                         net (fo=1, routed)           0.079     0.619    clk_IBUF_inst/OUT
    BC10                 IBUFCTRL (Prop_IBUFCTRL_HPIOB_I_O)
                                                      0.000     0.619 r  clk_IBUF_inst/IBUFCTRL_INST/O
                         net (fo=1, routed)           0.652     1.271    clk_IBUF
    BUFGCE_X2Y48         BUFGCE (Prop_BUFCE_BUFGCE_I_O)
                                                      0.067     1.338 r  clk_IBUF_BUFG_inst/O
    X2Y2 (CLOCK_ROOT)    net (fo=361, routed)         2.169     3.507    fft_butterlfy_3_inst_3/CLK
    SLICE_X71Y111        FDRE                                         r  fft_butterlfy_3_inst_3/g5_reg_reg[r][2]/C
  -------------------------------------------------------------------    -------------------
    SLICE_X71Y111        FDRE (Prop_CFF_SLICEM_C_Q)
                                                      0.102     3.609 r  fft_butterlfy_3_inst_3/g5_reg_reg[r][2]/Q
                         net (fo=1, routed)           3.078     6.687    data_real_out[3]_OBUF[2]
    AY24                 OBUF (Prop_OUTBUF_HRIO_I_O)
                                                      1.157     7.844 r  data_real_out[3][2]_INST_0/O
                         net (fo=0)                   0.000     7.844    data_real_out[3][2]
    AY24                                                              r  data_real_out[3][2] (OUT)
  -------------------------------------------------------------------    -------------------

Slack:                    inf
  Source:                 fft_butterlfy_3_inst_3/g5_reg_reg[r][14]/C
                            (rising edge-triggered cell FDRE clocked by clk_pin_p  {rise@0.000ns fall@12.500ns period=25.000ns})
  Destination:            data_real_out[3][15]
                            (output port)
  Path Group:             (none)
  Path Type:              Max at Slow Process Corner
  Data Path Delay:        4.315ns  (logic 1.265ns (29.318%)  route 3.050ns (70.682%))
  Logic Levels:           1  (OBUF=1)
  Clock Uncertainty:      0.025ns  ((TSJ^2 + TIJ^2)^1/2 + DJ) / 2 + PE
    Total System Jitter     (TSJ):    0.050ns
    Total Input Jitter      (TIJ):    0.000ns
    Discrete Jitter          (DJ):    0.000ns
    Phase Error              (PE):    0.000ns
  Clock Net Delay (Source):      2.168ns (routing 0.829ns, distribution 1.339ns)

    Location             Delay type                Incr(ns)  Path(ns)    Netlist Resource(s)
  -------------------------------------------------------------------    -------------------
                         (clock clk_pin_p rise edge)
                                                      0.000     0.000 r  
    BC10                                              0.000     0.000 r  clk (IN)
                         net (fo=0)                   0.000     0.000    clk_IBUF_inst/I
    BC10                 INBUF (Prop_INBUF_HPIOB_PAD_O)
                                                      0.540     0.540 r  clk_IBUF_inst/INBUF_INST/O
                         net (fo=1, routed)           0.079     0.619    clk_IBUF_inst/OUT
    BC10                 IBUFCTRL (Prop_IBUFCTRL_HPIOB_I_O)
                                                      0.000     0.619 r  clk_IBUF_inst/IBUFCTRL_INST/O
                         net (fo=1, routed)           0.652     1.271    clk_IBUF
    BUFGCE_X2Y48         BUFGCE (Prop_BUFCE_BUFGCE_I_O)
                                                      0.067     1.338 r  clk_IBUF_BUFG_inst/O
    X2Y2 (CLOCK_ROOT)    net (fo=361, routed)         2.168     3.506    fft_butterlfy_3_inst_3/CLK
    SLICE_X71Y112        FDRE                                         r  fft_butterlfy_3_inst_3/g5_reg_reg[r][14]/C
  -------------------------------------------------------------------    -------------------
    SLICE_X71Y112        FDRE (Prop_GFF_SLICEM_C_Q)
                                                      0.102     3.608 r  fft_butterlfy_3_inst_3/g5_reg_reg[r][14]/Q
                         net (fo=1, routed)           3.050     6.658    data_real_out[3]_OBUF[14]
    BB23                 OBUF (Prop_OUTBUF_HRIO_I_O)
                                                      1.163     7.821 r  data_real_out[3][15]_INST_0/O
                         net (fo=0)                   0.000     7.821    data_real_out[3][15]
    BB23                                                              r  data_real_out[3][15] (OUT)
  -------------------------------------------------------------------    -------------------

Slack:                    inf
  Source:                 fft_butterlfy_3_inst_3/g5_reg_reg[r][12]/C
                            (rising edge-triggered cell FDRE clocked by clk_pin_p  {rise@0.000ns fall@12.500ns period=25.000ns})
  Destination:            data_real_out[3][12]
                            (output port)
  Path Group:             (none)
  Path Type:              Max at Slow Process Corner
  Data Path Delay:        4.285ns  (logic 1.264ns (29.502%)  route 3.021ns (70.498%))
  Logic Levels:           1  (OBUF=1)
  Clock Uncertainty:      0.025ns  ((TSJ^2 + TIJ^2)^1/2 + DJ) / 2 + PE
    Total System Jitter     (TSJ):    0.050ns
    Total Input Jitter      (TIJ):    0.000ns
    Discrete Jitter          (DJ):    0.000ns
    Phase Error              (PE):    0.000ns
  Clock Net Delay (Source):      2.168ns (routing 0.829ns, distribution 1.339ns)

    Location             Delay type                Incr(ns)  Path(ns)    Netlist Resource(s)
  -------------------------------------------------------------------    -------------------
                         (clock clk_pin_p rise edge)
                                                      0.000     0.000 r  
    BC10                                              0.000     0.000 r  clk (IN)
                         net (fo=0)                   0.000     0.000    clk_IBUF_inst/I
    BC10                 INBUF (Prop_INBUF_HPIOB_PAD_O)
                                                      0.540     0.540 r  clk_IBUF_inst/INBUF_INST/O
                         net (fo=1, routed)           0.079     0.619    clk_IBUF_inst/OUT
    BC10                 IBUFCTRL (Prop_IBUFCTRL_HPIOB_I_O)
                                                      0.000     0.619 r  clk_IBUF_inst/IBUFCTRL_INST/O
                         net (fo=1, routed)           0.652     1.271    clk_IBUF
    BUFGCE_X2Y48         BUFGCE (Prop_BUFCE_BUFGCE_I_O)
                                                      0.067     1.338 r  clk_IBUF_BUFG_inst/O
    X2Y2 (CLOCK_ROOT)    net (fo=361, routed)         2.168     3.506    fft_butterlfy_3_inst_3/CLK
    SLICE_X71Y112        FDRE                                         r  fft_butterlfy_3_inst_3/g5_reg_reg[r][12]/C
  -------------------------------------------------------------------    -------------------
    SLICE_X71Y112        FDRE (Prop_EFF_SLICEM_C_Q)
                                                      0.102     3.608 r  fft_butterlfy_3_inst_3/g5_reg_reg[r][12]/Q
                         net (fo=1, routed)           3.021     6.629    data_real_out[3]_OBUF[12]
    BC21                 OBUF (Prop_OUTBUF_HRIO_I_O)
                                                      1.162     7.791 r  data_real_out[3][12]_INST_0/O
                         net (fo=0)                   0.000     7.791    data_real_out[3][12]
    BC21                                                              r  data_real_out[3][12] (OUT)
  -------------------------------------------------------------------    -------------------





Min Delay Paths
--------------------------------------------------------------------------------------
Slack:                    inf
  Source:                 fft_butterfly_3_inst_0/ARG0/DSP_OUTPUT_INST/CLK
                            (rising edge-triggered cell DSP_OUTPUT clocked by clk_pin_p  {rise@0.000ns fall@12.500ns period=25.000ns})
  Destination:            data_real_out[4][13]
                            (output port)
  Path Group:             (none)
  Path Type:              Min at Fast Process Corner
  Data Path Delay:        1.148ns  (logic 0.501ns (43.637%)  route 0.647ns (56.363%))
  Logic Levels:           1  (OBUF=1)
  Clock Uncertainty:      0.025ns  ((TSJ^2 + TIJ^2)^1/2 + DJ) / 2 + PE
    Total System Jitter     (TSJ):    0.050ns
    Total Input Jitter      (TIJ):    0.000ns
    Discrete Jitter          (DJ):    0.000ns
    Phase Error              (PE):    0.000ns
  Clock Net Delay (Source):      1.046ns (routing 0.457ns, distribution 0.589ns)

    Location             Delay type                Incr(ns)  Path(ns)    Netlist Resource(s)
  -------------------------------------------------------------------    -------------------
                         (clock clk_pin_p rise edge)
                                                      0.000     0.000 r  
    BC10                                              0.000     0.000 r  clk (IN)
                         net (fo=0)                   0.000     0.000    clk_IBUF_inst/I
    BC10                 INBUF (Prop_INBUF_HPIOB_PAD_O)
                                                      0.222     0.222 r  clk_IBUF_inst/INBUF_INST/O
                         net (fo=1, routed)           0.027     0.249    clk_IBUF_inst/OUT
    BC10                 IBUFCTRL (Prop_IBUFCTRL_HPIOB_I_O)
                                                      0.000     0.249 r  clk_IBUF_inst/IBUFCTRL_INST/O
                         net (fo=1, routed)           0.350     0.599    clk_IBUF
    BUFGCE_X2Y48         BUFGCE (Prop_BUFCE_BUFGCE_I_O)
                                                      0.027     0.626 r  clk_IBUF_BUFG_inst/O
    X2Y2 (CLOCK_ROOT)    net (fo=361, routed)         1.046     1.672    fft_butterfly_3_inst_0/ARG0/CLK
    DSP48E2_X9Y88        DSP_OUTPUT                                   r  fft_butterfly_3_inst_0/ARG0/DSP_OUTPUT_INST/CLK
  -------------------------------------------------------------------    -------------------
    DSP48E2_X9Y88        DSP_OUTPUT (Prop_DSP_OUTPUT_DSP48E2_CLK_P[21])
                                                      0.100     1.772 r  fft_butterfly_3_inst_0/ARG0/DSP_OUTPUT_INST/P[21]
                         net (fo=1, routed)           0.647     2.419    data_real_out[4]_OBUF[13]
    AK30                 OBUF (Prop_OUTBUF_HPIOB_I_O)
                                                      0.401     2.820 r  data_real_out[4][13]_INST_0/O
                         net (fo=0)                   0.000     2.820    data_real_out[4][13]
    AK30                                                              r  data_real_out[4][13] (OUT)
  -------------------------------------------------------------------    -------------------

Slack:                    inf
  Source:                 fft_butterlfy_3_inst_3/ARG0/DSP_OUTPUT_INST/CLK
                            (rising edge-triggered cell DSP_OUTPUT clocked by clk_pin_p  {rise@0.000ns fall@12.500ns period=25.000ns})
  Destination:            data_real_out[7][13]
                            (output port)
  Path Group:             (none)
  Path Type:              Min at Fast Process Corner
  Data Path Delay:        1.193ns  (logic 0.546ns (45.779%)  route 0.647ns (54.221%))
  Logic Levels:           1  (OBUF=1)
  Clock Uncertainty:      0.025ns  ((TSJ^2 + TIJ^2)^1/2 + DJ) / 2 + PE
    Total System Jitter     (TSJ):    0.050ns
    Total Input Jitter      (TIJ):    0.000ns
    Discrete Jitter          (DJ):    0.000ns
    Phase Error              (PE):    0.000ns
  Clock Net Delay (Source):      1.022ns (routing 0.457ns, distribution 0.565ns)

    Location             Delay type                Incr(ns)  Path(ns)    Netlist Resource(s)
  -------------------------------------------------------------------    -------------------
                         (clock clk_pin_p rise edge)
                                                      0.000     0.000 r  
    BC10                                              0.000     0.000 r  clk (IN)
                         net (fo=0)                   0.000     0.000    clk_IBUF_inst/I
    BC10                 INBUF (Prop_INBUF_HPIOB_PAD_O)
                                                      0.222     0.222 r  clk_IBUF_inst/INBUF_INST/O
                         net (fo=1, routed)           0.027     0.249    clk_IBUF_inst/OUT
    BC10                 IBUFCTRL (Prop_IBUFCTRL_HPIOB_I_O)
                                                      0.000     0.249 r  clk_IBUF_inst/IBUFCTRL_INST/O
                         net (fo=1, routed)           0.350     0.599    clk_IBUF
    BUFGCE_X2Y48         BUFGCE (Prop_BUFCE_BUFGCE_I_O)
                                                      0.027     0.626 r  clk_IBUF_BUFG_inst/O
    X2Y2 (CLOCK_ROOT)    net (fo=361, routed)         1.022     1.648    fft_butterlfy_3_inst_3/ARG0/CLK
    DSP48E2_X9Y64        DSP_OUTPUT                                   r  fft_butterlfy_3_inst_3/ARG0/DSP_OUTPUT_INST/CLK
  -------------------------------------------------------------------    -------------------
    DSP48E2_X9Y64        DSP_OUTPUT (Prop_DSP_OUTPUT_DSP48E2_CLK_P[21])
                                                      0.100     1.748 r  fft_butterlfy_3_inst_3/ARG0/DSP_OUTPUT_INST/P[21]
                         net (fo=1, routed)           0.647     2.395    data_real_out[7]_OBUF[13]
    AY39                 OBUF (Prop_OUTBUF_HPIOB_I_O)
                                                      0.446     2.841 r  data_real_out[7][13]_INST_0/O
                         net (fo=0)                   0.000     2.841    data_real_out[7][13]
    AY39                                                              r  data_real_out[7][13] (OUT)
  -------------------------------------------------------------------    -------------------

Slack:                    inf
  Source:                 fft_butterfly_3_inst_2/ARG0/DSP_OUTPUT_INST/CLK
                            (rising edge-triggered cell DSP_OUTPUT clocked by clk_pin_p  {rise@0.000ns fall@12.500ns period=25.000ns})
  Destination:            data_real_out[5][12]
                            (output port)
  Path Group:             (none)
  Path Type:              Min at Fast Process Corner
  Data Path Delay:        1.176ns  (logic 0.493ns (41.917%)  route 0.683ns (58.083%))
  Logic Levels:           1  (OBUF=1)
  Clock Uncertainty:      0.025ns  ((TSJ^2 + TIJ^2)^1/2 + DJ) / 2 + PE
    Total System Jitter     (TSJ):    0.050ns
    Total Input Jitter      (TIJ):    0.000ns
    Discrete Jitter          (DJ):    0.000ns
    Phase Error              (PE):    0.000ns
  Clock Net Delay (Source):      1.042ns (routing 0.457ns, distribution 0.585ns)

    Location             Delay type                Incr(ns)  Path(ns)    Netlist Resource(s)
  -------------------------------------------------------------------    -------------------
                         (clock clk_pin_p rise edge)
                                                      0.000     0.000 r  
    BC10                                              0.000     0.000 r  clk (IN)
                         net (fo=0)                   0.000     0.000    clk_IBUF_inst/I
    BC10                 INBUF (Prop_INBUF_HPIOB_PAD_O)
                                                      0.222     0.222 r  clk_IBUF_inst/INBUF_INST/O
                         net (fo=1, routed)           0.027     0.249    clk_IBUF_inst/OUT
    BC10                 IBUFCTRL (Prop_IBUFCTRL_HPIOB_I_O)
                                                      0.000     0.249 r  clk_IBUF_inst/IBUFCTRL_INST/O
                         net (fo=1, routed)           0.350     0.599    clk_IBUF
    BUFGCE_X2Y48         BUFGCE (Prop_BUFCE_BUFGCE_I_O)
                                                      0.027     0.626 r  clk_IBUF_BUFG_inst/O
    X2Y2 (CLOCK_ROOT)    net (fo=361, routed)         1.042     1.668    fft_butterfly_3_inst_2/ARG0/CLK
    DSP48E2_X9Y80        DSP_OUTPUT                                   r  fft_butterfly_3_inst_2/ARG0/DSP_OUTPUT_INST/CLK
  -------------------------------------------------------------------    -------------------
    DSP48E2_X9Y80        DSP_OUTPUT (Prop_DSP_OUTPUT_DSP48E2_CLK_P[20])
                                                      0.101     1.769 r  fft_butterfly_3_inst_2/ARG0/DSP_OUTPUT_INST/P[20]
                         net (fo=1, routed)           0.683     2.452    data_real_out[5]_OBUF[12]
    AN33                 OBUF (Prop_OUTBUF_HPIOB_I_O)
                                                      0.392     2.844 r  data_real_out[5][12]_INST_0/O
                         net (fo=0)                   0.000     2.844    data_real_out[5][12]
    AN33                                                              r  data_real_out[5][12] (OUT)
  -------------------------------------------------------------------    -------------------

Slack:                    inf
  Source:                 fft_butterfly_3_inst_2/ARG0/DSP_OUTPUT_INST/CLK
                            (rising edge-triggered cell DSP_OUTPUT clocked by clk_pin_p  {rise@0.000ns fall@12.500ns period=25.000ns})
  Destination:            data_real_out[5][10]
                            (output port)
  Path Group:             (none)
  Path Type:              Min at Fast Process Corner
  Data Path Delay:        1.177ns  (logic 0.490ns (41.648%)  route 0.687ns (58.352%))
  Logic Levels:           1  (OBUF=1)
  Clock Uncertainty:      0.025ns  ((TSJ^2 + TIJ^2)^1/2 + DJ) / 2 + PE
    Total System Jitter     (TSJ):    0.050ns
    Total Input Jitter      (TIJ):    0.000ns
    Discrete Jitter          (DJ):    0.000ns
    Phase Error              (PE):    0.000ns
  Clock Net Delay (Source):      1.042ns (routing 0.457ns, distribution 0.585ns)

    Location             Delay type                Incr(ns)  Path(ns)    Netlist Resource(s)
  -------------------------------------------------------------------    -------------------
                         (clock clk_pin_p rise edge)
                                                      0.000     0.000 r  
    BC10                                              0.000     0.000 r  clk (IN)
                         net (fo=0)                   0.000     0.000    clk_IBUF_inst/I
    BC10                 INBUF (Prop_INBUF_HPIOB_PAD_O)
                                                      0.222     0.222 r  clk_IBUF_inst/INBUF_INST/O
                         net (fo=1, routed)           0.027     0.249    clk_IBUF_inst/OUT
    BC10                 IBUFCTRL (Prop_IBUFCTRL_HPIOB_I_O)
                                                      0.000     0.249 r  clk_IBUF_inst/IBUFCTRL_INST/O
                         net (fo=1, routed)           0.350     0.599    clk_IBUF
    BUFGCE_X2Y48         BUFGCE (Prop_BUFCE_BUFGCE_I_O)
                                                      0.027     0.626 r  clk_IBUF_BUFG_inst/O
    X2Y2 (CLOCK_ROOT)    net (fo=361, routed)         1.042     1.668    fft_butterfly_3_inst_2/ARG0/CLK
    DSP48E2_X9Y80        DSP_OUTPUT                                   r  fft_butterfly_3_inst_2/ARG0/DSP_OUTPUT_INST/CLK
  -------------------------------------------------------------------    -------------------
    DSP48E2_X9Y80        DSP_OUTPUT (Prop_DSP_OUTPUT_DSP48E2_CLK_P[18])
                                                      0.099     1.767 r  fft_butterfly_3_inst_2/ARG0/DSP_OUTPUT_INST/P[18]
                         net (fo=1, routed)           0.687     2.454    data_real_out[5]_OBUF[10]
    AK34                 OBUF (Prop_OUTBUF_HPIOB_I_O)
                                                      0.391     2.845 r  data_real_out[5][10]_INST_0/O
                         net (fo=0)                   0.000     2.845    data_real_out[5][10]
    AK34                                                              r  data_real_out[5][10] (OUT)
  -------------------------------------------------------------------    -------------------

Slack:                    inf
  Source:                 fft_butterfly_3_inst_0/ARG0/DSP_OUTPUT_INST/CLK
                            (rising edge-triggered cell DSP_OUTPUT clocked by clk_pin_p  {rise@0.000ns fall@12.500ns period=25.000ns})
  Destination:            data_real_out[4][12]
                            (output port)
  Path Group:             (none)
  Path Type:              Min at Fast Process Corner
  Data Path Delay:        1.188ns  (logic 0.505ns (42.524%)  route 0.683ns (57.476%))
  Logic Levels:           1  (OBUF=1)
  Clock Uncertainty:      0.025ns  ((TSJ^2 + TIJ^2)^1/2 + DJ) / 2 + PE
    Total System Jitter     (TSJ):    0.050ns
    Total Input Jitter      (TIJ):    0.000ns
    Discrete Jitter          (DJ):    0.000ns
    Phase Error              (PE):    0.000ns
  Clock Net Delay (Source):      1.046ns (routing 0.457ns, distribution 0.589ns)

    Location             Delay type                Incr(ns)  Path(ns)    Netlist Resource(s)
  -------------------------------------------------------------------    -------------------
                         (clock clk_pin_p rise edge)
                                                      0.000     0.000 r  
    BC10                                              0.000     0.000 r  clk (IN)
                         net (fo=0)                   0.000     0.000    clk_IBUF_inst/I
    BC10                 INBUF (Prop_INBUF_HPIOB_PAD_O)
                                                      0.222     0.222 r  clk_IBUF_inst/INBUF_INST/O
                         net (fo=1, routed)           0.027     0.249    clk_IBUF_inst/OUT
    BC10                 IBUFCTRL (Prop_IBUFCTRL_HPIOB_I_O)
                                                      0.000     0.249 r  clk_IBUF_inst/IBUFCTRL_INST/O
                         net (fo=1, routed)           0.350     0.599    clk_IBUF
    BUFGCE_X2Y48         BUFGCE (Prop_BUFCE_BUFGCE_I_O)
                                                      0.027     0.626 r  clk_IBUF_BUFG_inst/O
    X2Y2 (CLOCK_ROOT)    net (fo=361, routed)         1.046     1.672    fft_butterfly_3_inst_0/ARG0/CLK
    DSP48E2_X9Y88        DSP_OUTPUT                                   r  fft_butterfly_3_inst_0/ARG0/DSP_OUTPUT_INST/CLK
  -------------------------------------------------------------------    -------------------
    DSP48E2_X9Y88        DSP_OUTPUT (Prop_DSP_OUTPUT_DSP48E2_CLK_P[20])
                                                      0.101     1.773 r  fft_butterfly_3_inst_0/ARG0/DSP_OUTPUT_INST/P[20]
                         net (fo=1, routed)           0.683     2.456    data_real_out[4]_OBUF[12]
    AK29                 OBUF (Prop_OUTBUF_HPIOB_I_O)
                                                      0.404     2.860 r  data_real_out[4][12]_INST_0/O
                         net (fo=0)                   0.000     2.860    data_real_out[4][12]
    AK29                                                              r  data_real_out[4][12] (OUT)
  -------------------------------------------------------------------    -------------------

Slack:                    inf
  Source:                 fft_butterfly_3_inst_2/ARG0/DSP_OUTPUT_INST/CLK
                            (rising edge-triggered cell DSP_OUTPUT clocked by clk_pin_p  {rise@0.000ns fall@12.500ns period=25.000ns})
  Destination:            data_real_out[5][11]
                            (output port)
  Path Group:             (none)
  Path Type:              Min at Fast Process Corner
  Data Path Delay:        1.193ns  (logic 0.500ns (41.924%)  route 0.693ns (58.076%))
  Logic Levels:           1  (OBUF=1)
  Clock Uncertainty:      0.025ns  ((TSJ^2 + TIJ^2)^1/2 + DJ) / 2 + PE
    Total System Jitter     (TSJ):    0.050ns
    Total Input Jitter      (TIJ):    0.000ns
    Discrete Jitter          (DJ):    0.000ns
    Phase Error              (PE):    0.000ns
  Clock Net Delay (Source):      1.042ns (routing 0.457ns, distribution 0.585ns)

    Location             Delay type                Incr(ns)  Path(ns)    Netlist Resource(s)
  -------------------------------------------------------------------    -------------------
                         (clock clk_pin_p rise edge)
                                                      0.000     0.000 r  
    BC10                                              0.000     0.000 r  clk (IN)
                         net (fo=0)                   0.000     0.000    clk_IBUF_inst/I
    BC10                 INBUF (Prop_INBUF_HPIOB_PAD_O)
                                                      0.222     0.222 r  clk_IBUF_inst/INBUF_INST/O
                         net (fo=1, routed)           0.027     0.249    clk_IBUF_inst/OUT
    BC10                 IBUFCTRL (Prop_IBUFCTRL_HPIOB_I_O)
                                                      0.000     0.249 r  clk_IBUF_inst/IBUFCTRL_INST/O
                         net (fo=1, routed)           0.350     0.599    clk_IBUF
    BUFGCE_X2Y48         BUFGCE (Prop_BUFCE_BUFGCE_I_O)
                                                      0.027     0.626 r  clk_IBUF_BUFG_inst/O
    X2Y2 (CLOCK_ROOT)    net (fo=361, routed)         1.042     1.668    fft_butterfly_3_inst_2/ARG0/CLK
    DSP48E2_X9Y80        DSP_OUTPUT                                   r  fft_butterfly_3_inst_2/ARG0/DSP_OUTPUT_INST/CLK
  -------------------------------------------------------------------    -------------------
    DSP48E2_X9Y80        DSP_OUTPUT (Prop_DSP_OUTPUT_DSP48E2_CLK_P[19])
                                                      0.106     1.774 r  fft_butterfly_3_inst_2/ARG0/DSP_OUTPUT_INST/P[19]
                         net (fo=1, routed)           0.693     2.467    data_real_out[5]_OBUF[11]
    AL34                 OBUF (Prop_OUTBUF_HPIOB_I_O)
                                                      0.394     2.861 r  data_real_out[5][11]_INST_0/O
                         net (fo=0)                   0.000     2.861    data_real_out[5][11]
    AL34                                                              r  data_real_out[5][11] (OUT)
  -------------------------------------------------------------------    -------------------

Slack:                    inf
  Source:                 fft_butterfly_3_inst_0/ARG0/DSP_OUTPUT_INST/CLK
                            (rising edge-triggered cell DSP_OUTPUT clocked by clk_pin_p  {rise@0.000ns fall@12.500ns period=25.000ns})
  Destination:            data_real_out[4][4]
                            (output port)
  Path Group:             (none)
  Path Type:              Min at Fast Process Corner
  Data Path Delay:        1.197ns  (logic 0.485ns (40.508%)  route 0.712ns (59.492%))
  Logic Levels:           1  (OBUF=1)
  Clock Uncertainty:      0.025ns  ((TSJ^2 + TIJ^2)^1/2 + DJ) / 2 + PE
    Total System Jitter     (TSJ):    0.050ns
    Total Input Jitter      (TIJ):    0.000ns
    Discrete Jitter          (DJ):    0.000ns
    Phase Error              (PE):    0.000ns
  Clock Net Delay (Source):      1.046ns (routing 0.457ns, distribution 0.589ns)

    Location             Delay type                Incr(ns)  Path(ns)    Netlist Resource(s)
  -------------------------------------------------------------------    -------------------
                         (clock clk_pin_p rise edge)
                                                      0.000     0.000 r  
    BC10                                              0.000     0.000 r  clk (IN)
                         net (fo=0)                   0.000     0.000    clk_IBUF_inst/I
    BC10                 INBUF (Prop_INBUF_HPIOB_PAD_O)
                                                      0.222     0.222 r  clk_IBUF_inst/INBUF_INST/O
                         net (fo=1, routed)           0.027     0.249    clk_IBUF_inst/OUT
    BC10                 IBUFCTRL (Prop_IBUFCTRL_HPIOB_I_O)
                                                      0.000     0.249 r  clk_IBUF_inst/IBUFCTRL_INST/O
                         net (fo=1, routed)           0.350     0.599    clk_IBUF
    BUFGCE_X2Y48         BUFGCE (Prop_BUFCE_BUFGCE_I_O)
                                                      0.027     0.626 r  clk_IBUF_BUFG_inst/O
    X2Y2 (CLOCK_ROOT)    net (fo=361, routed)         1.046     1.672    fft_butterfly_3_inst_0/ARG0/CLK
    DSP48E2_X9Y88        DSP_OUTPUT                                   r  fft_butterfly_3_inst_0/ARG0/DSP_OUTPUT_INST/CLK
  -------------------------------------------------------------------    -------------------
    DSP48E2_X9Y88        DSP_OUTPUT (Prop_DSP_OUTPUT_DSP48E2_CLK_P[12])
                                                      0.107     1.779 r  fft_butterfly_3_inst_0/ARG0/DSP_OUTPUT_INST/P[12]
                         net (fo=1, routed)           0.712     2.491    data_real_out[4]_OBUF[4]
    AG34                 OBUF (Prop_OUTBUF_HPIOB_I_O)
                                                      0.378     2.869 r  data_real_out[4][4]_INST_0/O
                         net (fo=0)                   0.000     2.869    data_real_out[4][4]
    AG34                                                              r  data_real_out[4][4] (OUT)
  -------------------------------------------------------------------    -------------------

Slack:                    inf
  Source:                 fft_butterfly_3_inst_2/ARG0/DSP_OUTPUT_INST/CLK
                            (rising edge-triggered cell DSP_OUTPUT clocked by clk_pin_p  {rise@0.000ns fall@12.500ns period=25.000ns})
  Destination:            data_real_out[5][15]
                            (output port)
  Path Group:             (none)
  Path Type:              Min at Fast Process Corner
  Data Path Delay:        1.201ns  (logic 0.522ns (43.466%)  route 0.679ns (56.534%))
  Logic Levels:           1  (OBUF=1)
  Clock Uncertainty:      0.025ns  ((TSJ^2 + TIJ^2)^1/2 + DJ) / 2 + PE
    Total System Jitter     (TSJ):    0.050ns
    Total Input Jitter      (TIJ):    0.000ns
    Discrete Jitter          (DJ):    0.000ns
    Phase Error              (PE):    0.000ns
  Clock Net Delay (Source):      1.042ns (routing 0.457ns, distribution 0.585ns)

    Location             Delay type                Incr(ns)  Path(ns)    Netlist Resource(s)
  -------------------------------------------------------------------    -------------------
                         (clock clk_pin_p rise edge)
                                                      0.000     0.000 r  
    BC10                                              0.000     0.000 r  clk (IN)
                         net (fo=0)                   0.000     0.000    clk_IBUF_inst/I
    BC10                 INBUF (Prop_INBUF_HPIOB_PAD_O)
                                                      0.222     0.222 r  clk_IBUF_inst/INBUF_INST/O
                         net (fo=1, routed)           0.027     0.249    clk_IBUF_inst/OUT
    BC10                 IBUFCTRL (Prop_IBUFCTRL_HPIOB_I_O)
                                                      0.000     0.249 r  clk_IBUF_inst/IBUFCTRL_INST/O
                         net (fo=1, routed)           0.350     0.599    clk_IBUF
    BUFGCE_X2Y48         BUFGCE (Prop_BUFCE_BUFGCE_I_O)
                                                      0.027     0.626 r  clk_IBUF_BUFG_inst/O
    X2Y2 (CLOCK_ROOT)    net (fo=361, routed)         1.042     1.668    fft_butterfly_3_inst_2/ARG0/CLK
    DSP48E2_X9Y80        DSP_OUTPUT                                   r  fft_butterfly_3_inst_2/ARG0/DSP_OUTPUT_INST/CLK
  -------------------------------------------------------------------    -------------------
    DSP48E2_X9Y80        DSP_OUTPUT (Prop_DSP_OUTPUT_DSP48E2_CLK_P[23])
                                                      0.109     1.777 r  fft_butterfly_3_inst_2/ARG0/DSP_OUTPUT_INST/P[23]
                         net (fo=1, routed)           0.679     2.456    data_real_out[5]_OBUF[15]
    AN36                 OBUF (Prop_OUTBUF_HPIOB_I_O)
                                                      0.413     2.869 r  data_real_out[5][15]_INST_0/O
                         net (fo=0)                   0.000     2.869    data_real_out[5][15]
    AN36                                                              r  data_real_out[5][15] (OUT)
  -------------------------------------------------------------------    -------------------

Slack:                    inf
  Source:                 fft_butterlfy_3_inst_3/ARG0/DSP_OUTPUT_INST/CLK
                            (rising edge-triggered cell DSP_OUTPUT clocked by clk_pin_p  {rise@0.000ns fall@12.500ns period=25.000ns})
  Destination:            data_real_out[7][12]
                            (output port)
  Path Group:             (none)
  Path Type:              Min at Fast Process Corner
  Data Path Delay:        1.230ns  (logic 0.547ns (44.470%)  route 0.683ns (55.530%))
  Logic Levels:           1  (OBUF=1)
  Clock Uncertainty:      0.025ns  ((TSJ^2 + TIJ^2)^1/2 + DJ) / 2 + PE
    Total System Jitter     (TSJ):    0.050ns
    Total Input Jitter      (TIJ):    0.000ns
    Discrete Jitter          (DJ):    0.000ns
    Phase Error              (PE):    0.000ns
  Clock Net Delay (Source):      1.022ns (routing 0.457ns, distribution 0.565ns)

    Location             Delay type                Incr(ns)  Path(ns)    Netlist Resource(s)
  -------------------------------------------------------------------    -------------------
                         (clock clk_pin_p rise edge)
                                                      0.000     0.000 r  
    BC10                                              0.000     0.000 r  clk (IN)
                         net (fo=0)                   0.000     0.000    clk_IBUF_inst/I
    BC10                 INBUF (Prop_INBUF_HPIOB_PAD_O)
                                                      0.222     0.222 r  clk_IBUF_inst/INBUF_INST/O
                         net (fo=1, routed)           0.027     0.249    clk_IBUF_inst/OUT
    BC10                 IBUFCTRL (Prop_IBUFCTRL_HPIOB_I_O)
                                                      0.000     0.249 r  clk_IBUF_inst/IBUFCTRL_INST/O
                         net (fo=1, routed)           0.350     0.599    clk_IBUF
    BUFGCE_X2Y48         BUFGCE (Prop_BUFCE_BUFGCE_I_O)
                                                      0.027     0.626 r  clk_IBUF_BUFG_inst/O
    X2Y2 (CLOCK_ROOT)    net (fo=361, routed)         1.022     1.648    fft_butterlfy_3_inst_3/ARG0/CLK
    DSP48E2_X9Y64        DSP_OUTPUT                                   r  fft_butterlfy_3_inst_3/ARG0/DSP_OUTPUT_INST/CLK
  -------------------------------------------------------------------    -------------------
    DSP48E2_X9Y64        DSP_OUTPUT (Prop_DSP_OUTPUT_DSP48E2_CLK_P[20])
                                                      0.101     1.749 r  fft_butterlfy_3_inst_3/ARG0/DSP_OUTPUT_INST/P[20]
                         net (fo=1, routed)           0.683     2.432    data_real_out[7]_OBUF[12]
    AY38                 OBUF (Prop_OUTBUF_HPIOB_I_O)
                                                      0.446     2.878 r  data_real_out[7][12]_INST_0/O
                         net (fo=0)                   0.000     2.878    data_real_out[7][12]
    AY38                                                              r  data_real_out[7][12] (OUT)
  -------------------------------------------------------------------    -------------------

Slack:                    inf
  Source:                 fft_butterfly_3_inst_2/ARG0/DSP_OUTPUT_INST/CLK
                            (rising edge-triggered cell DSP_OUTPUT clocked by clk_pin_p  {rise@0.000ns fall@12.500ns period=25.000ns})
  Destination:            data_real_out[5][8]
                            (output port)
  Path Group:             (none)
  Path Type:              Min at Fast Process Corner
  Data Path Delay:        1.211ns  (logic 0.492ns (40.634%)  route 0.719ns (59.366%))
  Logic Levels:           1  (OBUF=1)
  Clock Uncertainty:      0.025ns  ((TSJ^2 + TIJ^2)^1/2 + DJ) / 2 + PE
    Total System Jitter     (TSJ):    0.050ns
    Total Input Jitter      (TIJ):    0.000ns
    Discrete Jitter          (DJ):    0.000ns
    Phase Error              (PE):    0.000ns
  Clock Net Delay (Source):      1.042ns (routing 0.457ns, distribution 0.585ns)

    Location             Delay type                Incr(ns)  Path(ns)    Netlist Resource(s)
  -------------------------------------------------------------------    -------------------
                         (clock clk_pin_p rise edge)
                                                      0.000     0.000 r  
    BC10                                              0.000     0.000 r  clk (IN)
                         net (fo=0)                   0.000     0.000    clk_IBUF_inst/I
    BC10                 INBUF (Prop_INBUF_HPIOB_PAD_O)
                                                      0.222     0.222 r  clk_IBUF_inst/INBUF_INST/O
                         net (fo=1, routed)           0.027     0.249    clk_IBUF_inst/OUT
    BC10                 IBUFCTRL (Prop_IBUFCTRL_HPIOB_I_O)
                                                      0.000     0.249 r  clk_IBUF_inst/IBUFCTRL_INST/O
                         net (fo=1, routed)           0.350     0.599    clk_IBUF
    BUFGCE_X2Y48         BUFGCE (Prop_BUFCE_BUFGCE_I_O)
                                                      0.027     0.626 r  clk_IBUF_BUFG_inst/O
    X2Y2 (CLOCK_ROOT)    net (fo=361, routed)         1.042     1.668    fft_butterfly_3_inst_2/ARG0/CLK
    DSP48E2_X9Y80        DSP_OUTPUT                                   r  fft_butterfly_3_inst_2/ARG0/DSP_OUTPUT_INST/CLK
  -------------------------------------------------------------------    -------------------
    DSP48E2_X9Y80        DSP_OUTPUT (Prop_DSP_OUTPUT_DSP48E2_CLK_P[16])
                                                      0.104     1.772 r  fft_butterfly_3_inst_2/ARG0/DSP_OUTPUT_INST/P[16]
                         net (fo=1, routed)           0.719     2.491    data_real_out[5]_OBUF[8]
    AM33                 OBUF (Prop_OUTBUF_HPIOB_I_O)
                                                      0.388     2.879 r  data_real_out[5][8]_INST_0/O
                         net (fo=0)                   0.000     2.879    data_real_out[5][8]
    AM33                                                              r  data_real_out[5][8] (OUT)
  -------------------------------------------------------------------    -------------------





--------------------------------------------------------------------------------------
Path Group:  (none)
From Clock:  
  To Clock:  clk_pin_p

Max Delay           438 Endpoints
Min Delay           438 Endpoints
--------------------------------------------------------------------------------------


Max Delay Paths
--------------------------------------------------------------------------------------
Slack:                    inf
  Source:                 data_in[0][2]
                            (input port)
  Destination:            fft_butterfly_1_inst_0/g2_reg_reg[r][10]/D
                            (rising edge-triggered cell FDRE clocked by clk_pin_p  {rise@0.000ns fall@12.500ns period=25.000ns})
  Path Group:             (none)
  Path Type:              Setup (Max at Slow Process Corner)
  Data Path Delay:        6.762ns  (logic 1.831ns (27.075%)  route 4.931ns (72.925%))
  Logic Levels:           11  (CARRY8=3 IBUFCTRL=1 INBUF=1 LUT2=1 LUT5=2 LUT6=3)
  Clock Path Skew:        2.915ns (DCD - SCD + CPR)
    Destination Clock Delay (DCD):    2.915ns
    Source Clock Delay      (SCD):    0.000ns
    Clock Pessimism Removal (CPR):    0.000ns
  Clock Uncertainty:      0.025ns  ((TSJ^2 + TIJ^2)^1/2 + DJ) / 2 + PE
    Total System Jitter     (TSJ):    0.050ns
    Total Input Jitter      (TIJ):    0.000ns
    Discrete Jitter          (DJ):    0.000ns
    Phase Error              (PE):    0.000ns
  Clock Net Delay (Destination): 1.957ns (routing 0.750ns, distribution 1.207ns)

    Location             Delay type                Incr(ns)  Path(ns)    Netlist Resource(s)
  -------------------------------------------------------------------    -------------------
    BD23                                              0.000     0.000 r  data_in[0][2] (IN)
                         net (fo=0)                   0.000     0.000    ARG_carry_i_6__6/I
    BD23                 INBUF (Prop_INBUF_HRIO_PAD_O)
                                                      0.638     0.638 r  ARG_carry_i_6__6/INBUF_INST/O
                         net (fo=1, routed)           0.078     0.716    ARG_carry_i_6__6/OUT
    BD23                 IBUFCTRL (Prop_IBUFCTRL_HRIO_I_O)
                                                      0.038     0.754 r  ARG_carry_i_6__6/IBUFCTRL_INST/O
                         net (fo=7, routed)           3.045     3.799    fft_butterfly_1_inst_0/g1_reg_reg[r][7]_5
    SLICE_X77Y110        LUT6 (Prop_H6LUT_SLICEM_I5_O)
                                                      0.155     3.954 r  fft_butterfly_1_inst_0/ARG0_carry_i_14__0/O
                         net (fo=5, routed)           0.065     4.019    fft_butterfly_1_inst_0/ARG0_carry_i_14__0_n_0
    SLICE_X77Y110        LUT5 (Prop_D6LUT_SLICEM_I2_O)
                                                      0.119     4.138 r  fft_butterfly_1_inst_0/ARG0_carry_i_18__0/O
                         net (fo=13, routed)          0.582     4.720    fft_butterfly_1_inst_0/ARG0_carry_i_18__0_n_0
    SLICE_X78Y115        LUT6 (Prop_G6LUT_SLICEL_I2_O)
                                                      0.035     4.755 r  fft_butterfly_1_inst_0/ARG0_carry_i_15__0/O
                         net (fo=6, routed)           0.429     5.184    fft_butterfly_1_inst_0/ARG0__26_carry__0_i_2_n_0
    SLICE_X78Y110        LUT2 (Prop_H6LUT_SLICEL_I1_O)
                                                      0.062     5.246 r  fft_butterfly_1_inst_0/ARG0_carry_i_6__0/O
                         net (fo=1, routed)           0.001     5.247    fft_butterfly_1_inst_0/ARG0_carry_i_6__0_n_0
    SLICE_X78Y110        CARRY8 (Prop_CARRY8_SLICEL_S[7]_CO[7])
                                                      0.157     5.404 r  fft_butterfly_1_inst_0/ARG0_carry/CO[7]
                         net (fo=1, routed)           0.021     5.425    fft_butterfly_1_inst_0/ARG0_carry_n_0
    SLICE_X78Y111        CARRY8 (Prop_CARRY8_SLICEL_CI_CO[4])
                                                      0.126     5.551 r  fft_butterfly_1_inst_0/ARG0_carry__0/CO[4]
                         net (fo=10, routed)          0.276     5.827    fft_butterfly_1_inst_0/ARG0_carry__0_n_3
    SLICE_X77Y113        LUT5 (Prop_H6LUT_SLICEM_I4_O)
                                                      0.155     5.982 r  fft_butterfly_1_inst_0/ARG0__83_carry__0_i_2/O
                         net (fo=2, routed)           0.397     6.379    fft_butterfly_1_inst_0/ARG0__83_carry__0_i_2_n_0
    SLICE_X78Y113        LUT6 (Prop_E6LUT_SLICEL_I0_O)
                                                      0.115     6.494 r  fft_butterfly_1_inst_0/ARG0__83_carry__0_i_9/O
                         net (fo=1, routed)           0.003     6.497    fft_butterfly_1_inst_0/ARG0__83_carry__0_i_9_n_0
    SLICE_X78Y113        CARRY8 (Prop_CARRY8_SLICEL_S[4]_O[6])
                                                      0.231     6.728 r  fft_butterfly_1_inst_0/ARG0__83_carry__0/O[6]
                         net (fo=1, routed)           0.034     6.762    fft_butterfly_1_inst_0/C[17]
    SLICE_X78Y113        FDRE                                         r  fft_butterfly_1_inst_0/g2_reg_reg[r][10]/D
  -------------------------------------------------------------------    -------------------

                         (clock clk_pin_p rise edge)
                                                      0.000     0.000 r  
    BC10                                              0.000     0.000 r  clk (IN)
                         net (fo=0)                   0.000     0.000    clk_IBUF_inst/I
    BC10                 INBUF (Prop_INBUF_HPIOB_PAD_O)
                                                      0.282     0.282 r  clk_IBUF_inst/INBUF_INST/O
                         net (fo=1, routed)           0.045     0.327    clk_IBUF_inst/OUT
    BC10                 IBUFCTRL (Prop_IBUFCTRL_HPIOB_I_O)
                                                      0.000     0.327 r  clk_IBUF_inst/IBUFCTRL_INST/O
                         net (fo=1, routed)           0.571     0.898    clk_IBUF
    BUFGCE_X2Y48         BUFGCE (Prop_BUFCE_BUFGCE_I_O)
                                                      0.060     0.958 r  clk_IBUF_BUFG_inst/O
    X2Y2 (CLOCK_ROOT)    net (fo=361, routed)         1.957     2.915    fft_butterfly_1_inst_0/CLK
    SLICE_X78Y113        FDRE                                         r  fft_butterfly_1_inst_0/g2_reg_reg[r][10]/C

Slack:                    inf
  Source:                 data_in[0][2]
                            (input port)
  Destination:            fft_butterfly_1_inst_0/g2_reg_reg[r][8]/D
                            (rising edge-triggered cell FDRE clocked by clk_pin_p  {rise@0.000ns fall@12.500ns period=25.000ns})
  Path Group:             (none)
  Path Type:              Setup (Max at Slow Process Corner)
  Data Path Delay:        6.741ns  (logic 1.862ns (27.619%)  route 4.879ns (72.381%))
  Logic Levels:           11  (CARRY8=3 IBUFCTRL=1 INBUF=1 LUT2=1 LUT5=1 LUT6=4)
  Clock Path Skew:        2.915ns (DCD - SCD + CPR)
    Destination Clock Delay (DCD):    2.915ns
    Source Clock Delay      (SCD):    0.000ns
    Clock Pessimism Removal (CPR):    0.000ns
  Clock Uncertainty:      0.025ns  ((TSJ^2 + TIJ^2)^1/2 + DJ) / 2 + PE
    Total System Jitter     (TSJ):    0.050ns
    Total Input Jitter      (TIJ):    0.000ns
    Discrete Jitter          (DJ):    0.000ns
    Phase Error              (PE):    0.000ns
  Clock Net Delay (Destination): 1.957ns (routing 0.750ns, distribution 1.207ns)

    Location             Delay type                Incr(ns)  Path(ns)    Netlist Resource(s)
  -------------------------------------------------------------------    -------------------
    BD23                                              0.000     0.000 r  data_in[0][2] (IN)
                         net (fo=0)                   0.000     0.000    ARG_carry_i_6__6/I
    BD23                 INBUF (Prop_INBUF_HRIO_PAD_O)
                                                      0.638     0.638 r  ARG_carry_i_6__6/INBUF_INST/O
                         net (fo=1, routed)           0.078     0.716    ARG_carry_i_6__6/OUT
    BD23                 IBUFCTRL (Prop_IBUFCTRL_HRIO_I_O)
                                                      0.038     0.754 r  ARG_carry_i_6__6/IBUFCTRL_INST/O
                         net (fo=7, routed)           3.045     3.799    fft_butterfly_1_inst_0/g1_reg_reg[r][7]_5
    SLICE_X77Y110        LUT6 (Prop_H6LUT_SLICEM_I5_O)
                                                      0.155     3.954 r  fft_butterfly_1_inst_0/ARG0_carry_i_14__0/O
                         net (fo=5, routed)           0.065     4.019    fft_butterfly_1_inst_0/ARG0_carry_i_14__0_n_0
    SLICE_X77Y110        LUT5 (Prop_D6LUT_SLICEM_I2_O)
                                                      0.119     4.138 r  fft_butterfly_1_inst_0/ARG0_carry_i_18__0/O
                         net (fo=13, routed)          0.582     4.720    fft_butterfly_1_inst_0/ARG0_carry_i_18__0_n_0
    SLICE_X78Y115        LUT6 (Prop_G6LUT_SLICEL_I2_O)
                                                      0.035     4.755 r  fft_butterfly_1_inst_0/ARG0_carry_i_15__0/O
                         net (fo=6, routed)           0.429     5.184    fft_butterfly_1_inst_0/ARG0__26_carry__0_i_2_n_0
    SLICE_X78Y110        LUT2 (Prop_H6LUT_SLICEL_I1_O)
                                                      0.062     5.246 r  fft_butterfly_1_inst_0/ARG0_carry_i_6__0/O
                         net (fo=1, routed)           0.001     5.247    fft_butterfly_1_inst_0/ARG0_carry_i_6__0_n_0
    SLICE_X78Y110        CARRY8 (Prop_CARRY8_SLICEL_S[7]_CO[7])
                                                      0.157     5.404 r  fft_butterfly_1_inst_0/ARG0_carry/CO[7]
                         net (fo=1, routed)           0.021     5.425    fft_butterfly_1_inst_0/ARG0_carry_n_0
    SLICE_X78Y111        CARRY8 (Prop_CARRY8_SLICEL_CI_CO[4])
                                                      0.126     5.551 r  fft_butterfly_1_inst_0/ARG0_carry__0/CO[4]
                         net (fo=10, routed)          0.342     5.893    fft_butterfly_1_inst_0/ARG0_carry__0_n_3
    SLICE_X77Y114        LUT6 (Prop_H6LUT_SLICEM_I0_O)
                                                      0.167     6.060 r  fft_butterfly_1_inst_0/ARG0__83_carry__0_i_4/O
                         net (fo=2, routed)           0.280     6.340    fft_butterfly_1_inst_0/ARG0__83_carry__0_i_4_n_0
    SLICE_X78Y113        LUT6 (Prop_C6LUT_SLICEL_I0_O)
                                                      0.114     6.454 r  fft_butterfly_1_inst_0/ARG0__83_carry__0_i_11/O
                         net (fo=1, routed)           0.003     6.457    fft_butterfly_1_inst_0/ARG0__83_carry__0_i_11_n_0
    SLICE_X78Y113        CARRY8 (Prop_CARRY8_SLICEL_S[2]_O[5])
                                                      0.251     6.708 r  fft_butterfly_1_inst_0/ARG0__83_carry__0/O[5]
                         net (fo=1, routed)           0.033     6.741    fft_butterfly_1_inst_0/C[16]
    SLICE_X78Y113        FDRE                                         r  fft_butterfly_1_inst_0/g2_reg_reg[r][8]/D
  -------------------------------------------------------------------    -------------------

                         (clock clk_pin_p rise edge)
                                                      0.000     0.000 r  
    BC10                                              0.000     0.000 r  clk (IN)
                         net (fo=0)                   0.000     0.000    clk_IBUF_inst/I
    BC10                 INBUF (Prop_INBUF_HPIOB_PAD_O)
                                                      0.282     0.282 r  clk_IBUF_inst/INBUF_INST/O
                         net (fo=1, routed)           0.045     0.327    clk_IBUF_inst/OUT
    BC10                 IBUFCTRL (Prop_IBUFCTRL_HPIOB_I_O)
                                                      0.000     0.327 r  clk_IBUF_inst/IBUFCTRL_INST/O
                         net (fo=1, routed)           0.571     0.898    clk_IBUF
    BUFGCE_X2Y48         BUFGCE (Prop_BUFCE_BUFGCE_I_O)
                                                      0.060     0.958 r  clk_IBUF_BUFG_inst/O
    X2Y2 (CLOCK_ROOT)    net (fo=361, routed)         1.957     2.915    fft_butterfly_1_inst_0/CLK
    SLICE_X78Y113        FDRE                                         r  fft_butterfly_1_inst_0/g2_reg_reg[r][8]/C

Slack:                    inf
  Source:                 data_in[0][2]
                            (input port)
  Destination:            fft_butterfly_1_inst_0/g2_reg_reg[r][7]/D
                            (rising edge-triggered cell FDRE clocked by clk_pin_p  {rise@0.000ns fall@12.500ns period=25.000ns})
  Path Group:             (none)
  Path Type:              Setup (Max at Slow Process Corner)
  Data Path Delay:        6.710ns  (logic 1.833ns (27.314%)  route 4.877ns (72.686%))
  Logic Levels:           11  (CARRY8=3 IBUFCTRL=1 INBUF=1 LUT2=1 LUT5=1 LUT6=4)
  Clock Path Skew:        2.915ns (DCD - SCD + CPR)
    Destination Clock Delay (DCD):    2.915ns
    Source Clock Delay      (SCD):    0.000ns
    Clock Pessimism Removal (CPR):    0.000ns
  Clock Uncertainty:      0.025ns  ((TSJ^2 + TIJ^2)^1/2 + DJ) / 2 + PE
    Total System Jitter     (TSJ):    0.050ns
    Total Input Jitter      (TIJ):    0.000ns
    Discrete Jitter          (DJ):    0.000ns
    Phase Error              (PE):    0.000ns
  Clock Net Delay (Destination): 1.957ns (routing 0.750ns, distribution 1.207ns)

    Location             Delay type                Incr(ns)  Path(ns)    Netlist Resource(s)
  -------------------------------------------------------------------    -------------------
    BD23                                              0.000     0.000 r  data_in[0][2] (IN)
                         net (fo=0)                   0.000     0.000    ARG_carry_i_6__6/I
    BD23                 INBUF (Prop_INBUF_HRIO_PAD_O)
                                                      0.638     0.638 r  ARG_carry_i_6__6/INBUF_INST/O
                         net (fo=1, routed)           0.078     0.716    ARG_carry_i_6__6/OUT
    BD23                 IBUFCTRL (Prop_IBUFCTRL_HRIO_I_O)
                                                      0.038     0.754 r  ARG_carry_i_6__6/IBUFCTRL_INST/O
                         net (fo=7, routed)           3.045     3.799    fft_butterfly_1_inst_0/g1_reg_reg[r][7]_5
    SLICE_X77Y110        LUT6 (Prop_H6LUT_SLICEM_I5_O)
                                                      0.155     3.954 r  fft_butterfly_1_inst_0/ARG0_carry_i_14__0/O
                         net (fo=5, routed)           0.065     4.019    fft_butterfly_1_inst_0/ARG0_carry_i_14__0_n_0
    SLICE_X77Y110        LUT5 (Prop_D6LUT_SLICEM_I2_O)
                                                      0.119     4.138 r  fft_butterfly_1_inst_0/ARG0_carry_i_18__0/O
                         net (fo=13, routed)          0.582     4.720    fft_butterfly_1_inst_0/ARG0_carry_i_18__0_n_0
    SLICE_X78Y115        LUT6 (Prop_G6LUT_SLICEL_I2_O)
                                                      0.035     4.755 r  fft_butterfly_1_inst_0/ARG0_carry_i_15__0/O
                         net (fo=6, routed)           0.429     5.184    fft_butterfly_1_inst_0/ARG0__26_carry__0_i_2_n_0
    SLICE_X78Y110        LUT2 (Prop_H6LUT_SLICEL_I1_O)
                                                      0.062     5.246 r  fft_butterfly_1_inst_0/ARG0_carry_i_6__0/O
                         net (fo=1, routed)           0.001     5.247    fft_butterfly_1_inst_0/ARG0_carry_i_6__0_n_0
    SLICE_X78Y110        CARRY8 (Prop_CARRY8_SLICEL_S[7]_CO[7])
                                                      0.157     5.404 r  fft_butterfly_1_inst_0/ARG0_carry/CO[7]
                         net (fo=1, routed)           0.021     5.425    fft_butterfly_1_inst_0/ARG0_carry_n_0
    SLICE_X78Y111        CARRY8 (Prop_CARRY8_SLICEL_CI_CO[4])
                                                      0.126     5.551 r  fft_butterfly_1_inst_0/ARG0_carry__0/CO[4]
                         net (fo=10, routed)          0.342     5.893    fft_butterfly_1_inst_0/ARG0_carry__0_n_3
    SLICE_X77Y114        LUT6 (Prop_H6LUT_SLICEM_I0_O)
                                                      0.167     6.060 r  fft_butterfly_1_inst_0/ARG0__83_carry__0_i_4/O
                         net (fo=2, routed)           0.280     6.340    fft_butterfly_1_inst_0/ARG0__83_carry__0_i_4_n_0
    SLICE_X78Y113        LUT6 (Prop_C6LUT_SLICEL_I0_O)
                                                      0.114     6.454 r  fft_butterfly_1_inst_0/ARG0__83_carry__0_i_11/O
                         net (fo=1, routed)           0.003     6.457    fft_butterfly_1_inst_0/ARG0__83_carry__0_i_11_n_0
    SLICE_X78Y113        CARRY8 (Prop_CARRY8_SLICEL_S[2]_O[4])
                                                      0.222     6.679 r  fft_butterfly_1_inst_0/ARG0__83_carry__0/O[4]
                         net (fo=1, routed)           0.031     6.710    fft_butterfly_1_inst_0/C[15]
    SLICE_X78Y113        FDRE                                         r  fft_butterfly_1_inst_0/g2_reg_reg[r][7]/D
  -------------------------------------------------------------------    -------------------

                         (clock clk_pin_p rise edge)
                                                      0.000     0.000 r  
    BC10                                              0.000     0.000 r  clk (IN)
                         net (fo=0)                   0.000     0.000    clk_IBUF_inst/I
    BC10                 INBUF (Prop_INBUF_HPIOB_PAD_O)
                                                      0.282     0.282 r  clk_IBUF_inst/INBUF_INST/O
                         net (fo=1, routed)           0.045     0.327    clk_IBUF_inst/OUT
    BC10                 IBUFCTRL (Prop_IBUFCTRL_HPIOB_I_O)
                                                      0.000     0.327 r  clk_IBUF_inst/IBUFCTRL_INST/O
                         net (fo=1, routed)           0.571     0.898    clk_IBUF
    BUFGCE_X2Y48         BUFGCE (Prop_BUFCE_BUFGCE_I_O)
                                                      0.060     0.958 r  clk_IBUF_BUFG_inst/O
    X2Y2 (CLOCK_ROOT)    net (fo=361, routed)         1.957     2.915    fft_butterfly_1_inst_0/CLK
    SLICE_X78Y113        FDRE                                         r  fft_butterfly_1_inst_0/g2_reg_reg[r][7]/C

Slack:                    inf
  Source:                 data_in[1][2]
                            (input port)
  Destination:            fft_butterfly_1_inst_1/g2_reg_reg[r][10]/D
                            (rising edge-triggered cell FDRE clocked by clk_pin_p  {rise@0.000ns fall@12.500ns period=25.000ns})
  Path Group:             (none)
  Path Type:              Setup (Max at Slow Process Corner)
  Data Path Delay:        6.668ns  (logic 1.764ns (26.454%)  route 4.904ns (73.546%))
  Logic Levels:           12  (CARRY8=4 IBUFCTRL=1 INBUF=1 LUT2=1 LUT5=1 LUT6=4)
  Clock Path Skew:        2.880ns (DCD - SCD + CPR)
    Destination Clock Delay (DCD):    2.880ns
    Source Clock Delay      (SCD):    0.000ns
    Clock Pessimism Removal (CPR):    0.000ns
  Clock Uncertainty:      0.025ns  ((TSJ^2 + TIJ^2)^1/2 + DJ) / 2 + PE
    Total System Jitter     (TSJ):    0.050ns
    Total Input Jitter      (TIJ):    0.000ns
    Discrete Jitter          (DJ):    0.000ns
    Phase Error              (PE):    0.000ns
  Clock Net Delay (Destination): 1.922ns (routing 0.750ns, distribution 1.172ns)

    Location             Delay type                Incr(ns)  Path(ns)    Netlist Resource(s)
  -------------------------------------------------------------------    -------------------
    AU21                                              0.000     0.000 r  data_in[1][2] (IN)
                         net (fo=0)                   0.000     0.000    ARG_carry_i_6__7/I
    AU21                 INBUF (Prop_INBUF_HRIO_PAD_O)
                                                      0.600     0.600 r  ARG_carry_i_6__7/INBUF_INST/O
                         net (fo=1, routed)           0.078     0.678    ARG_carry_i_6__7/OUT
    AU21                 IBUFCTRL (Prop_IBUFCTRL_HRIO_I_O)
                                                      0.038     0.716 r  ARG_carry_i_6__7/IBUFCTRL_INST/O
                         net (fo=12, routed)          2.922     3.638    fft_butterfly_1_inst_1/g1_reg_reg[r][7]_2
    SLICE_X74Y111        LUT6 (Prop_C6LUT_SLICEL_I1_O)
                                                      0.062     3.700 r  fft_butterfly_1_inst_1/ARG0_carry_i_21/O
                         net (fo=6, routed)           0.213     3.913    fft_butterfly_1_inst_1/ARG0_carry_i_21_n_0
    SLICE_X73Y111        LUT5 (Prop_D6LUT_SLICEM_I4_O)
                                                      0.064     3.977 r  fft_butterfly_1_inst_1/ARG0_carry_i_15/O
                         net (fo=7, routed)           0.363     4.340    fft_butterfly_1_inst_1/ARG0_carry_i_15_n_0
    SLICE_X73Y118        LUT6 (Prop_G6LUT_SLICEM_I0_O)
                                                      0.116     4.456 r  fft_butterfly_1_inst_1/ARG0_carry_i_1/O
                         net (fo=27, routed)          0.411     4.867    fft_butterfly_1_inst_1/ARG0_carry_i_1_n_0
    SLICE_X74Y112        LUT2 (Prop_H6LUT_SLICEL_I0_O)
                                                      0.062     4.929 r  fft_butterfly_1_inst_1/ARG0_carry_i_7/O
                         net (fo=1, routed)           0.001     4.930    fft_butterfly_1_inst_1/ARG0_carry_i_7_n_0
    SLICE_X74Y112        CARRY8 (Prop_CARRY8_SLICEL_S[7]_CO[7])
                                                      0.157     5.087 r  fft_butterfly_1_inst_1/ARG0_carry/CO[7]
                         net (fo=1, routed)           0.021     5.108    fft_butterfly_1_inst_1/ARG0_carry_n_0
    SLICE_X74Y113        CARRY8 (Prop_CARRY8_SLICEL_CI_O[1])
                                                      0.120     5.228 r  fft_butterfly_1_inst_1/ARG0_carry__0/O[1]
                         net (fo=2, routed)           0.421     5.649    fft_butterfly_1_inst_1/ARG0_carry__0_n_14
    SLICE_X73Y114        LUT6 (Prop_G6LUT_SLICEM_I0_O)
                                                      0.167     5.816 r  fft_butterfly_1_inst_1/ARG0__35_carry__0_i_26/O
                         net (fo=1, routed)           0.417     6.233    fft_butterfly_1_inst_1/ARG0__35_carry__0_i_26_n_0
    SLICE_X73Y113        LUT6 (Prop_E6LUT_SLICEM_I5_O)
                                                      0.063     6.296 r  fft_butterfly_1_inst_1/ARG0__35_carry__0_i_12/O
                         net (fo=1, routed)           0.003     6.299    fft_butterfly_1_inst_1/ARG0__35_carry__0_i_12_n_0
    SLICE_X73Y113        CARRY8 (Prop_CARRY8_SLICEM_S[4]_CO[7])
                                                      0.224     6.523 r  fft_butterfly_1_inst_1/ARG0__35_carry__0/CO[7]
                         net (fo=1, routed)           0.021     6.544    fft_butterfly_1_inst_1/ARG0__35_carry__0_n_0
    SLICE_X73Y114        CARRY8 (Prop_CARRY8_SLICEM_CI_O[0])
                                                      0.091     6.635 r  fft_butterfly_1_inst_1/ARG0__35_carry__1/O[0]
                         net (fo=1, routed)           0.033     6.668    fft_butterfly_1_inst_1/ARG0__35_carry__1_n_15
    SLICE_X73Y114        FDRE                                         r  fft_butterfly_1_inst_1/g2_reg_reg[r][10]/D
  -------------------------------------------------------------------    -------------------

                         (clock clk_pin_p rise edge)
                                                      0.000     0.000 r  
    BC10                                              0.000     0.000 r  clk (IN)
                         net (fo=0)                   0.000     0.000    clk_IBUF_inst/I
    BC10                 INBUF (Prop_INBUF_HPIOB_PAD_O)
                                                      0.282     0.282 r  clk_IBUF_inst/INBUF_INST/O
                         net (fo=1, routed)           0.045     0.327    clk_IBUF_inst/OUT
    BC10                 IBUFCTRL (Prop_IBUFCTRL_HPIOB_I_O)
                                                      0.000     0.327 r  clk_IBUF_inst/IBUFCTRL_INST/O
                         net (fo=1, routed)           0.571     0.898    clk_IBUF
    BUFGCE_X2Y48         BUFGCE (Prop_BUFCE_BUFGCE_I_O)
                                                      0.060     0.958 r  clk_IBUF_BUFG_inst/O
    X2Y2 (CLOCK_ROOT)    net (fo=361, routed)         1.922     2.880    fft_butterfly_1_inst_1/CLK
    SLICE_X73Y114        FDRE                                         r  fft_butterfly_1_inst_1/g2_reg_reg[r][10]/C

Slack:                    inf
  Source:                 data_in[0][2]
                            (input port)
  Destination:            fft_butterfly_1_inst_0/g2_reg_reg[r][6]/D
                            (rising edge-triggered cell FDRE clocked by clk_pin_p  {rise@0.000ns fall@12.500ns period=25.000ns})
  Path Group:             (none)
  Path Type:              Setup (Max at Slow Process Corner)
  Data Path Delay:        6.630ns  (logic 1.787ns (26.950%)  route 4.843ns (73.050%))
  Logic Levels:           11  (CARRY8=3 IBUFCTRL=1 INBUF=1 LUT2=1 LUT3=1 LUT5=1 LUT6=3)
  Clock Path Skew:        2.918ns (DCD - SCD + CPR)
    Destination Clock Delay (DCD):    2.918ns
    Source Clock Delay      (SCD):    0.000ns
    Clock Pessimism Removal (CPR):    0.000ns
  Clock Uncertainty:      0.025ns  ((TSJ^2 + TIJ^2)^1/2 + DJ) / 2 + PE
    Total System Jitter     (TSJ):    0.050ns
    Total Input Jitter      (TIJ):    0.000ns
    Discrete Jitter          (DJ):    0.000ns
    Phase Error              (PE):    0.000ns
  Clock Net Delay (Destination): 1.960ns (routing 0.750ns, distribution 1.210ns)

    Location             Delay type                Incr(ns)  Path(ns)    Netlist Resource(s)
  -------------------------------------------------------------------    -------------------
    BD23                                              0.000     0.000 r  data_in[0][2] (IN)
                         net (fo=0)                   0.000     0.000    ARG_carry_i_6__6/I
    BD23                 INBUF (Prop_INBUF_HRIO_PAD_O)
                                                      0.638     0.638 r  ARG_carry_i_6__6/INBUF_INST/O
                         net (fo=1, routed)           0.078     0.716    ARG_carry_i_6__6/OUT
    BD23                 IBUFCTRL (Prop_IBUFCTRL_HRIO_I_O)
                                                      0.038     0.754 r  ARG_carry_i_6__6/IBUFCTRL_INST/O
                         net (fo=7, routed)           3.045     3.799    fft_butterfly_1_inst_0/g1_reg_reg[r][7]_5
    SLICE_X77Y110        LUT6 (Prop_H6LUT_SLICEM_I5_O)
                                                      0.155     3.954 r  fft_butterfly_1_inst_0/ARG0_carry_i_14__0/O
                         net (fo=5, routed)           0.065     4.019    fft_butterfly_1_inst_0/ARG0_carry_i_14__0_n_0
    SLICE_X77Y110        LUT5 (Prop_D6LUT_SLICEM_I2_O)
                                                      0.119     4.138 r  fft_butterfly_1_inst_0/ARG0_carry_i_18__0/O
                         net (fo=13, routed)          0.582     4.720    fft_butterfly_1_inst_0/ARG0_carry_i_18__0_n_0
    SLICE_X78Y115        LUT6 (Prop_G6LUT_SLICEL_I2_O)
                                                      0.035     4.755 r  fft_butterfly_1_inst_0/ARG0_carry_i_15__0/O
                         net (fo=6, routed)           0.429     5.184    fft_butterfly_1_inst_0/ARG0__26_carry__0_i_2_n_0
    SLICE_X78Y110        LUT2 (Prop_H6LUT_SLICEL_I1_O)
                                                      0.062     5.246 r  fft_butterfly_1_inst_0/ARG0_carry_i_6__0/O
                         net (fo=1, routed)           0.001     5.247    fft_butterfly_1_inst_0/ARG0_carry_i_6__0_n_0
    SLICE_X78Y110        CARRY8 (Prop_CARRY8_SLICEL_S[7]_CO[7])
                                                      0.157     5.404 r  fft_butterfly_1_inst_0/ARG0_carry/CO[7]
                         net (fo=1, routed)           0.021     5.425    fft_butterfly_1_inst_0/ARG0_carry_n_0
    SLICE_X78Y111        CARRY8 (Prop_CARRY8_SLICEL_CI_O[3])
                                                      0.124     5.549 r  fft_butterfly_1_inst_0/ARG0_carry__0/O[3]
                         net (fo=4, routed)           0.320     5.869    fft_butterfly_1_inst_0/ARG0_carry__0_n_12
    SLICE_X77Y114        LUT3 (Prop_G6LUT_SLICEM_I2_O)
                                                      0.116     5.985 r  fft_butterfly_1_inst_0/ARG0__83_carry__0_i_15/O
                         net (fo=1, routed)           0.263     6.248    fft_butterfly_1_inst_0/ARG0__83_carry__0_i_15_n_0
    SLICE_X78Y113        LUT6 (Prop_A6LUT_SLICEL_I2_O)
                                                      0.101     6.349 r  fft_butterfly_1_inst_0/ARG0__83_carry__0_i_13/O
                         net (fo=1, routed)           0.002     6.351    fft_butterfly_1_inst_0/ARG0__83_carry__0_i_13_n_0
    SLICE_X78Y113        CARRY8 (Prop_CARRY8_SLICEL_S[0]_O[3])
                                                      0.242     6.593 r  fft_butterfly_1_inst_0/ARG0__83_carry__0/O[3]
                         net (fo=1, routed)           0.037     6.630    fft_butterfly_1_inst_0/C[14]
    SLICE_X78Y113        FDRE                                         r  fft_butterfly_1_inst_0/g2_reg_reg[r][6]/D
  -------------------------------------------------------------------    -------------------

                         (clock clk_pin_p rise edge)
                                                      0.000     0.000 r  
    BC10                                              0.000     0.000 r  clk (IN)
                         net (fo=0)                   0.000     0.000    clk_IBUF_inst/I
    BC10                 INBUF (Prop_INBUF_HPIOB_PAD_O)
                                                      0.282     0.282 r  clk_IBUF_inst/INBUF_INST/O
                         net (fo=1, routed)           0.045     0.327    clk_IBUF_inst/OUT
    BC10                 IBUFCTRL (Prop_IBUFCTRL_HPIOB_I_O)
                                                      0.000     0.327 r  clk_IBUF_inst/IBUFCTRL_INST/O
                         net (fo=1, routed)           0.571     0.898    clk_IBUF
    BUFGCE_X2Y48         BUFGCE (Prop_BUFCE_BUFGCE_I_O)
                                                      0.060     0.958 r  clk_IBUF_BUFG_inst/O
    X2Y2 (CLOCK_ROOT)    net (fo=361, routed)         1.960     2.918    fft_butterfly_1_inst_0/CLK
    SLICE_X78Y113        FDRE                                         r  fft_butterfly_1_inst_0/g2_reg_reg[r][6]/C

Slack:                    inf
  Source:                 data_in[0][2]
                            (input port)
  Destination:            fft_butterfly_1_inst_0/g2_reg_reg[r][4]/D
                            (rising edge-triggered cell FDRE clocked by clk_pin_p  {rise@0.000ns fall@12.500ns period=25.000ns})
  Path Group:             (none)
  Path Type:              Setup (Max at Slow Process Corner)
  Data Path Delay:        6.625ns  (logic 1.752ns (26.442%)  route 4.873ns (73.558%))
  Logic Levels:           11  (CARRY8=4 IBUFCTRL=1 INBUF=1 LUT2=1 LUT3=1 LUT5=1 LUT6=2)
  Clock Path Skew:        2.918ns (DCD - SCD + CPR)
    Destination Clock Delay (DCD):    2.918ns
    Source Clock Delay      (SCD):    0.000ns
    Clock Pessimism Removal (CPR):    0.000ns
  Clock Uncertainty:      0.025ns  ((TSJ^2 + TIJ^2)^1/2 + DJ) / 2 + PE
    Total System Jitter     (TSJ):    0.050ns
    Total Input Jitter      (TIJ):    0.000ns
    Discrete Jitter          (DJ):    0.000ns
    Phase Error              (PE):    0.000ns
  Clock Net Delay (Destination): 1.960ns (routing 0.750ns, distribution 1.210ns)

    Location             Delay type                Incr(ns)  Path(ns)    Netlist Resource(s)
  -------------------------------------------------------------------    -------------------
    BD23                                              0.000     0.000 r  data_in[0][2] (IN)
                         net (fo=0)                   0.000     0.000    ARG_carry_i_6__6/I
    BD23                 INBUF (Prop_INBUF_HRIO_PAD_O)
                                                      0.638     0.638 r  ARG_carry_i_6__6/INBUF_INST/O
                         net (fo=1, routed)           0.078     0.716    ARG_carry_i_6__6/OUT
    BD23                 IBUFCTRL (Prop_IBUFCTRL_HRIO_I_O)
                                                      0.038     0.754 r  ARG_carry_i_6__6/IBUFCTRL_INST/O
                         net (fo=7, routed)           3.045     3.799    fft_butterfly_1_inst_0/g1_reg_reg[r][7]_5
    SLICE_X77Y110        LUT6 (Prop_H6LUT_SLICEM_I5_O)
                                                      0.155     3.954 r  fft_butterfly_1_inst_0/ARG0_carry_i_14__0/O
                         net (fo=5, routed)           0.065     4.019    fft_butterfly_1_inst_0/ARG0_carry_i_14__0_n_0
    SLICE_X77Y110        LUT5 (Prop_D6LUT_SLICEM_I2_O)
                                                      0.119     4.138 r  fft_butterfly_1_inst_0/ARG0_carry_i_18__0/O
                         net (fo=13, routed)          0.582     4.720    fft_butterfly_1_inst_0/ARG0_carry_i_18__0_n_0
    SLICE_X78Y115        LUT6 (Prop_G6LUT_SLICEL_I2_O)
                                                      0.035     4.755 r  fft_butterfly_1_inst_0/ARG0_carry_i_15__0/O
                         net (fo=6, routed)           0.429     5.184    fft_butterfly_1_inst_0/ARG0__26_carry__0_i_2_n_0
    SLICE_X78Y110        LUT2 (Prop_H6LUT_SLICEL_I1_O)
                                                      0.062     5.246 r  fft_butterfly_1_inst_0/ARG0_carry_i_6__0/O
                         net (fo=1, routed)           0.001     5.247    fft_butterfly_1_inst_0/ARG0_carry_i_6__0_n_0
    SLICE_X78Y110        CARRY8 (Prop_CARRY8_SLICEL_S[7]_CO[7])
                                                      0.157     5.404 r  fft_butterfly_1_inst_0/ARG0_carry/CO[7]
                         net (fo=1, routed)           0.021     5.425    fft_butterfly_1_inst_0/ARG0_carry_n_0
    SLICE_X78Y111        CARRY8 (Prop_CARRY8_SLICEL_CI_O[1])
                                                      0.120     5.545 r  fft_butterfly_1_inst_0/ARG0_carry__0/O[1]
                         net (fo=4, routed)           0.306     5.851    fft_butterfly_1_inst_0/ARG0_carry__0_n_14
    SLICE_X80Y112        LUT3 (Prop_D5LUT_SLICEL_I2_O)
                                                      0.184     6.035 r  fft_butterfly_1_inst_0/ARG0__83_carry_i_1/O
                         net (fo=1, routed)           0.288     6.323    fft_butterfly_1_inst_0/ARG0__83_carry_i_1_n_0
    SLICE_X78Y112        CARRY8 (Prop_CARRY8_SLICEL_DI[7]_CO[7])
                                                      0.124     6.447 r  fft_butterfly_1_inst_0/ARG0__83_carry/CO[7]
                         net (fo=1, routed)           0.021     6.468    fft_butterfly_1_inst_0/ARG0__83_carry_n_0
    SLICE_X78Y113        CARRY8 (Prop_CARRY8_SLICEL_CI_O[1])
                                                      0.120     6.588 r  fft_butterfly_1_inst_0/ARG0__83_carry__0/O[1]
                         net (fo=1, routed)           0.037     6.625    fft_butterfly_1_inst_0/C[12]
    SLICE_X78Y113        FDRE                                         r  fft_butterfly_1_inst_0/g2_reg_reg[r][4]/D
  -------------------------------------------------------------------    -------------------

                         (clock clk_pin_p rise edge)
                                                      0.000     0.000 r  
    BC10                                              0.000     0.000 r  clk (IN)
                         net (fo=0)                   0.000     0.000    clk_IBUF_inst/I
    BC10                 INBUF (Prop_INBUF_HPIOB_PAD_O)
                                                      0.282     0.282 r  clk_IBUF_inst/INBUF_INST/O
                         net (fo=1, routed)           0.045     0.327    clk_IBUF_inst/OUT
    BC10                 IBUFCTRL (Prop_IBUFCTRL_HPIOB_I_O)
                                                      0.000     0.327 r  clk_IBUF_inst/IBUFCTRL_INST/O
                         net (fo=1, routed)           0.571     0.898    clk_IBUF
    BUFGCE_X2Y48         BUFGCE (Prop_BUFCE_BUFGCE_I_O)
                                                      0.060     0.958 r  clk_IBUF_BUFG_inst/O
    X2Y2 (CLOCK_ROOT)    net (fo=361, routed)         1.960     2.918    fft_butterfly_1_inst_0/CLK
    SLICE_X78Y113        FDRE                                         r  fft_butterfly_1_inst_0/g2_reg_reg[r][4]/C

Slack:                    inf
  Source:                 data_in[0][2]
                            (input port)
  Destination:            fft_butterfly_1_inst_0/g2_reg_reg[r][5]/D
                            (rising edge-triggered cell FDRE clocked by clk_pin_p  {rise@0.000ns fall@12.500ns period=25.000ns})
  Path Group:             (none)
  Path Type:              Setup (Max at Slow Process Corner)
  Data Path Delay:        6.601ns  (logic 1.757ns (26.614%)  route 4.844ns (73.386%))
  Logic Levels:           11  (CARRY8=3 IBUFCTRL=1 INBUF=1 LUT2=1 LUT3=1 LUT5=1 LUT6=3)
  Clock Path Skew:        2.918ns (DCD - SCD + CPR)
    Destination Clock Delay (DCD):    2.918ns
    Source Clock Delay      (SCD):    0.000ns
    Clock Pessimism Removal (CPR):    0.000ns
  Clock Uncertainty:      0.025ns  ((TSJ^2 + TIJ^2)^1/2 + DJ) / 2 + PE
    Total System Jitter     (TSJ):    0.050ns
    Total Input Jitter      (TIJ):    0.000ns
    Discrete Jitter          (DJ):    0.000ns
    Phase Error              (PE):    0.000ns
  Clock Net Delay (Destination): 1.960ns (routing 0.750ns, distribution 1.210ns)

    Location             Delay type                Incr(ns)  Path(ns)    Netlist Resource(s)
  -------------------------------------------------------------------    -------------------
    BD23                                              0.000     0.000 r  data_in[0][2] (IN)
                         net (fo=0)                   0.000     0.000    ARG_carry_i_6__6/I
    BD23                 INBUF (Prop_INBUF_HRIO_PAD_O)
                                                      0.638     0.638 r  ARG_carry_i_6__6/INBUF_INST/O
                         net (fo=1, routed)           0.078     0.716    ARG_carry_i_6__6/OUT
    BD23                 IBUFCTRL (Prop_IBUFCTRL_HRIO_I_O)
                                                      0.038     0.754 r  ARG_carry_i_6__6/IBUFCTRL_INST/O
                         net (fo=7, routed)           3.045     3.799    fft_butterfly_1_inst_0/g1_reg_reg[r][7]_5
    SLICE_X77Y110        LUT6 (Prop_H6LUT_SLICEM_I5_O)
                                                      0.155     3.954 r  fft_butterfly_1_inst_0/ARG0_carry_i_14__0/O
                         net (fo=5, routed)           0.065     4.019    fft_butterfly_1_inst_0/ARG0_carry_i_14__0_n_0
    SLICE_X77Y110        LUT5 (Prop_D6LUT_SLICEM_I2_O)
                                                      0.119     4.138 r  fft_butterfly_1_inst_0/ARG0_carry_i_18__0/O
                         net (fo=13, routed)          0.582     4.720    fft_butterfly_1_inst_0/ARG0_carry_i_18__0_n_0
    SLICE_X78Y115        LUT6 (Prop_G6LUT_SLICEL_I2_O)
                                                      0.035     4.755 r  fft_butterfly_1_inst_0/ARG0_carry_i_15__0/O
                         net (fo=6, routed)           0.429     5.184    fft_butterfly_1_inst_0/ARG0__26_carry__0_i_2_n_0
    SLICE_X78Y110        LUT2 (Prop_H6LUT_SLICEL_I1_O)
                                                      0.062     5.246 r  fft_butterfly_1_inst_0/ARG0_carry_i_6__0/O
                         net (fo=1, routed)           0.001     5.247    fft_butterfly_1_inst_0/ARG0_carry_i_6__0_n_0
    SLICE_X78Y110        CARRY8 (Prop_CARRY8_SLICEL_S[7]_CO[7])
                                                      0.157     5.404 r  fft_butterfly_1_inst_0/ARG0_carry/CO[7]
                         net (fo=1, routed)           0.021     5.425    fft_butterfly_1_inst_0/ARG0_carry_n_0
    SLICE_X78Y111        CARRY8 (Prop_CARRY8_SLICEL_CI_O[3])
                                                      0.124     5.549 r  fft_butterfly_1_inst_0/ARG0_carry__0/O[3]
                         net (fo=4, routed)           0.320     5.869    fft_butterfly_1_inst_0/ARG0_carry__0_n_12
    SLICE_X77Y114        LUT3 (Prop_G6LUT_SLICEM_I2_O)
                                                      0.116     5.985 r  fft_butterfly_1_inst_0/ARG0__83_carry__0_i_15/O
                         net (fo=1, routed)           0.263     6.248    fft_butterfly_1_inst_0/ARG0__83_carry__0_i_15_n_0
    SLICE_X78Y113        LUT6 (Prop_A6LUT_SLICEL_I2_O)
                                                      0.101     6.349 r  fft_butterfly_1_inst_0/ARG0__83_carry__0_i_13/O
                         net (fo=1, routed)           0.002     6.351    fft_butterfly_1_inst_0/ARG0__83_carry__0_i_13_n_0
    SLICE_X78Y113        CARRY8 (Prop_CARRY8_SLICEL_S[0]_O[2])
                                                      0.212     6.563 r  fft_butterfly_1_inst_0/ARG0__83_carry__0/O[2]
                         net (fo=1, routed)           0.038     6.601    fft_butterfly_1_inst_0/C[13]
    SLICE_X78Y113        FDRE                                         r  fft_butterfly_1_inst_0/g2_reg_reg[r][5]/D
  -------------------------------------------------------------------    -------------------

                         (clock clk_pin_p rise edge)
                                                      0.000     0.000 r  
    BC10                                              0.000     0.000 r  clk (IN)
                         net (fo=0)                   0.000     0.000    clk_IBUF_inst/I
    BC10                 INBUF (Prop_INBUF_HPIOB_PAD_O)
                                                      0.282     0.282 r  clk_IBUF_inst/INBUF_INST/O
                         net (fo=1, routed)           0.045     0.327    clk_IBUF_inst/OUT
    BC10                 IBUFCTRL (Prop_IBUFCTRL_HPIOB_I_O)
                                                      0.000     0.327 r  clk_IBUF_inst/IBUFCTRL_INST/O
                         net (fo=1, routed)           0.571     0.898    clk_IBUF
    BUFGCE_X2Y48         BUFGCE (Prop_BUFCE_BUFGCE_I_O)
                                                      0.060     0.958 r  clk_IBUF_BUFG_inst/O
    X2Y2 (CLOCK_ROOT)    net (fo=361, routed)         1.960     2.918    fft_butterfly_1_inst_0/CLK
    SLICE_X78Y113        FDRE                                         r  fft_butterfly_1_inst_0/g2_reg_reg[r][5]/C

Slack:                    inf
  Source:                 data_in[0][2]
                            (input port)
  Destination:            fft_butterfly_1_inst_0/g2_reg_reg[r][3]/D
                            (rising edge-triggered cell FDRE clocked by clk_pin_p  {rise@0.000ns fall@12.500ns period=25.000ns})
  Path Group:             (none)
  Path Type:              Setup (Max at Slow Process Corner)
  Data Path Delay:        6.592ns  (logic 1.723ns (26.135%)  route 4.869ns (73.865%))
  Logic Levels:           11  (CARRY8=4 IBUFCTRL=1 INBUF=1 LUT2=1 LUT3=1 LUT5=1 LUT6=2)
  Clock Path Skew:        2.918ns (DCD - SCD + CPR)
    Destination Clock Delay (DCD):    2.918ns
    Source Clock Delay      (SCD):    0.000ns
    Clock Pessimism Removal (CPR):    0.000ns
  Clock Uncertainty:      0.025ns  ((TSJ^2 + TIJ^2)^1/2 + DJ) / 2 + PE
    Total System Jitter     (TSJ):    0.050ns
    Total Input Jitter      (TIJ):    0.000ns
    Discrete Jitter          (DJ):    0.000ns
    Phase Error              (PE):    0.000ns
  Clock Net Delay (Destination): 1.960ns (routing 0.750ns, distribution 1.210ns)

    Location             Delay type                Incr(ns)  Path(ns)    Netlist Resource(s)
  -------------------------------------------------------------------    -------------------
    BD23                                              0.000     0.000 r  data_in[0][2] (IN)
                         net (fo=0)                   0.000     0.000    ARG_carry_i_6__6/I
    BD23                 INBUF (Prop_INBUF_HRIO_PAD_O)
                                                      0.638     0.638 r  ARG_carry_i_6__6/INBUF_INST/O
                         net (fo=1, routed)           0.078     0.716    ARG_carry_i_6__6/OUT
    BD23                 IBUFCTRL (Prop_IBUFCTRL_HRIO_I_O)
                                                      0.038     0.754 r  ARG_carry_i_6__6/IBUFCTRL_INST/O
                         net (fo=7, routed)           3.045     3.799    fft_butterfly_1_inst_0/g1_reg_reg[r][7]_5
    SLICE_X77Y110        LUT6 (Prop_H6LUT_SLICEM_I5_O)
                                                      0.155     3.954 r  fft_butterfly_1_inst_0/ARG0_carry_i_14__0/O
                         net (fo=5, routed)           0.065     4.019    fft_butterfly_1_inst_0/ARG0_carry_i_14__0_n_0
    SLICE_X77Y110        LUT5 (Prop_D6LUT_SLICEM_I2_O)
                                                      0.119     4.138 r  fft_butterfly_1_inst_0/ARG0_carry_i_18__0/O
                         net (fo=13, routed)          0.582     4.720    fft_butterfly_1_inst_0/ARG0_carry_i_18__0_n_0
    SLICE_X78Y115        LUT6 (Prop_G6LUT_SLICEL_I2_O)
                                                      0.035     4.755 r  fft_butterfly_1_inst_0/ARG0_carry_i_15__0/O
                         net (fo=6, routed)           0.429     5.184    fft_butterfly_1_inst_0/ARG0__26_carry__0_i_2_n_0
    SLICE_X78Y110        LUT2 (Prop_H6LUT_SLICEL_I1_O)
                                                      0.062     5.246 r  fft_butterfly_1_inst_0/ARG0_carry_i_6__0/O
                         net (fo=1, routed)           0.001     5.247    fft_butterfly_1_inst_0/ARG0_carry_i_6__0_n_0
    SLICE_X78Y110        CARRY8 (Prop_CARRY8_SLICEL_S[7]_CO[7])
                                                      0.157     5.404 r  fft_butterfly_1_inst_0/ARG0_carry/CO[7]
                         net (fo=1, routed)           0.021     5.425    fft_butterfly_1_inst_0/ARG0_carry_n_0
    SLICE_X78Y111        CARRY8 (Prop_CARRY8_SLICEL_CI_O[1])
                                                      0.120     5.545 r  fft_butterfly_1_inst_0/ARG0_carry__0/O[1]
                         net (fo=4, routed)           0.306     5.851    fft_butterfly_1_inst_0/ARG0_carry__0_n_14
    SLICE_X80Y112        LUT3 (Prop_D5LUT_SLICEL_I2_O)
                                                      0.184     6.035 r  fft_butterfly_1_inst_0/ARG0__83_carry_i_1/O
                         net (fo=1, routed)           0.288     6.323    fft_butterfly_1_inst_0/ARG0__83_carry_i_1_n_0
    SLICE_X78Y112        CARRY8 (Prop_CARRY8_SLICEL_DI[7]_CO[7])
                                                      0.124     6.447 r  fft_butterfly_1_inst_0/ARG0__83_carry/CO[7]
                         net (fo=1, routed)           0.021     6.468    fft_butterfly_1_inst_0/ARG0__83_carry_n_0
    SLICE_X78Y113        CARRY8 (Prop_CARRY8_SLICEL_CI_O[0])
                                                      0.091     6.559 r  fft_butterfly_1_inst_0/ARG0__83_carry__0/O[0]
                         net (fo=1, routed)           0.033     6.592    fft_butterfly_1_inst_0/C[11]
    SLICE_X78Y113        FDRE                                         r  fft_butterfly_1_inst_0/g2_reg_reg[r][3]/D
  -------------------------------------------------------------------    -------------------

                         (clock clk_pin_p rise edge)
                                                      0.000     0.000 r  
    BC10                                              0.000     0.000 r  clk (IN)
                         net (fo=0)                   0.000     0.000    clk_IBUF_inst/I
    BC10                 INBUF (Prop_INBUF_HPIOB_PAD_O)
                                                      0.282     0.282 r  clk_IBUF_inst/INBUF_INST/O
                         net (fo=1, routed)           0.045     0.327    clk_IBUF_inst/OUT
    BC10                 IBUFCTRL (Prop_IBUFCTRL_HPIOB_I_O)
                                                      0.000     0.327 r  clk_IBUF_inst/IBUFCTRL_INST/O
                         net (fo=1, routed)           0.571     0.898    clk_IBUF
    BUFGCE_X2Y48         BUFGCE (Prop_BUFCE_BUFGCE_I_O)
                                                      0.060     0.958 r  clk_IBUF_BUFG_inst/O
    X2Y2 (CLOCK_ROOT)    net (fo=361, routed)         1.960     2.918    fft_butterfly_1_inst_0/CLK
    SLICE_X78Y113        FDRE                                         r  fft_butterfly_1_inst_0/g2_reg_reg[r][3]/C

Slack:                    inf
  Source:                 data_in[1][2]
                            (input port)
  Destination:            fft_butterfly_1_inst_1/g2_reg_reg[r][8]/D
                            (rising edge-triggered cell FDRE clocked by clk_pin_p  {rise@0.000ns fall@12.500ns period=25.000ns})
  Path Group:             (none)
  Path Type:              Setup (Max at Slow Process Corner)
  Data Path Delay:        6.587ns  (logic 1.700ns (25.807%)  route 4.887ns (74.193%))
  Logic Levels:           11  (CARRY8=3 IBUFCTRL=1 INBUF=1 LUT2=1 LUT5=1 LUT6=4)
  Clock Path Skew:        2.890ns (DCD - SCD + CPR)
    Destination Clock Delay (DCD):    2.890ns
    Source Clock Delay      (SCD):    0.000ns
    Clock Pessimism Removal (CPR):    0.000ns
  Clock Uncertainty:      0.025ns  ((TSJ^2 + TIJ^2)^1/2 + DJ) / 2 + PE
    Total System Jitter     (TSJ):    0.050ns
    Total Input Jitter      (TIJ):    0.000ns
    Discrete Jitter          (DJ):    0.000ns
    Phase Error              (PE):    0.000ns
  Clock Net Delay (Destination): 1.932ns (routing 0.750ns, distribution 1.182ns)

    Location             Delay type                Incr(ns)  Path(ns)    Netlist Resource(s)
  -------------------------------------------------------------------    -------------------
    AU21                                              0.000     0.000 r  data_in[1][2] (IN)
                         net (fo=0)                   0.000     0.000    ARG_carry_i_6__7/I
    AU21                 INBUF (Prop_INBUF_HRIO_PAD_O)
                                                      0.600     0.600 r  ARG_carry_i_6__7/INBUF_INST/O
                         net (fo=1, routed)           0.078     0.678    ARG_carry_i_6__7/OUT
    AU21                 IBUFCTRL (Prop_IBUFCTRL_HRIO_I_O)
                                                      0.038     0.716 r  ARG_carry_i_6__7/IBUFCTRL_INST/O
                         net (fo=12, routed)          2.922     3.638    fft_butterfly_1_inst_1/g1_reg_reg[r][7]_2
    SLICE_X74Y111        LUT6 (Prop_C6LUT_SLICEL_I1_O)
                                                      0.062     3.700 r  fft_butterfly_1_inst_1/ARG0_carry_i_21/O
                         net (fo=6, routed)           0.213     3.913    fft_butterfly_1_inst_1/ARG0_carry_i_21_n_0
    SLICE_X73Y111        LUT5 (Prop_D6LUT_SLICEM_I4_O)
                                                      0.064     3.977 r  fft_butterfly_1_inst_1/ARG0_carry_i_15/O
                         net (fo=7, routed)           0.363     4.340    fft_butterfly_1_inst_1/ARG0_carry_i_15_n_0
    SLICE_X73Y118        LUT6 (Prop_G6LUT_SLICEM_I0_O)
                                                      0.116     4.456 r  fft_butterfly_1_inst_1/ARG0_carry_i_1/O
                         net (fo=27, routed)          0.411     4.867    fft_butterfly_1_inst_1/ARG0_carry_i_1_n_0
    SLICE_X74Y112        LUT2 (Prop_H6LUT_SLICEL_I0_O)
                                                      0.062     4.929 r  fft_butterfly_1_inst_1/ARG0_carry_i_7/O
                         net (fo=1, routed)           0.001     4.930    fft_butterfly_1_inst_1/ARG0_carry_i_7_n_0
    SLICE_X74Y112        CARRY8 (Prop_CARRY8_SLICEL_S[7]_CO[7])
                                                      0.157     5.087 r  fft_butterfly_1_inst_1/ARG0_carry/CO[7]
                         net (fo=1, routed)           0.021     5.108    fft_butterfly_1_inst_1/ARG0_carry_n_0
    SLICE_X74Y113        CARRY8 (Prop_CARRY8_SLICEL_CI_O[1])
                                                      0.120     5.228 r  fft_butterfly_1_inst_1/ARG0_carry__0/O[1]
                         net (fo=2, routed)           0.421     5.649    fft_butterfly_1_inst_1/ARG0_carry__0_n_14
    SLICE_X73Y114        LUT6 (Prop_G6LUT_SLICEM_I0_O)
                                                      0.167     5.816 r  fft_butterfly_1_inst_1/ARG0__35_carry__0_i_26/O
                         net (fo=1, routed)           0.417     6.233    fft_butterfly_1_inst_1/ARG0__35_carry__0_i_26_n_0
    SLICE_X73Y113        LUT6 (Prop_E6LUT_SLICEM_I5_O)
                                                      0.063     6.296 r  fft_butterfly_1_inst_1/ARG0__35_carry__0_i_12/O
                         net (fo=1, routed)           0.003     6.299    fft_butterfly_1_inst_1/ARG0__35_carry__0_i_12_n_0
    SLICE_X73Y113        CARRY8 (Prop_CARRY8_SLICEM_S[4]_O[7])
                                                      0.251     6.550 r  fft_butterfly_1_inst_1/ARG0__35_carry__0/O[7]
                         net (fo=1, routed)           0.037     6.587    fft_butterfly_1_inst_1/ARG0__35_carry__0_n_8
    SLICE_X73Y113        FDRE                                         r  fft_butterfly_1_inst_1/g2_reg_reg[r][8]/D
  -------------------------------------------------------------------    -------------------

                         (clock clk_pin_p rise edge)
                                                      0.000     0.000 r  
    BC10                                              0.000     0.000 r  clk (IN)
                         net (fo=0)                   0.000     0.000    clk_IBUF_inst/I
    BC10                 INBUF (Prop_INBUF_HPIOB_PAD_O)
                                                      0.282     0.282 r  clk_IBUF_inst/INBUF_INST/O
                         net (fo=1, routed)           0.045     0.327    clk_IBUF_inst/OUT
    BC10                 IBUFCTRL (Prop_IBUFCTRL_HPIOB_I_O)
                                                      0.000     0.327 r  clk_IBUF_inst/IBUFCTRL_INST/O
                         net (fo=1, routed)           0.571     0.898    clk_IBUF
    BUFGCE_X2Y48         BUFGCE (Prop_BUFCE_BUFGCE_I_O)
                                                      0.060     0.958 r  clk_IBUF_BUFG_inst/O
    X2Y2 (CLOCK_ROOT)    net (fo=361, routed)         1.932     2.890    fft_butterfly_1_inst_1/CLK
    SLICE_X73Y113        FDRE                                         r  fft_butterfly_1_inst_1/g2_reg_reg[r][8]/C

Slack:                    inf
  Source:                 data_in[1][2]
                            (input port)
  Destination:            fft_butterfly_1_inst_1/g2_reg_reg[r][7]/D
                            (rising edge-triggered cell FDRE clocked by clk_pin_p  {rise@0.000ns fall@12.500ns period=25.000ns})
  Path Group:             (none)
  Path Type:              Setup (Max at Slow Process Corner)
  Data Path Delay:        6.565ns  (logic 1.680ns (25.589%)  route 4.885ns (74.411%))
  Logic Levels:           11  (CARRY8=3 IBUFCTRL=1 INBUF=1 LUT2=1 LUT5=1 LUT6=4)
  Clock Path Skew:        2.890ns (DCD - SCD + CPR)
    Destination Clock Delay (DCD):    2.890ns
    Source Clock Delay      (SCD):    0.000ns
    Clock Pessimism Removal (CPR):    0.000ns
  Clock Uncertainty:      0.025ns  ((TSJ^2 + TIJ^2)^1/2 + DJ) / 2 + PE
    Total System Jitter     (TSJ):    0.050ns
    Total Input Jitter      (TIJ):    0.000ns
    Discrete Jitter          (DJ):    0.000ns
    Phase Error              (PE):    0.000ns
  Clock Net Delay (Destination): 1.932ns (routing 0.750ns, distribution 1.182ns)

    Location             Delay type                Incr(ns)  Path(ns)    Netlist Resource(s)
  -------------------------------------------------------------------    -------------------
    AU21                                              0.000     0.000 r  data_in[1][2] (IN)
                         net (fo=0)                   0.000     0.000    ARG_carry_i_6__7/I
    AU21                 INBUF (Prop_INBUF_HRIO_PAD_O)
                                                      0.600     0.600 r  ARG_carry_i_6__7/INBUF_INST/O
                         net (fo=1, routed)           0.078     0.678    ARG_carry_i_6__7/OUT
    AU21                 IBUFCTRL (Prop_IBUFCTRL_HRIO_I_O)
                                                      0.038     0.716 r  ARG_carry_i_6__7/IBUFCTRL_INST/O
                         net (fo=12, routed)          2.922     3.638    fft_butterfly_1_inst_1/g1_reg_reg[r][7]_2
    SLICE_X74Y111        LUT6 (Prop_C6LUT_SLICEL_I1_O)
                                                      0.062     3.700 r  fft_butterfly_1_inst_1/ARG0_carry_i_21/O
                         net (fo=6, routed)           0.213     3.913    fft_butterfly_1_inst_1/ARG0_carry_i_21_n_0
    SLICE_X73Y111        LUT5 (Prop_D6LUT_SLICEM_I4_O)
                                                      0.064     3.977 r  fft_butterfly_1_inst_1/ARG0_carry_i_15/O
                         net (fo=7, routed)           0.363     4.340    fft_butterfly_1_inst_1/ARG0_carry_i_15_n_0
    SLICE_X73Y118        LUT6 (Prop_G6LUT_SLICEM_I0_O)
                                                      0.116     4.456 r  fft_butterfly_1_inst_1/ARG0_carry_i_1/O
                         net (fo=27, routed)          0.411     4.867    fft_butterfly_1_inst_1/ARG0_carry_i_1_n_0
    SLICE_X74Y112        LUT2 (Prop_H6LUT_SLICEL_I0_O)
                                                      0.062     4.929 r  fft_butterfly_1_inst_1/ARG0_carry_i_7/O
                         net (fo=1, routed)           0.001     4.930    fft_butterfly_1_inst_1/ARG0_carry_i_7_n_0
    SLICE_X74Y112        CARRY8 (Prop_CARRY8_SLICEL_S[7]_CO[7])
                                                      0.157     5.087 r  fft_butterfly_1_inst_1/ARG0_carry/CO[7]
                         net (fo=1, routed)           0.021     5.108    fft_butterfly_1_inst_1/ARG0_carry_n_0
    SLICE_X74Y113        CARRY8 (Prop_CARRY8_SLICEL_CI_O[1])
                                                      0.120     5.228 r  fft_butterfly_1_inst_1/ARG0_carry__0/O[1]
                         net (fo=2, routed)           0.421     5.649    fft_butterfly_1_inst_1/ARG0_carry__0_n_14
    SLICE_X73Y114        LUT6 (Prop_G6LUT_SLICEM_I0_O)
                                                      0.167     5.816 r  fft_butterfly_1_inst_1/ARG0__35_carry__0_i_26/O
                         net (fo=1, routed)           0.417     6.233    fft_butterfly_1_inst_1/ARG0__35_carry__0_i_26_n_0
    SLICE_X73Y113        LUT6 (Prop_E6LUT_SLICEM_I5_O)
                                                      0.063     6.296 r  fft_butterfly_1_inst_1/ARG0__35_carry__0_i_12/O
                         net (fo=1, routed)           0.003     6.299    fft_butterfly_1_inst_1/ARG0__35_carry__0_i_12_n_0
    SLICE_X73Y113        CARRY8 (Prop_CARRY8_SLICEM_S[4]_O[6])
                                                      0.231     6.530 r  fft_butterfly_1_inst_1/ARG0__35_carry__0/O[6]
                         net (fo=1, routed)           0.035     6.565    fft_butterfly_1_inst_1/ARG0__35_carry__0_n_9
    SLICE_X73Y113        FDRE                                         r  fft_butterfly_1_inst_1/g2_reg_reg[r][7]/D
  -------------------------------------------------------------------    -------------------

                         (clock clk_pin_p rise edge)
                                                      0.000     0.000 r  
    BC10                                              0.000     0.000 r  clk (IN)
                         net (fo=0)                   0.000     0.000    clk_IBUF_inst/I
    BC10                 INBUF (Prop_INBUF_HPIOB_PAD_O)
                                                      0.282     0.282 r  clk_IBUF_inst/INBUF_INST/O
                         net (fo=1, routed)           0.045     0.327    clk_IBUF_inst/OUT
    BC10                 IBUFCTRL (Prop_IBUFCTRL_HPIOB_I_O)
                                                      0.000     0.327 r  clk_IBUF_inst/IBUFCTRL_INST/O
                         net (fo=1, routed)           0.571     0.898    clk_IBUF
    BUFGCE_X2Y48         BUFGCE (Prop_BUFCE_BUFGCE_I_O)
                                                      0.060     0.958 r  clk_IBUF_BUFG_inst/O
    X2Y2 (CLOCK_ROOT)    net (fo=361, routed)         1.932     2.890    fft_butterfly_1_inst_1/CLK
    SLICE_X73Y113        FDRE                                         r  fft_butterfly_1_inst_1/g2_reg_reg[r][7]/C





Min Delay Paths
--------------------------------------------------------------------------------------
Slack:                    inf
  Source:                 data_in[7][1]
                            (input port)
  Destination:            fft_butterfly_1_inst_3/g1_reg_reg[r][1]/D
                            (rising edge-triggered cell FDRE clocked by clk_pin_p  {rise@0.000ns fall@12.500ns period=25.000ns})
  Path Group:             (none)
  Path Type:              Hold (Min at Fast Process Corner)
  Data Path Delay:        1.087ns  (logic 0.292ns (26.881%)  route 0.795ns (73.119%))
  Logic Levels:           4  (CARRY8=1 IBUFCTRL=1 INBUF=1 LUT2=1)
  Clock Path Skew:        2.303ns (DCD - SCD - CPR)
    Destination Clock Delay (DCD):    2.303ns
    Source Clock Delay      (SCD):    0.000ns
    Clock Pessimism Removal (CPR):    -0.000ns
  Clock Net Delay (Destination): 1.247ns (routing 0.504ns, distribution 0.743ns)

    Location             Delay type                Incr(ns)  Path(ns)    Netlist Resource(s)
  -------------------------------------------------------------------    -------------------
    BF35                                              0.000     0.000 r  data_in[7][1] (IN)
                         net (fo=0)                   0.000     0.000    ARG_carry_i_24__2/I
    BF35                 INBUF (Prop_INBUF_HPIOB_PAD_O)
                                                      0.207     0.207 r  ARG_carry_i_24__2/INBUF_INST/O
                         net (fo=1, routed)           0.027     0.234    ARG_carry_i_24__2/OUT
    BF35                 IBUFCTRL (Prop_IBUFCTRL_HPIOB_I_O)
                                                      0.000     0.234 r  ARG_carry_i_24__2/IBUFCTRL_INST/O
                         net (fo=15, routed)          0.755     0.989    fft_butterfly_1_inst_3/g2_reg_reg[r][1]_1
    SLICE_X70Y131        LUT2 (Prop_B6LUT_SLICEM_I1_O)
                                                      0.053     1.042 r  fft_butterfly_1_inst_3/ARG_carry_i_15/O
                         net (fo=1, routed)           0.000     1.042    fft_butterfly_1_inst_3/ARG_carry_i_15_n_0
    SLICE_X70Y131        CARRY8 (Prop_CARRY8_SLICEM_S[1]_O[1])
                                                      0.032     1.074 r  fft_butterfly_1_inst_3/ARG_carry/O[1]
                         net (fo=1, routed)           0.013     1.087    fft_butterfly_1_inst_3/ARG_carry_n_14
    SLICE_X70Y131        FDRE                                         r  fft_butterfly_1_inst_3/g1_reg_reg[r][1]/D
  -------------------------------------------------------------------    -------------------

                         (clock clk_pin_p rise edge)
                                                      0.000     0.000 r  
    BC10                                              0.000     0.000 r  clk (IN)
                         net (fo=0)                   0.000     0.000    clk_IBUF_inst/I
    BC10                 INBUF (Prop_INBUF_HPIOB_PAD_O)
                                                      0.569     0.569 r  clk_IBUF_inst/INBUF_INST/O
                         net (fo=1, routed)           0.047     0.616    clk_IBUF_inst/OUT
    BC10                 IBUFCTRL (Prop_IBUFCTRL_HPIOB_I_O)
                                                      0.000     0.616 r  clk_IBUF_inst/IBUFCTRL_INST/O
                         net (fo=1, routed)           0.409     1.025    clk_IBUF
    BUFGCE_X2Y48         BUFGCE (Prop_BUFCE_BUFGCE_I_O)
                                                      0.031     1.056 r  clk_IBUF_BUFG_inst/O
    X2Y2 (CLOCK_ROOT)    net (fo=361, routed)         1.247     2.303    fft_butterfly_1_inst_3/CLK
    SLICE_X70Y131        FDRE                                         r  fft_butterfly_1_inst_3/g1_reg_reg[r][1]/C

Slack:                    inf
  Source:                 data_in[7][1]
                            (input port)
  Destination:            fft_butterfly_1_inst_3/g1_reg_reg[r][2]/D
                            (rising edge-triggered cell FDRE clocked by clk_pin_p  {rise@0.000ns fall@12.500ns period=25.000ns})
  Path Group:             (none)
  Path Type:              Hold (Min at Fast Process Corner)
  Data Path Delay:        1.126ns  (logic 0.330ns (29.324%)  route 0.796ns (70.676%))
  Logic Levels:           4  (CARRY8=1 IBUFCTRL=1 INBUF=1 LUT2=1)
  Clock Path Skew:        2.303ns (DCD - SCD - CPR)
    Destination Clock Delay (DCD):    2.303ns
    Source Clock Delay      (SCD):    0.000ns
    Clock Pessimism Removal (CPR):    -0.000ns
  Clock Net Delay (Destination): 1.247ns (routing 0.504ns, distribution 0.743ns)

    Location             Delay type                Incr(ns)  Path(ns)    Netlist Resource(s)
  -------------------------------------------------------------------    -------------------
    BF35                                              0.000     0.000 r  data_in[7][1] (IN)
                         net (fo=0)                   0.000     0.000    ARG_carry_i_24__2/I
    BF35                 INBUF (Prop_INBUF_HPIOB_PAD_O)
                                                      0.207     0.207 r  ARG_carry_i_24__2/INBUF_INST/O
                         net (fo=1, routed)           0.027     0.234    ARG_carry_i_24__2/OUT
    BF35                 IBUFCTRL (Prop_IBUFCTRL_HPIOB_I_O)
                                                      0.000     0.234 r  ARG_carry_i_24__2/IBUFCTRL_INST/O
                         net (fo=15, routed)          0.755     0.989    fft_butterfly_1_inst_3/g2_reg_reg[r][1]_1
    SLICE_X70Y131        LUT2 (Prop_B6LUT_SLICEM_I1_O)
                                                      0.053     1.042 r  fft_butterfly_1_inst_3/ARG_carry_i_15/O
                         net (fo=1, routed)           0.000     1.042    fft_butterfly_1_inst_3/ARG_carry_i_15_n_0
    SLICE_X70Y131        CARRY8 (Prop_CARRY8_SLICEM_S[1]_O[2])
                                                      0.070     1.112 r  fft_butterfly_1_inst_3/ARG_carry/O[2]
                         net (fo=1, routed)           0.014     1.126    fft_butterfly_1_inst_3/ARG_carry_n_13
    SLICE_X70Y131        FDRE                                         r  fft_butterfly_1_inst_3/g1_reg_reg[r][2]/D
  -------------------------------------------------------------------    -------------------

                         (clock clk_pin_p rise edge)
                                                      0.000     0.000 r  
    BC10                                              0.000     0.000 r  clk (IN)
                         net (fo=0)                   0.000     0.000    clk_IBUF_inst/I
    BC10                 INBUF (Prop_INBUF_HPIOB_PAD_O)
                                                      0.569     0.569 r  clk_IBUF_inst/INBUF_INST/O
                         net (fo=1, routed)           0.047     0.616    clk_IBUF_inst/OUT
    BC10                 IBUFCTRL (Prop_IBUFCTRL_HPIOB_I_O)
                                                      0.000     0.616 r  clk_IBUF_inst/IBUFCTRL_INST/O
                         net (fo=1, routed)           0.409     1.025    clk_IBUF
    BUFGCE_X2Y48         BUFGCE (Prop_BUFCE_BUFGCE_I_O)
                                                      0.031     1.056 r  clk_IBUF_BUFG_inst/O
    X2Y2 (CLOCK_ROOT)    net (fo=361, routed)         1.247     2.303    fft_butterfly_1_inst_3/CLK
    SLICE_X70Y131        FDRE                                         r  fft_butterfly_1_inst_3/g1_reg_reg[r][2]/C

Slack:                    inf
  Source:                 data_in[7][0]
                            (input port)
  Destination:            fft_butterfly_1_inst_3/g1_reg_reg[r][0]/D
                            (rising edge-triggered cell FDRE clocked by clk_pin_p  {rise@0.000ns fall@12.500ns period=25.000ns})
  Path Group:             (none)
  Path Type:              Hold (Min at Fast Process Corner)
  Data Path Delay:        1.135ns  (logic 0.289ns (25.444%)  route 0.846ns (74.556%))
  Logic Levels:           4  (CARRY8=1 IBUFCTRL=1 INBUF=1 LUT2=1)
  Clock Path Skew:        2.303ns (DCD - SCD - CPR)
    Destination Clock Delay (DCD):    2.303ns
    Source Clock Delay      (SCD):    0.000ns
    Clock Pessimism Removal (CPR):    -0.000ns
  Clock Net Delay (Destination): 1.247ns (routing 0.504ns, distribution 0.743ns)

    Location             Delay type                Incr(ns)  Path(ns)    Netlist Resource(s)
  -------------------------------------------------------------------    -------------------
    BE35                                              0.000     0.000 r  data_in[7][0] (IN)
                         net (fo=0)                   0.000     0.000    ARG_carry_i_25__2/I
    BE35                 INBUF (Prop_INBUF_HPIOB_PAD_O)
                                                      0.205     0.205 r  ARG_carry_i_25__2/INBUF_INST/O
                         net (fo=1, routed)           0.027     0.232    ARG_carry_i_25__2/OUT
    BE35                 IBUFCTRL (Prop_IBUFCTRL_HPIOB_I_O)
                                                      0.000     0.232 r  ARG_carry_i_25__2/IBUFCTRL_INST/O
                         net (fo=16, routed)          0.808     1.040    fft_butterfly_1_inst_3/g2_reg_reg[r][1]_2
    SLICE_X70Y131        LUT2 (Prop_A6LUT_SLICEM_I1_O)
                                                      0.052     1.092 r  fft_butterfly_1_inst_3/ARG_carry_i_16/O
                         net (fo=1, routed)           0.001     1.093    fft_butterfly_1_inst_3/ARG_carry_i_16_n_0
    SLICE_X70Y131        CARRY8 (Prop_CARRY8_SLICEM_S[0]_O[0])
                                                      0.032     1.125 r  fft_butterfly_1_inst_3/ARG_carry/O[0]
                         net (fo=1, routed)           0.010     1.135    fft_butterfly_1_inst_3/ARG_carry_n_15
    SLICE_X70Y131        FDRE                                         r  fft_butterfly_1_inst_3/g1_reg_reg[r][0]/D
  -------------------------------------------------------------------    -------------------

                         (clock clk_pin_p rise edge)
                                                      0.000     0.000 r  
    BC10                                              0.000     0.000 r  clk (IN)
                         net (fo=0)                   0.000     0.000    clk_IBUF_inst/I
    BC10                 INBUF (Prop_INBUF_HPIOB_PAD_O)
                                                      0.569     0.569 r  clk_IBUF_inst/INBUF_INST/O
                         net (fo=1, routed)           0.047     0.616    clk_IBUF_inst/OUT
    BC10                 IBUFCTRL (Prop_IBUFCTRL_HPIOB_I_O)
                                                      0.000     0.616 r  clk_IBUF_inst/IBUFCTRL_INST/O
                         net (fo=1, routed)           0.409     1.025    clk_IBUF
    BUFGCE_X2Y48         BUFGCE (Prop_BUFCE_BUFGCE_I_O)
                                                      0.031     1.056 r  clk_IBUF_BUFG_inst/O
    X2Y2 (CLOCK_ROOT)    net (fo=361, routed)         1.247     2.303    fft_butterfly_1_inst_3/CLK
    SLICE_X70Y131        FDRE                                         r  fft_butterfly_1_inst_3/g1_reg_reg[r][0]/C

Slack:                    inf
  Source:                 data_in[7][1]
                            (input port)
  Destination:            fft_butterfly_1_inst_3/g1_reg_reg[r][3]/D
                            (rising edge-triggered cell FDRE clocked by clk_pin_p  {rise@0.000ns fall@12.500ns period=25.000ns})
  Path Group:             (none)
  Path Type:              Hold (Min at Fast Process Corner)
  Data Path Delay:        1.136ns  (logic 0.340ns (29.946%)  route 0.796ns (70.054%))
  Logic Levels:           4  (CARRY8=1 IBUFCTRL=1 INBUF=1 LUT2=1)
  Clock Path Skew:        2.303ns (DCD - SCD - CPR)
    Destination Clock Delay (DCD):    2.303ns
    Source Clock Delay      (SCD):    0.000ns
    Clock Pessimism Removal (CPR):    -0.000ns
  Clock Net Delay (Destination): 1.247ns (routing 0.504ns, distribution 0.743ns)

    Location             Delay type                Incr(ns)  Path(ns)    Netlist Resource(s)
  -------------------------------------------------------------------    -------------------
    BF35                                              0.000     0.000 r  data_in[7][1] (IN)
                         net (fo=0)                   0.000     0.000    ARG_carry_i_24__2/I
    BF35                 INBUF (Prop_INBUF_HPIOB_PAD_O)
                                                      0.207     0.207 r  ARG_carry_i_24__2/INBUF_INST/O
                         net (fo=1, routed)           0.027     0.234    ARG_carry_i_24__2/OUT
    BF35                 IBUFCTRL (Prop_IBUFCTRL_HPIOB_I_O)
                                                      0.000     0.234 r  ARG_carry_i_24__2/IBUFCTRL_INST/O
                         net (fo=15, routed)          0.755     0.989    fft_butterfly_1_inst_3/g2_reg_reg[r][1]_1
    SLICE_X70Y131        LUT2 (Prop_B6LUT_SLICEM_I1_O)
                                                      0.053     1.042 r  fft_butterfly_1_inst_3/ARG_carry_i_15/O
                         net (fo=1, routed)           0.000     1.042    fft_butterfly_1_inst_3/ARG_carry_i_15_n_0
    SLICE_X70Y131        CARRY8 (Prop_CARRY8_SLICEM_S[1]_O[3])
                                                      0.080     1.122 r  fft_butterfly_1_inst_3/ARG_carry/O[3]
                         net (fo=1, routed)           0.014     1.136    fft_butterfly_1_inst_3/ARG_carry_n_12
    SLICE_X70Y131        FDRE                                         r  fft_butterfly_1_inst_3/g1_reg_reg[r][3]/D
  -------------------------------------------------------------------    -------------------

                         (clock clk_pin_p rise edge)
                                                      0.000     0.000 r  
    BC10                                              0.000     0.000 r  clk (IN)
                         net (fo=0)                   0.000     0.000    clk_IBUF_inst/I
    BC10                 INBUF (Prop_INBUF_HPIOB_PAD_O)
                                                      0.569     0.569 r  clk_IBUF_inst/INBUF_INST/O
                         net (fo=1, routed)           0.047     0.616    clk_IBUF_inst/OUT
    BC10                 IBUFCTRL (Prop_IBUFCTRL_HPIOB_I_O)
                                                      0.000     0.616 r  clk_IBUF_inst/IBUFCTRL_INST/O
                         net (fo=1, routed)           0.409     1.025    clk_IBUF
    BUFGCE_X2Y48         BUFGCE (Prop_BUFCE_BUFGCE_I_O)
                                                      0.031     1.056 r  clk_IBUF_BUFG_inst/O
    X2Y2 (CLOCK_ROOT)    net (fo=361, routed)         1.247     2.303    fft_butterfly_1_inst_3/CLK
    SLICE_X70Y131        FDRE                                         r  fft_butterfly_1_inst_3/g1_reg_reg[r][3]/C

Slack:                    inf
  Source:                 data_in[7][1]
                            (input port)
  Destination:            fft_butterfly_1_inst_3/g1_reg_reg[r][4]/D
                            (rising edge-triggered cell FDRE clocked by clk_pin_p  {rise@0.000ns fall@12.500ns period=25.000ns})
  Path Group:             (none)
  Path Type:              Hold (Min at Fast Process Corner)
  Data Path Delay:        1.144ns  (logic 0.352ns (30.785%)  route 0.792ns (69.215%))
  Logic Levels:           4  (CARRY8=1 IBUFCTRL=1 INBUF=1 LUT2=1)
  Clock Path Skew:        2.301ns (DCD - SCD - CPR)
    Destination Clock Delay (DCD):    2.301ns
    Source Clock Delay      (SCD):    0.000ns
    Clock Pessimism Removal (CPR):    -0.000ns
  Clock Net Delay (Destination): 1.245ns (routing 0.504ns, distribution 0.741ns)

    Location             Delay type                Incr(ns)  Path(ns)    Netlist Resource(s)
  -------------------------------------------------------------------    -------------------
    BF35                                              0.000     0.000 r  data_in[7][1] (IN)
                         net (fo=0)                   0.000     0.000    ARG_carry_i_24__2/I
    BF35                 INBUF (Prop_INBUF_HPIOB_PAD_O)
                                                      0.207     0.207 r  ARG_carry_i_24__2/INBUF_INST/O
                         net (fo=1, routed)           0.027     0.234    ARG_carry_i_24__2/OUT
    BF35                 IBUFCTRL (Prop_IBUFCTRL_HPIOB_I_O)
                                                      0.000     0.234 r  ARG_carry_i_24__2/IBUFCTRL_INST/O
                         net (fo=15, routed)          0.755     0.989    fft_butterfly_1_inst_3/g2_reg_reg[r][1]_1
    SLICE_X70Y131        LUT2 (Prop_B6LUT_SLICEM_I1_O)
                                                      0.053     1.042 r  fft_butterfly_1_inst_3/ARG_carry_i_15/O
                         net (fo=1, routed)           0.000     1.042    fft_butterfly_1_inst_3/ARG_carry_i_15_n_0
    SLICE_X70Y131        CARRY8 (Prop_CARRY8_SLICEM_S[1]_O[4])
                                                      0.092     1.134 r  fft_butterfly_1_inst_3/ARG_carry/O[4]
                         net (fo=1, routed)           0.010     1.144    fft_butterfly_1_inst_3/ARG_carry_n_11
    SLICE_X70Y131        FDRE                                         r  fft_butterfly_1_inst_3/g1_reg_reg[r][4]/D
  -------------------------------------------------------------------    -------------------

                         (clock clk_pin_p rise edge)
                                                      0.000     0.000 r  
    BC10                                              0.000     0.000 r  clk (IN)
                         net (fo=0)                   0.000     0.000    clk_IBUF_inst/I
    BC10                 INBUF (Prop_INBUF_HPIOB_PAD_O)
                                                      0.569     0.569 r  clk_IBUF_inst/INBUF_INST/O
                         net (fo=1, routed)           0.047     0.616    clk_IBUF_inst/OUT
    BC10                 IBUFCTRL (Prop_IBUFCTRL_HPIOB_I_O)
                                                      0.000     0.616 r  clk_IBUF_inst/IBUFCTRL_INST/O
                         net (fo=1, routed)           0.409     1.025    clk_IBUF
    BUFGCE_X2Y48         BUFGCE (Prop_BUFCE_BUFGCE_I_O)
                                                      0.031     1.056 r  clk_IBUF_BUFG_inst/O
    X2Y2 (CLOCK_ROOT)    net (fo=361, routed)         1.245     2.301    fft_butterfly_1_inst_3/CLK
    SLICE_X70Y131        FDRE                                         r  fft_butterfly_1_inst_3/g1_reg_reg[r][4]/C

Slack:                    inf
  Source:                 data_in[7][1]
                            (input port)
  Destination:            fft_butterfly_1_inst_3/g1_reg_reg[r][6]/D
                            (rising edge-triggered cell FDRE clocked by clk_pin_p  {rise@0.000ns fall@12.500ns period=25.000ns})
  Path Group:             (none)
  Path Type:              Hold (Min at Fast Process Corner)
  Data Path Delay:        1.155ns  (logic 0.361ns (31.271%)  route 0.794ns (68.729%))
  Logic Levels:           4  (CARRY8=1 IBUFCTRL=1 INBUF=1 LUT2=1)
  Clock Path Skew:        2.301ns (DCD - SCD - CPR)
    Destination Clock Delay (DCD):    2.301ns
    Source Clock Delay      (SCD):    0.000ns
    Clock Pessimism Removal (CPR):    -0.000ns
  Clock Net Delay (Destination): 1.245ns (routing 0.504ns, distribution 0.741ns)

    Location             Delay type                Incr(ns)  Path(ns)    Netlist Resource(s)
  -------------------------------------------------------------------    -------------------
    BF35                                              0.000     0.000 r  data_in[7][1] (IN)
                         net (fo=0)                   0.000     0.000    ARG_carry_i_24__2/I
    BF35                 INBUF (Prop_INBUF_HPIOB_PAD_O)
                                                      0.207     0.207 r  ARG_carry_i_24__2/INBUF_INST/O
                         net (fo=1, routed)           0.027     0.234    ARG_carry_i_24__2/OUT
    BF35                 IBUFCTRL (Prop_IBUFCTRL_HPIOB_I_O)
                                                      0.000     0.234 r  ARG_carry_i_24__2/IBUFCTRL_INST/O
                         net (fo=15, routed)          0.755     0.989    fft_butterfly_1_inst_3/g2_reg_reg[r][1]_1
    SLICE_X70Y131        LUT2 (Prop_B6LUT_SLICEM_I1_O)
                                                      0.053     1.042 r  fft_butterfly_1_inst_3/ARG_carry_i_15/O
                         net (fo=1, routed)           0.000     1.042    fft_butterfly_1_inst_3/ARG_carry_i_15_n_0
    SLICE_X70Y131        CARRY8 (Prop_CARRY8_SLICEM_S[1]_O[6])
                                                      0.101     1.143 r  fft_butterfly_1_inst_3/ARG_carry/O[6]
                         net (fo=1, routed)           0.012     1.155    fft_butterfly_1_inst_3/ARG_carry_n_9
    SLICE_X70Y131        FDRE                                         r  fft_butterfly_1_inst_3/g1_reg_reg[r][6]/D
  -------------------------------------------------------------------    -------------------

                         (clock clk_pin_p rise edge)
                                                      0.000     0.000 r  
    BC10                                              0.000     0.000 r  clk (IN)
                         net (fo=0)                   0.000     0.000    clk_IBUF_inst/I
    BC10                 INBUF (Prop_INBUF_HPIOB_PAD_O)
                                                      0.569     0.569 r  clk_IBUF_inst/INBUF_INST/O
                         net (fo=1, routed)           0.047     0.616    clk_IBUF_inst/OUT
    BC10                 IBUFCTRL (Prop_IBUFCTRL_HPIOB_I_O)
                                                      0.000     0.616 r  clk_IBUF_inst/IBUFCTRL_INST/O
                         net (fo=1, routed)           0.409     1.025    clk_IBUF
    BUFGCE_X2Y48         BUFGCE (Prop_BUFCE_BUFGCE_I_O)
                                                      0.031     1.056 r  clk_IBUF_BUFG_inst/O
    X2Y2 (CLOCK_ROOT)    net (fo=361, routed)         1.245     2.301    fft_butterfly_1_inst_3/CLK
    SLICE_X70Y131        FDRE                                         r  fft_butterfly_1_inst_3/g1_reg_reg[r][6]/C

Slack:                    inf
  Source:                 data_in[7][1]
                            (input port)
  Destination:            fft_butterfly_1_inst_3/g1_reg_reg[r][5]/D
                            (rising edge-triggered cell FDRE clocked by clk_pin_p  {rise@0.000ns fall@12.500ns period=25.000ns})
  Path Group:             (none)
  Path Type:              Hold (Min at Fast Process Corner)
  Data Path Delay:        1.159ns  (logic 0.367ns (31.681%)  route 0.792ns (68.319%))
  Logic Levels:           4  (CARRY8=1 IBUFCTRL=1 INBUF=1 LUT2=1)
  Clock Path Skew:        2.301ns (DCD - SCD - CPR)
    Destination Clock Delay (DCD):    2.301ns
    Source Clock Delay      (SCD):    0.000ns
    Clock Pessimism Removal (CPR):    -0.000ns
  Clock Net Delay (Destination): 1.245ns (routing 0.504ns, distribution 0.741ns)

    Location             Delay type                Incr(ns)  Path(ns)    Netlist Resource(s)
  -------------------------------------------------------------------    -------------------
    BF35                                              0.000     0.000 r  data_in[7][1] (IN)
                         net (fo=0)                   0.000     0.000    ARG_carry_i_24__2/I
    BF35                 INBUF (Prop_INBUF_HPIOB_PAD_O)
                                                      0.207     0.207 r  ARG_carry_i_24__2/INBUF_INST/O
                         net (fo=1, routed)           0.027     0.234    ARG_carry_i_24__2/OUT
    BF35                 IBUFCTRL (Prop_IBUFCTRL_HPIOB_I_O)
                                                      0.000     0.234 r  ARG_carry_i_24__2/IBUFCTRL_INST/O
                         net (fo=15, routed)          0.755     0.989    fft_butterfly_1_inst_3/g2_reg_reg[r][1]_1
    SLICE_X70Y131        LUT2 (Prop_B6LUT_SLICEM_I1_O)
                                                      0.053     1.042 r  fft_butterfly_1_inst_3/ARG_carry_i_15/O
                         net (fo=1, routed)           0.000     1.042    fft_butterfly_1_inst_3/ARG_carry_i_15_n_0
    SLICE_X70Y131        CARRY8 (Prop_CARRY8_SLICEM_S[1]_O[5])
                                                      0.107     1.149 r  fft_butterfly_1_inst_3/ARG_carry/O[5]
                         net (fo=1, routed)           0.010     1.159    fft_butterfly_1_inst_3/ARG_carry_n_10
    SLICE_X70Y131        FDRE                                         r  fft_butterfly_1_inst_3/g1_reg_reg[r][5]/D
  -------------------------------------------------------------------    -------------------

                         (clock clk_pin_p rise edge)
                                                      0.000     0.000 r  
    BC10                                              0.000     0.000 r  clk (IN)
                         net (fo=0)                   0.000     0.000    clk_IBUF_inst/I
    BC10                 INBUF (Prop_INBUF_HPIOB_PAD_O)
                                                      0.569     0.569 r  clk_IBUF_inst/INBUF_INST/O
                         net (fo=1, routed)           0.047     0.616    clk_IBUF_inst/OUT
    BC10                 IBUFCTRL (Prop_IBUFCTRL_HPIOB_I_O)
                                                      0.000     0.616 r  clk_IBUF_inst/IBUFCTRL_INST/O
                         net (fo=1, routed)           0.409     1.025    clk_IBUF
    BUFGCE_X2Y48         BUFGCE (Prop_BUFCE_BUFGCE_I_O)
                                                      0.031     1.056 r  clk_IBUF_BUFG_inst/O
    X2Y2 (CLOCK_ROOT)    net (fo=361, routed)         1.245     2.301    fft_butterfly_1_inst_3/CLK
    SLICE_X70Y131        FDRE                                         r  fft_butterfly_1_inst_3/g1_reg_reg[r][5]/C

Slack:                    inf
  Source:                 data_in[7][1]
                            (input port)
  Destination:            fft_butterfly_1_inst_3/g1_reg_reg[r][7]/D
                            (rising edge-triggered cell FDRE clocked by clk_pin_p  {rise@0.000ns fall@12.500ns period=25.000ns})
  Path Group:             (none)
  Path Type:              Hold (Min at Fast Process Corner)
  Data Path Delay:        1.176ns  (logic 0.380ns (32.328%)  route 0.796ns (67.672%))
  Logic Levels:           4  (CARRY8=1 IBUFCTRL=1 INBUF=1 LUT2=1)
  Clock Path Skew:        2.301ns (DCD - SCD - CPR)
    Destination Clock Delay (DCD):    2.301ns
    Source Clock Delay      (SCD):    0.000ns
    Clock Pessimism Removal (CPR):    -0.000ns
  Clock Net Delay (Destination): 1.245ns (routing 0.504ns, distribution 0.741ns)

    Location             Delay type                Incr(ns)  Path(ns)    Netlist Resource(s)
  -------------------------------------------------------------------    -------------------
    BF35                                              0.000     0.000 r  data_in[7][1] (IN)
                         net (fo=0)                   0.000     0.000    ARG_carry_i_24__2/I
    BF35                 INBUF (Prop_INBUF_HPIOB_PAD_O)
                                                      0.207     0.207 r  ARG_carry_i_24__2/INBUF_INST/O
                         net (fo=1, routed)           0.027     0.234    ARG_carry_i_24__2/OUT
    BF35                 IBUFCTRL (Prop_IBUFCTRL_HPIOB_I_O)
                                                      0.000     0.234 r  ARG_carry_i_24__2/IBUFCTRL_INST/O
                         net (fo=15, routed)          0.755     0.989    fft_butterfly_1_inst_3/g2_reg_reg[r][1]_1
    SLICE_X70Y131        LUT2 (Prop_B6LUT_SLICEM_I1_O)
                                                      0.053     1.042 r  fft_butterfly_1_inst_3/ARG_carry_i_15/O
                         net (fo=1, routed)           0.000     1.042    fft_butterfly_1_inst_3/ARG_carry_i_15_n_0
    SLICE_X70Y131        CARRY8 (Prop_CARRY8_SLICEM_S[1]_O[7])
                                                      0.120     1.162 r  fft_butterfly_1_inst_3/ARG_carry/O[7]
                         net (fo=1, routed)           0.014     1.176    fft_butterfly_1_inst_3/ARG_carry_n_8
    SLICE_X70Y131        FDRE                                         r  fft_butterfly_1_inst_3/g1_reg_reg[r][7]/D
  -------------------------------------------------------------------    -------------------

                         (clock clk_pin_p rise edge)
                                                      0.000     0.000 r  
    BC10                                              0.000     0.000 r  clk (IN)
                         net (fo=0)                   0.000     0.000    clk_IBUF_inst/I
    BC10                 INBUF (Prop_INBUF_HPIOB_PAD_O)
                                                      0.569     0.569 r  clk_IBUF_inst/INBUF_INST/O
                         net (fo=1, routed)           0.047     0.616    clk_IBUF_inst/OUT
    BC10                 IBUFCTRL (Prop_IBUFCTRL_HPIOB_I_O)
                                                      0.000     0.616 r  clk_IBUF_inst/IBUFCTRL_INST/O
                         net (fo=1, routed)           0.409     1.025    clk_IBUF
    BUFGCE_X2Y48         BUFGCE (Prop_BUFCE_BUFGCE_I_O)
                                                      0.031     1.056 r  clk_IBUF_BUFG_inst/O
    X2Y2 (CLOCK_ROOT)    net (fo=361, routed)         1.245     2.301    fft_butterfly_1_inst_3/CLK
    SLICE_X70Y131        FDRE                                         r  fft_butterfly_1_inst_3/g1_reg_reg[r][7]/C

Slack:                    inf
  Source:                 data_in[7][1]
                            (input port)
  Destination:            fft_butterfly_1_inst_3/g1_reg_reg[r][8]/D
                            (rising edge-triggered cell FDRE clocked by clk_pin_p  {rise@0.000ns fall@12.500ns period=25.000ns})
  Path Group:             (none)
  Path Type:              Hold (Min at Fast Process Corner)
  Data Path Delay:        1.180ns  (logic 0.388ns (32.897%)  route 0.792ns (67.103%))
  Logic Levels:           5  (CARRY8=2 IBUFCTRL=1 INBUF=1 LUT2=1)
  Clock Path Skew:        2.295ns (DCD - SCD - CPR)
    Destination Clock Delay (DCD):    2.295ns
    Source Clock Delay      (SCD):    0.000ns
    Clock Pessimism Removal (CPR):    -0.000ns
  Clock Net Delay (Destination): 1.239ns (routing 0.504ns, distribution 0.735ns)

    Location             Delay type                Incr(ns)  Path(ns)    Netlist Resource(s)
  -------------------------------------------------------------------    -------------------
    BF35                                              0.000     0.000 r  data_in[7][1] (IN)
                         net (fo=0)                   0.000     0.000    ARG_carry_i_24__2/I
    BF35                 INBUF (Prop_INBUF_HPIOB_PAD_O)
                                                      0.207     0.207 r  ARG_carry_i_24__2/INBUF_INST/O
                         net (fo=1, routed)           0.027     0.234    ARG_carry_i_24__2/OUT
    BF35                 IBUFCTRL (Prop_IBUFCTRL_HPIOB_I_O)
                                                      0.000     0.234 r  ARG_carry_i_24__2/IBUFCTRL_INST/O
                         net (fo=15, routed)          0.755     0.989    fft_butterfly_1_inst_3/g2_reg_reg[r][1]_1
    SLICE_X70Y131        LUT2 (Prop_B6LUT_SLICEM_I1_O)
                                                      0.053     1.042 r  fft_butterfly_1_inst_3/ARG_carry_i_15/O
                         net (fo=1, routed)           0.000     1.042    fft_butterfly_1_inst_3/ARG_carry_i_15_n_0
    SLICE_X70Y131        CARRY8 (Prop_CARRY8_SLICEM_S[1]_CO[7])
                                                      0.094     1.136 r  fft_butterfly_1_inst_3/ARG_carry/CO[7]
                         net (fo=1, routed)           0.000     1.136    fft_butterfly_1_inst_3/ARG_carry_n_0
    SLICE_X70Y132        CARRY8 (Prop_CARRY8_SLICEM_CI_O[0])
                                                      0.034     1.170 r  fft_butterfly_1_inst_3/ARG_carry__0/O[0]
                         net (fo=1, routed)           0.010     1.180    fft_butterfly_1_inst_3/ARG_carry__0_n_15
    SLICE_X70Y132        FDRE                                         r  fft_butterfly_1_inst_3/g1_reg_reg[r][8]/D
  -------------------------------------------------------------------    -------------------

                         (clock clk_pin_p rise edge)
                                                      0.000     0.000 r  
    BC10                                              0.000     0.000 r  clk (IN)
                         net (fo=0)                   0.000     0.000    clk_IBUF_inst/I
    BC10                 INBUF (Prop_INBUF_HPIOB_PAD_O)
                                                      0.569     0.569 r  clk_IBUF_inst/INBUF_INST/O
                         net (fo=1, routed)           0.047     0.616    clk_IBUF_inst/OUT
    BC10                 IBUFCTRL (Prop_IBUFCTRL_HPIOB_I_O)
                                                      0.000     0.616 r  clk_IBUF_inst/IBUFCTRL_INST/O
                         net (fo=1, routed)           0.409     1.025    clk_IBUF
    BUFGCE_X2Y48         BUFGCE (Prop_BUFCE_BUFGCE_I_O)
                                                      0.031     1.056 r  clk_IBUF_BUFG_inst/O
    X2Y2 (CLOCK_ROOT)    net (fo=361, routed)         1.239     2.295    fft_butterfly_1_inst_3/CLK
    SLICE_X70Y132        FDRE                                         r  fft_butterfly_1_inst_3/g1_reg_reg[r][8]/C

Slack:                    inf
  Source:                 data_in[7][0]
                            (input port)
  Destination:            fft_butterfly_1_inst_3/g2_reg_reg[r][0]/D
                            (rising edge-triggered cell FDRE clocked by clk_pin_p  {rise@0.000ns fall@12.500ns period=25.000ns})
  Path Group:             (none)
  Path Type:              Hold (Min at Fast Process Corner)
  Data Path Delay:        1.216ns  (logic 0.352ns (28.931%)  route 0.864ns (71.069%))
  Logic Levels:           4  (CARRY8=1 IBUFCTRL=1 INBUF=1 LUT2=1)
  Clock Path Skew:        2.315ns (DCD - SCD - CPR)
    Destination Clock Delay (DCD):    2.315ns
    Source Clock Delay      (SCD):    0.000ns
    Clock Pessimism Removal (CPR):    -0.000ns
  Clock Net Delay (Destination): 1.259ns (routing 0.504ns, distribution 0.755ns)

    Location             Delay type                Incr(ns)  Path(ns)    Netlist Resource(s)
  -------------------------------------------------------------------    -------------------
    BE35                                              0.000     0.000 r  data_in[7][0] (IN)
                         net (fo=0)                   0.000     0.000    ARG_carry_i_25__2/I
    BE35                 INBUF (Prop_INBUF_HPIOB_PAD_O)
                                                      0.205     0.205 r  ARG_carry_i_25__2/INBUF_INST/O
                         net (fo=1, routed)           0.027     0.232    ARG_carry_i_25__2/OUT
    BE35                 IBUFCTRL (Prop_IBUFCTRL_HPIOB_I_O)
                                                      0.000     0.232 r  ARG_carry_i_25__2/IBUFCTRL_INST/O
                         net (fo=16, routed)          0.824     1.056    fft_butterfly_1_inst_3/g2_reg_reg[r][1]_2
    SLICE_X70Y116        LUT2 (Prop_A6LUT_SLICEM_I1_O)
                                                      0.045     1.101 r  fft_butterfly_1_inst_3/ARG0__29_carry_i_15/O
                         net (fo=1, routed)           0.001     1.102    fft_butterfly_1_inst_3/ARG0__29_carry_i_15_n_0
    SLICE_X70Y116        CARRY8 (Prop_CARRY8_SLICEM_S[0]_O[6])
                                                      0.102     1.204 r  fft_butterfly_1_inst_3/ARG0__29_carry/O[6]
                         net (fo=1, routed)           0.012     1.216    fft_butterfly_1_inst_3/ARG0__29_carry_n_9
    SLICE_X70Y116        FDRE                                         r  fft_butterfly_1_inst_3/g2_reg_reg[r][0]/D
  -------------------------------------------------------------------    -------------------

                         (clock clk_pin_p rise edge)
                                                      0.000     0.000 r  
    BC10                                              0.000     0.000 r  clk (IN)
                         net (fo=0)                   0.000     0.000    clk_IBUF_inst/I
    BC10                 INBUF (Prop_INBUF_HPIOB_PAD_O)
                                                      0.569     0.569 r  clk_IBUF_inst/INBUF_INST/O
                         net (fo=1, routed)           0.047     0.616    clk_IBUF_inst/OUT
    BC10                 IBUFCTRL (Prop_IBUFCTRL_HPIOB_I_O)
                                                      0.000     0.616 r  clk_IBUF_inst/IBUFCTRL_INST/O
                         net (fo=1, routed)           0.409     1.025    clk_IBUF
    BUFGCE_X2Y48         BUFGCE (Prop_BUFCE_BUFGCE_I_O)
                                                      0.031     1.056 r  clk_IBUF_BUFG_inst/O
    X2Y2 (CLOCK_ROOT)    net (fo=361, routed)         1.259     2.315    fft_butterfly_1_inst_3/CLK
    SLICE_X70Y116        FDRE                                         r  fft_butterfly_1_inst_3/g2_reg_reg[r][0]/C





