Copyright 1986-2022 Xilinx, Inc. All Rights Reserved. Copyright 2022-2024 Advanced Micro Devices, Inc. All Rights Reserved.
---------------------------------------------------------------------------------------------------------------------------------------------------------------------------------------------------------------------------------------------------
| Tool Version : Vivado v.2024.1.2 (lin64) Build 5164865 Thu Sep  5 14:36:28 MDT 2024
| Date         : Tue Mar 18 20:28:53 2025
| Host         : ece-linlabsrv01.ece.gatech.edu running 64-bit Red Hat Enterprise Linux release 8.10 (Ootpa)
| Command      : report_timing_summary -max_paths 10 -report_unconstrained -file multiplier_updated_timing_summary_routed.rpt -pb multiplier_updated_timing_summary_routed.pb -rpx multiplier_updated_timing_summary_routed.rpx -warn_on_violation
| Design       : multiplier_updated
| Device       : 7a35t-cpg236
| Speed File   : -1  PRODUCTION 1.23 2018-06-13
| Design State : Routed
---------------------------------------------------------------------------------------------------------------------------------------------------------------------------------------------------------------------------------------------------

Timing Summary Report

------------------------------------------------------------------------------------------------
| Timer Settings
| --------------
------------------------------------------------------------------------------------------------

  Enable Multi Corner Analysis               :  Yes
  Enable Pessimism Removal                   :  Yes
  Pessimism Removal Resolution               :  Nearest Common Node
  Enable Input Delay Default Clock           :  No
  Enable Preset / Clear Arcs                 :  No
  Disable Flight Delays                      :  No
  Ignore I/O Paths                           :  No
  Timing Early Launch at Borrowing Latches   :  No
  Borrow Time for Max Delay Exceptions       :  Yes
  Merge Timing Exceptions                    :  Yes
  Inter-SLR Compensation                     :  Conservative

  Corner  Analyze    Analyze    
  Name    Max Paths  Min Paths  
  ------  ---------  ---------  
  Slow    Yes        Yes        
  Fast    Yes        Yes        


------------------------------------------------------------------------------------------------
| Report Methodology
| ------------------
------------------------------------------------------------------------------------------------

Rule       Severity  Description                    Violations  
---------  --------  -----------------------------  ----------  
SYNTH-9    Warning   Small multiplier               3           
TIMING-18  Warning   Missing input or output delay  59          

Note: This report is based on the most recent report_methodology run and may not be up-to-date. Run report_methodology on the current design for the latest report.



check_timing report

Table of Contents
-----------------
1. checking no_clock (0)
2. checking constant_clock (0)
3. checking pulse_width_clock (0)
4. checking unconstrained_internal_endpoints (0)
5. checking no_input_delay (26)
6. checking no_output_delay (33)
7. checking multiple_clock (0)
8. checking generated_clocks (0)
9. checking loops (0)
10. checking partial_input_delay (0)
11. checking partial_output_delay (0)
12. checking latch_loops (0)

1. checking no_clock (0)
------------------------
 There are 0 register/latch pins with no clock.


2. checking constant_clock (0)
------------------------------
 There are 0 register/latch pins with constant_clock.


3. checking pulse_width_clock (0)
---------------------------------
 There are 0 register/latch pins which need pulse_width check


4. checking unconstrained_internal_endpoints (0)
------------------------------------------------
 There are 0 pins that are not constrained for maximum delay.

 There are 0 pins that are not constrained for maximum delay due to constant clock.


5. checking no_input_delay (26)
-------------------------------
 There are 26 input ports with no input delay specified. (HIGH)

 There are 0 input ports with no input delay but user has a false path constraint.


6. checking no_output_delay (33)
--------------------------------
 There are 33 ports with no output delay specified. (HIGH)

 There are 0 ports with no output delay but user has a false path constraint

 There are 0 ports with no output delay but with a timing clock defined on it or propagating through it


7. checking multiple_clock (0)
------------------------------
 There are 0 register/latch pins with multiple clocks.


8. checking generated_clocks (0)
--------------------------------
 There are 0 generated clocks that are not connected to a clock source.


9. checking loops (0)
---------------------
 There are 0 combinational loops in the design.


10. checking partial_input_delay (0)
------------------------------------
 There are 0 input ports with partial input delay specified.


11. checking partial_output_delay (0)
-------------------------------------
 There are 0 ports with partial output delay specified.


12. checking latch_loops (0)
----------------------------
 There are 0 combinational latch loops in the design through latch input



------------------------------------------------------------------------------------------------
| Design Timing Summary
| ---------------------
------------------------------------------------------------------------------------------------

    WNS(ns)      TNS(ns)  TNS Failing Endpoints  TNS Total Endpoints      WHS(ns)      THS(ns)  THS Failing Endpoints  THS Total Endpoints     WPWS(ns)     TPWS(ns)  TPWS Failing Endpoints  TPWS Total Endpoints  
    -------      -------  ---------------------  -------------------      -------      -------  ---------------------  -------------------     --------     --------  ----------------------  --------------------  
     20.836        0.000                      0                   87        0.189        0.000                      0                   87       12.000        0.000                       0                    58  


All user specified timing constraints are met.


------------------------------------------------------------------------------------------------
| Clock Summary
| -------------
------------------------------------------------------------------------------------------------

Clock      Waveform(ns)       Period(ns)      Frequency(MHz)
-----      ------------       ----------      --------------
clk_pin_p  {0.000 12.500}     25.000          40.000          


------------------------------------------------------------------------------------------------
| Intra Clock Table
| -----------------
------------------------------------------------------------------------------------------------

Clock             WNS(ns)      TNS(ns)  TNS Failing Endpoints  TNS Total Endpoints      WHS(ns)      THS(ns)  THS Failing Endpoints  THS Total Endpoints     WPWS(ns)     TPWS(ns)  TPWS Failing Endpoints  TPWS Total Endpoints  
-----             -------      -------  ---------------------  -------------------      -------      -------  ---------------------  -------------------     --------     --------  ----------------------  --------------------  
clk_pin_p          20.836        0.000                      0                   87        0.189        0.000                      0                   87       12.000        0.000                       0                    58  


------------------------------------------------------------------------------------------------
| Inter Clock Table
| -----------------
------------------------------------------------------------------------------------------------

From Clock    To Clock          WNS(ns)      TNS(ns)  TNS Failing Endpoints  TNS Total Endpoints      WHS(ns)      THS(ns)  THS Failing Endpoints  THS Total Endpoints  
----------    --------          -------      -------  ---------------------  -------------------      -------      -------  ---------------------  -------------------  


------------------------------------------------------------------------------------------------
| Other Path Groups Table
| -----------------------
------------------------------------------------------------------------------------------------

Path Group    From Clock    To Clock          WNS(ns)      TNS(ns)  TNS Failing Endpoints  TNS Total Endpoints      WHS(ns)      THS(ns)  THS Failing Endpoints  THS Total Endpoints  
----------    ----------    --------          -------      -------  ---------------------  -------------------      -------      -------  ---------------------  -------------------  


------------------------------------------------------------------------------------------------
| User Ignored Path Table
| -----------------------
------------------------------------------------------------------------------------------------

Path Group    From Clock    To Clock    
----------    ----------    --------    


------------------------------------------------------------------------------------------------
| Unconstrained Path Table
| ------------------------
------------------------------------------------------------------------------------------------

Path Group    From Clock    To Clock    
----------    ----------    --------    
(none)        clk_pin_p                   
(none)                      clk_pin_p     


------------------------------------------------------------------------------------------------
| Timing Details
| --------------
------------------------------------------------------------------------------------------------


---------------------------------------------------------------------------------------------------
From Clock:  clk_pin_p
  To Clock:  clk_pin_p

Setup :            0  Failing Endpoints,  Worst Slack       20.836ns,  Total Violation        0.000ns
Hold  :            0  Failing Endpoints,  Worst Slack        0.189ns,  Total Violation        0.000ns
PW    :            0  Failing Endpoints,  Worst Slack       12.000ns,  Total Violation        0.000ns
---------------------------------------------------------------------------------------------------


Max Delay Paths
--------------------------------------------------------------------------------------
Slack (MET) :             20.836ns  (required time - arrival time)
  Source:                 data_mult_ext_p2_reg/CLK
                            (rising edge-triggered cell DSP48E1 clocked by clk_pin_p  {rise@0.000ns fall@12.500ns period=25.000ns})
  Destination:            data_out_1_p3_reg[13]/D
                            (rising edge-triggered cell FDRE clocked by clk_pin_p  {rise@0.000ns fall@12.500ns period=25.000ns})
  Path Group:             clk_pin_p
  Path Type:              Setup (Max at Slow Process Corner)
  Requirement:            25.000ns  (clk_pin_p rise@25.000ns - clk_pin_p rise@0.000ns)
  Data Path Delay:        4.113ns  (logic 2.364ns (57.482%)  route 1.749ns (42.518%))
  Logic Levels:           4  (CARRY4=3 LUT2=1)
  Clock Path Skew:        -0.126ns (DCD - SCD + CPR)
    Destination Clock Delay (DCD):    4.203ns = ( 29.203 - 25.000 ) 
    Source Clock Delay      (SCD):    4.650ns
    Clock Pessimism Removal (CPR):    0.322ns
  Clock Uncertainty:      0.035ns  ((TSJ^2 + TIJ^2)^1/2 + DJ) / 2 + PE
    Total System Jitter     (TSJ):    0.071ns
    Total Input Jitter      (TIJ):    0.000ns
    Discrete Jitter          (DJ):    0.000ns
    Phase Error              (PE):    0.000ns

    Location             Delay type                Incr(ns)  Path(ns)    Netlist Resource(s)
  -------------------------------------------------------------------    -------------------
                         (clock clk_pin_p rise edge)
                                                      0.000     0.000 r  
    M18                                               0.000     0.000 r  clk (IN)
                         net (fo=0)                   0.000     0.000    clk
    M18                  IBUF (Prop_ibuf_I_O)         0.938     0.938 r  clk_IBUF_inst/O
                         net (fo=1, routed)           1.972     2.910    clk_IBUF
    BUFGCTRL_X0Y0        BUFG (Prop_bufg_I_O)         0.096     3.006 r  clk_IBUF_BUFG_inst/O
                         net (fo=57, routed)          1.645     4.650    clk_IBUF_BUFG
    DSP48_X0Y8           DSP48E1                                      r  data_mult_ext_p2_reg/CLK
  -------------------------------------------------------------------    -------------------
    DSP48_X0Y8           DSP48E1 (Prop_dsp48e1_CLK_P[25])
                                                      0.434     5.084 r  data_mult_ext_p2_reg/P[25]
                         net (fo=2, routed)           1.025     6.109    data_mult_ext_p2_reg_n_80
    SLICE_X12Y22         LUT2 (Prop_lut2_I0_O)        0.124     6.233 r  data_out_1_p3[11]_i_5/O
                         net (fo=1, routed)           0.000     6.233    data_out_1_p3[11]_i_5_n_0
    SLICE_X12Y22         CARRY4 (Prop_carry4_S[1]_O[3])
                                                      0.643     6.876 r  data_out_1_p3_reg[11]_i_2/O[3]
                         net (fo=1, routed)           0.724     7.600    data_mult_ext_p20[3]
    SLICE_X12Y28         CARRY4 (Prop_carry4_S[1]_CO[3])
                                                      0.840     8.440 r  data_out_1_p3_reg[11]_i_1/CO[3]
                         net (fo=1, routed)           0.000     8.440    data_out_1_p3_reg[11]_i_1_n_0
    SLICE_X12Y29         CARRY4 (Prop_carry4_CI_O[1])
                                                      0.323     8.763 r  data_out_1_p3_reg[15]_i_2/O[1]
                         net (fo=1, routed)           0.000     8.763    data_out_1_p30[13]
    SLICE_X12Y29         FDRE                                         r  data_out_1_p3_reg[13]/D
  -------------------------------------------------------------------    -------------------

                         (clock clk_pin_p rise edge)
                                                     25.000    25.000 r  
    M18                                               0.000    25.000 r  clk (IN)
                         net (fo=0)                   0.000    25.000    clk
    M18                  IBUF (Prop_ibuf_I_O)         0.805    25.805 r  clk_IBUF_inst/O
                         net (fo=1, routed)           1.868    27.673    clk_IBUF
    BUFGCTRL_X0Y0        BUFG (Prop_bufg_I_O)         0.091    27.764 r  clk_IBUF_BUFG_inst/O
                         net (fo=57, routed)          1.439    29.203    clk_IBUF_BUFG
    SLICE_X12Y29         FDRE                                         r  data_out_1_p3_reg[13]/C
                         clock pessimism              0.322    29.525    
                         clock uncertainty           -0.035    29.490    
    SLICE_X12Y29         FDRE (Setup_fdre_C_D)        0.109    29.599    data_out_1_p3_reg[13]
  -------------------------------------------------------------------
                         required time                         29.599    
                         arrival time                          -8.763    
  -------------------------------------------------------------------
                         slack                                 20.836    

Slack (MET) :             20.844ns  (required time - arrival time)
  Source:                 data_mult_ext_p2_reg/CLK
                            (rising edge-triggered cell DSP48E1 clocked by clk_pin_p  {rise@0.000ns fall@12.500ns period=25.000ns})
  Destination:            data_out_1_p3_reg[15]/D
                            (rising edge-triggered cell FDRE clocked by clk_pin_p  {rise@0.000ns fall@12.500ns period=25.000ns})
  Path Group:             clk_pin_p
  Path Type:              Setup (Max at Slow Process Corner)
  Requirement:            25.000ns  (clk_pin_p rise@25.000ns - clk_pin_p rise@0.000ns)
  Data Path Delay:        4.105ns  (logic 2.356ns (57.400%)  route 1.749ns (42.600%))
  Logic Levels:           4  (CARRY4=3 LUT2=1)
  Clock Path Skew:        -0.126ns (DCD - SCD + CPR)
    Destination Clock Delay (DCD):    4.203ns = ( 29.203 - 25.000 ) 
    Source Clock Delay      (SCD):    4.650ns
    Clock Pessimism Removal (CPR):    0.322ns
  Clock Uncertainty:      0.035ns  ((TSJ^2 + TIJ^2)^1/2 + DJ) / 2 + PE
    Total System Jitter     (TSJ):    0.071ns
    Total Input Jitter      (TIJ):    0.000ns
    Discrete Jitter          (DJ):    0.000ns
    Phase Error              (PE):    0.000ns

    Location             Delay type                Incr(ns)  Path(ns)    Netlist Resource(s)
  -------------------------------------------------------------------    -------------------
                         (clock clk_pin_p rise edge)
                                                      0.000     0.000 r  
    M18                                               0.000     0.000 r  clk (IN)
                         net (fo=0)                   0.000     0.000    clk
    M18                  IBUF (Prop_ibuf_I_O)         0.938     0.938 r  clk_IBUF_inst/O
                         net (fo=1, routed)           1.972     2.910    clk_IBUF
    BUFGCTRL_X0Y0        BUFG (Prop_bufg_I_O)         0.096     3.006 r  clk_IBUF_BUFG_inst/O
                         net (fo=57, routed)          1.645     4.650    clk_IBUF_BUFG
    DSP48_X0Y8           DSP48E1                                      r  data_mult_ext_p2_reg/CLK
  -------------------------------------------------------------------    -------------------
    DSP48_X0Y8           DSP48E1 (Prop_dsp48e1_CLK_P[25])
                                                      0.434     5.084 r  data_mult_ext_p2_reg/P[25]
                         net (fo=2, routed)           1.025     6.109    data_mult_ext_p2_reg_n_80
    SLICE_X12Y22         LUT2 (Prop_lut2_I0_O)        0.124     6.233 r  data_out_1_p3[11]_i_5/O
                         net (fo=1, routed)           0.000     6.233    data_out_1_p3[11]_i_5_n_0
    SLICE_X12Y22         CARRY4 (Prop_carry4_S[1]_CO[3])
                                                      0.533     6.766 r  data_out_1_p3_reg[11]_i_2/CO[3]
                         net (fo=1, routed)           0.000     6.766    data_out_1_p3_reg[11]_i_2_n_0
    SLICE_X12Y23         CARRY4 (Prop_carry4_CI_O[3])
                                                      0.315     7.081 r  data_out_1_p3_reg[15]_i_4/O[3]
                         net (fo=1, routed)           0.724     7.805    data_mult_ext_p20[7]
    SLICE_X12Y29         CARRY4 (Prop_carry4_S[1]_O[3])
                                                      0.950     8.755 r  data_out_1_p3_reg[15]_i_2/O[3]
                         net (fo=1, routed)           0.000     8.755    data_out_1_p30[15]
    SLICE_X12Y29         FDRE                                         r  data_out_1_p3_reg[15]/D
  -------------------------------------------------------------------    -------------------

                         (clock clk_pin_p rise edge)
                                                     25.000    25.000 r  
    M18                                               0.000    25.000 r  clk (IN)
                         net (fo=0)                   0.000    25.000    clk
    M18                  IBUF (Prop_ibuf_I_O)         0.805    25.805 r  clk_IBUF_inst/O
                         net (fo=1, routed)           1.868    27.673    clk_IBUF
    BUFGCTRL_X0Y0        BUFG (Prop_bufg_I_O)         0.091    27.764 r  clk_IBUF_BUFG_inst/O
                         net (fo=57, routed)          1.439    29.203    clk_IBUF_BUFG
    SLICE_X12Y29         FDRE                                         r  data_out_1_p3_reg[15]/C
                         clock pessimism              0.322    29.525    
                         clock uncertainty           -0.035    29.490    
    SLICE_X12Y29         FDRE (Setup_fdre_C_D)        0.109    29.599    data_out_1_p3_reg[15]
  -------------------------------------------------------------------
                         required time                         29.599    
                         arrival time                          -8.755    
  -------------------------------------------------------------------
                         slack                                 20.844    

Slack (MET) :             20.909ns  (required time - arrival time)
  Source:                 data_mult_ext_p2_reg/CLK
                            (rising edge-triggered cell DSP48E1 clocked by clk_pin_p  {rise@0.000ns fall@12.500ns period=25.000ns})
  Destination:            data_out_1_p3_reg[14]/D
                            (rising edge-triggered cell FDRE clocked by clk_pin_p  {rise@0.000ns fall@12.500ns period=25.000ns})
  Path Group:             clk_pin_p
  Path Type:              Setup (Max at Slow Process Corner)
  Requirement:            25.000ns  (clk_pin_p rise@25.000ns - clk_pin_p rise@0.000ns)
  Data Path Delay:        4.040ns  (logic 2.291ns (56.714%)  route 1.749ns (43.286%))
  Logic Levels:           4  (CARRY4=3 LUT2=1)
  Clock Path Skew:        -0.126ns (DCD - SCD + CPR)
    Destination Clock Delay (DCD):    4.203ns = ( 29.203 - 25.000 ) 
    Source Clock Delay      (SCD):    4.650ns
    Clock Pessimism Removal (CPR):    0.322ns
  Clock Uncertainty:      0.035ns  ((TSJ^2 + TIJ^2)^1/2 + DJ) / 2 + PE
    Total System Jitter     (TSJ):    0.071ns
    Total Input Jitter      (TIJ):    0.000ns
    Discrete Jitter          (DJ):    0.000ns
    Phase Error              (PE):    0.000ns

    Location             Delay type                Incr(ns)  Path(ns)    Netlist Resource(s)
  -------------------------------------------------------------------    -------------------
                         (clock clk_pin_p rise edge)
                                                      0.000     0.000 r  
    M18                                               0.000     0.000 r  clk (IN)
                         net (fo=0)                   0.000     0.000    clk
    M18                  IBUF (Prop_ibuf_I_O)         0.938     0.938 r  clk_IBUF_inst/O
                         net (fo=1, routed)           1.972     2.910    clk_IBUF
    BUFGCTRL_X0Y0        BUFG (Prop_bufg_I_O)         0.096     3.006 r  clk_IBUF_BUFG_inst/O
                         net (fo=57, routed)          1.645     4.650    clk_IBUF_BUFG
    DSP48_X0Y8           DSP48E1                                      r  data_mult_ext_p2_reg/CLK
  -------------------------------------------------------------------    -------------------
    DSP48_X0Y8           DSP48E1 (Prop_dsp48e1_CLK_P[25])
                                                      0.434     5.084 r  data_mult_ext_p2_reg/P[25]
                         net (fo=2, routed)           1.025     6.109    data_mult_ext_p2_reg_n_80
    SLICE_X12Y22         LUT2 (Prop_lut2_I0_O)        0.124     6.233 r  data_out_1_p3[11]_i_5/O
                         net (fo=1, routed)           0.000     6.233    data_out_1_p3[11]_i_5_n_0
    SLICE_X12Y22         CARRY4 (Prop_carry4_S[1]_CO[3])
                                                      0.533     6.766 r  data_out_1_p3_reg[11]_i_2/CO[3]
                         net (fo=1, routed)           0.000     6.766    data_out_1_p3_reg[11]_i_2_n_0
    SLICE_X12Y23         CARRY4 (Prop_carry4_CI_O[3])
                                                      0.315     7.081 r  data_out_1_p3_reg[15]_i_4/O[3]
                         net (fo=1, routed)           0.724     7.805    data_mult_ext_p20[7]
    SLICE_X12Y29         CARRY4 (Prop_carry4_S[1]_O[2])
                                                      0.885     8.690 r  data_out_1_p3_reg[15]_i_2/O[2]
                         net (fo=1, routed)           0.000     8.690    data_out_1_p30[14]
    SLICE_X12Y29         FDRE                                         r  data_out_1_p3_reg[14]/D
  -------------------------------------------------------------------    -------------------

                         (clock clk_pin_p rise edge)
                                                     25.000    25.000 r  
    M18                                               0.000    25.000 r  clk (IN)
                         net (fo=0)                   0.000    25.000    clk
    M18                  IBUF (Prop_ibuf_I_O)         0.805    25.805 r  clk_IBUF_inst/O
                         net (fo=1, routed)           1.868    27.673    clk_IBUF
    BUFGCTRL_X0Y0        BUFG (Prop_bufg_I_O)         0.091    27.764 r  clk_IBUF_BUFG_inst/O
                         net (fo=57, routed)          1.439    29.203    clk_IBUF_BUFG
    SLICE_X12Y29         FDRE                                         r  data_out_1_p3_reg[14]/C
                         clock pessimism              0.322    29.525    
                         clock uncertainty           -0.035    29.490    
    SLICE_X12Y29         FDRE (Setup_fdre_C_D)        0.109    29.599    data_out_1_p3_reg[14]
  -------------------------------------------------------------------
                         required time                         29.599    
                         arrival time                          -8.690    
  -------------------------------------------------------------------
                         slack                                 20.909    

Slack (MET) :             20.940ns  (required time - arrival time)
  Source:                 data_mult_ext_p2_reg/CLK
                            (rising edge-triggered cell DSP48E1 clocked by clk_pin_p  {rise@0.000ns fall@12.500ns period=25.000ns})
  Destination:            data_out_1_p3_reg[12]/D
                            (rising edge-triggered cell FDRE clocked by clk_pin_p  {rise@0.000ns fall@12.500ns period=25.000ns})
  Path Group:             clk_pin_p
  Path Type:              Setup (Max at Slow Process Corner)
  Requirement:            25.000ns  (clk_pin_p rise@25.000ns - clk_pin_p rise@0.000ns)
  Data Path Delay:        4.009ns  (logic 2.260ns (56.379%)  route 1.749ns (43.621%))
  Logic Levels:           4  (CARRY4=3 LUT2=1)
  Clock Path Skew:        -0.126ns (DCD - SCD + CPR)
    Destination Clock Delay (DCD):    4.203ns = ( 29.203 - 25.000 ) 
    Source Clock Delay      (SCD):    4.650ns
    Clock Pessimism Removal (CPR):    0.322ns
  Clock Uncertainty:      0.035ns  ((TSJ^2 + TIJ^2)^1/2 + DJ) / 2 + PE
    Total System Jitter     (TSJ):    0.071ns
    Total Input Jitter      (TIJ):    0.000ns
    Discrete Jitter          (DJ):    0.000ns
    Phase Error              (PE):    0.000ns

    Location             Delay type                Incr(ns)  Path(ns)    Netlist Resource(s)
  -------------------------------------------------------------------    -------------------
                         (clock clk_pin_p rise edge)
                                                      0.000     0.000 r  
    M18                                               0.000     0.000 r  clk (IN)
                         net (fo=0)                   0.000     0.000    clk
    M18                  IBUF (Prop_ibuf_I_O)         0.938     0.938 r  clk_IBUF_inst/O
                         net (fo=1, routed)           1.972     2.910    clk_IBUF
    BUFGCTRL_X0Y0        BUFG (Prop_bufg_I_O)         0.096     3.006 r  clk_IBUF_BUFG_inst/O
                         net (fo=57, routed)          1.645     4.650    clk_IBUF_BUFG
    DSP48_X0Y8           DSP48E1                                      r  data_mult_ext_p2_reg/CLK
  -------------------------------------------------------------------    -------------------
    DSP48_X0Y8           DSP48E1 (Prop_dsp48e1_CLK_P[25])
                                                      0.434     5.084 r  data_mult_ext_p2_reg/P[25]
                         net (fo=2, routed)           1.025     6.109    data_mult_ext_p2_reg_n_80
    SLICE_X12Y22         LUT2 (Prop_lut2_I0_O)        0.124     6.233 r  data_out_1_p3[11]_i_5/O
                         net (fo=1, routed)           0.000     6.233    data_out_1_p3[11]_i_5_n_0
    SLICE_X12Y22         CARRY4 (Prop_carry4_S[1]_O[3])
                                                      0.643     6.876 r  data_out_1_p3_reg[11]_i_2/O[3]
                         net (fo=1, routed)           0.724     7.600    data_mult_ext_p20[3]
    SLICE_X12Y28         CARRY4 (Prop_carry4_S[1]_CO[3])
                                                      0.840     8.440 r  data_out_1_p3_reg[11]_i_1/CO[3]
                         net (fo=1, routed)           0.000     8.440    data_out_1_p3_reg[11]_i_1_n_0
    SLICE_X12Y29         CARRY4 (Prop_carry4_CI_O[0])
                                                      0.219     8.659 r  data_out_1_p3_reg[15]_i_2/O[0]
                         net (fo=1, routed)           0.000     8.659    data_out_1_p30[12]
    SLICE_X12Y29         FDRE                                         r  data_out_1_p3_reg[12]/D
  -------------------------------------------------------------------    -------------------

                         (clock clk_pin_p rise edge)
                                                     25.000    25.000 r  
    M18                                               0.000    25.000 r  clk (IN)
                         net (fo=0)                   0.000    25.000    clk
    M18                  IBUF (Prop_ibuf_I_O)         0.805    25.805 r  clk_IBUF_inst/O
                         net (fo=1, routed)           1.868    27.673    clk_IBUF
    BUFGCTRL_X0Y0        BUFG (Prop_bufg_I_O)         0.091    27.764 r  clk_IBUF_BUFG_inst/O
                         net (fo=57, routed)          1.439    29.203    clk_IBUF_BUFG
    SLICE_X12Y29         FDRE                                         r  data_out_1_p3_reg[12]/C
                         clock pessimism              0.322    29.525    
                         clock uncertainty           -0.035    29.490    
    SLICE_X12Y29         FDRE (Setup_fdre_C_D)        0.109    29.599    data_out_1_p3_reg[12]
  -------------------------------------------------------------------
                         required time                         29.599    
                         arrival time                          -8.659    
  -------------------------------------------------------------------
                         slack                                 20.940    

Slack (MET) :             21.048ns  (required time - arrival time)
  Source:                 data_mult_ext_p2_reg/CLK
                            (rising edge-triggered cell DSP48E1 clocked by clk_pin_p  {rise@0.000ns fall@12.500ns period=25.000ns})
  Destination:            data_out_1_p3_reg[11]/D
                            (rising edge-triggered cell FDRE clocked by clk_pin_p  {rise@0.000ns fall@12.500ns period=25.000ns})
  Path Group:             clk_pin_p
  Path Type:              Setup (Max at Slow Process Corner)
  Requirement:            25.000ns  (clk_pin_p rise@25.000ns - clk_pin_p rise@0.000ns)
  Data Path Delay:        3.900ns  (logic 2.151ns (55.160%)  route 1.749ns (44.840%))
  Logic Levels:           3  (CARRY4=2 LUT2=1)
  Clock Path Skew:        -0.127ns (DCD - SCD + CPR)
    Destination Clock Delay (DCD):    4.202ns = ( 29.202 - 25.000 ) 
    Source Clock Delay      (SCD):    4.650ns
    Clock Pessimism Removal (CPR):    0.322ns
  Clock Uncertainty:      0.035ns  ((TSJ^2 + TIJ^2)^1/2 + DJ) / 2 + PE
    Total System Jitter     (TSJ):    0.071ns
    Total Input Jitter      (TIJ):    0.000ns
    Discrete Jitter          (DJ):    0.000ns
    Phase Error              (PE):    0.000ns

    Location             Delay type                Incr(ns)  Path(ns)    Netlist Resource(s)
  -------------------------------------------------------------------    -------------------
                         (clock clk_pin_p rise edge)
                                                      0.000     0.000 r  
    M18                                               0.000     0.000 r  clk (IN)
                         net (fo=0)                   0.000     0.000    clk
    M18                  IBUF (Prop_ibuf_I_O)         0.938     0.938 r  clk_IBUF_inst/O
                         net (fo=1, routed)           1.972     2.910    clk_IBUF
    BUFGCTRL_X0Y0        BUFG (Prop_bufg_I_O)         0.096     3.006 r  clk_IBUF_BUFG_inst/O
                         net (fo=57, routed)          1.645     4.650    clk_IBUF_BUFG
    DSP48_X0Y8           DSP48E1                                      r  data_mult_ext_p2_reg/CLK
  -------------------------------------------------------------------    -------------------
    DSP48_X0Y8           DSP48E1 (Prop_dsp48e1_CLK_P[25])
                                                      0.434     5.084 r  data_mult_ext_p2_reg/P[25]
                         net (fo=2, routed)           1.025     6.109    data_mult_ext_p2_reg_n_80
    SLICE_X12Y22         LUT2 (Prop_lut2_I0_O)        0.124     6.233 r  data_out_1_p3[11]_i_5/O
                         net (fo=1, routed)           0.000     6.233    data_out_1_p3[11]_i_5_n_0
    SLICE_X12Y22         CARRY4 (Prop_carry4_S[1]_O[3])
                                                      0.643     6.876 r  data_out_1_p3_reg[11]_i_2/O[3]
                         net (fo=1, routed)           0.724     7.600    data_mult_ext_p20[3]
    SLICE_X12Y28         CARRY4 (Prop_carry4_S[1]_O[3])
                                                      0.950     8.550 r  data_out_1_p3_reg[11]_i_1/O[3]
                         net (fo=1, routed)           0.000     8.550    data_out_1_p30[11]
    SLICE_X12Y28         FDRE                                         r  data_out_1_p3_reg[11]/D
  -------------------------------------------------------------------    -------------------

                         (clock clk_pin_p rise edge)
                                                     25.000    25.000 r  
    M18                                               0.000    25.000 r  clk (IN)
                         net (fo=0)                   0.000    25.000    clk
    M18                  IBUF (Prop_ibuf_I_O)         0.805    25.805 r  clk_IBUF_inst/O
                         net (fo=1, routed)           1.868    27.673    clk_IBUF
    BUFGCTRL_X0Y0        BUFG (Prop_bufg_I_O)         0.091    27.764 r  clk_IBUF_BUFG_inst/O
                         net (fo=57, routed)          1.438    29.202    clk_IBUF_BUFG
    SLICE_X12Y28         FDRE                                         r  data_out_1_p3_reg[11]/C
                         clock pessimism              0.322    29.524    
                         clock uncertainty           -0.035    29.489    
    SLICE_X12Y28         FDRE (Setup_fdre_C_D)        0.109    29.598    data_out_1_p3_reg[11]
  -------------------------------------------------------------------
                         required time                         29.598    
                         arrival time                          -8.550    
  -------------------------------------------------------------------
                         slack                                 21.048    

Slack (MET) :             21.113ns  (required time - arrival time)
  Source:                 data_mult_ext_p2_reg/CLK
                            (rising edge-triggered cell DSP48E1 clocked by clk_pin_p  {rise@0.000ns fall@12.500ns period=25.000ns})
  Destination:            data_out_1_p3_reg[10]/D
                            (rising edge-triggered cell FDRE clocked by clk_pin_p  {rise@0.000ns fall@12.500ns period=25.000ns})
  Path Group:             clk_pin_p
  Path Type:              Setup (Max at Slow Process Corner)
  Requirement:            25.000ns  (clk_pin_p rise@25.000ns - clk_pin_p rise@0.000ns)
  Data Path Delay:        3.835ns  (logic 2.086ns (54.400%)  route 1.749ns (45.600%))
  Logic Levels:           3  (CARRY4=2 LUT2=1)
  Clock Path Skew:        -0.127ns (DCD - SCD + CPR)
    Destination Clock Delay (DCD):    4.202ns = ( 29.202 - 25.000 ) 
    Source Clock Delay      (SCD):    4.650ns
    Clock Pessimism Removal (CPR):    0.322ns
  Clock Uncertainty:      0.035ns  ((TSJ^2 + TIJ^2)^1/2 + DJ) / 2 + PE
    Total System Jitter     (TSJ):    0.071ns
    Total Input Jitter      (TIJ):    0.000ns
    Discrete Jitter          (DJ):    0.000ns
    Phase Error              (PE):    0.000ns

    Location             Delay type                Incr(ns)  Path(ns)    Netlist Resource(s)
  -------------------------------------------------------------------    -------------------
                         (clock clk_pin_p rise edge)
                                                      0.000     0.000 r  
    M18                                               0.000     0.000 r  clk (IN)
                         net (fo=0)                   0.000     0.000    clk
    M18                  IBUF (Prop_ibuf_I_O)         0.938     0.938 r  clk_IBUF_inst/O
                         net (fo=1, routed)           1.972     2.910    clk_IBUF
    BUFGCTRL_X0Y0        BUFG (Prop_bufg_I_O)         0.096     3.006 r  clk_IBUF_BUFG_inst/O
                         net (fo=57, routed)          1.645     4.650    clk_IBUF_BUFG
    DSP48_X0Y8           DSP48E1                                      r  data_mult_ext_p2_reg/CLK
  -------------------------------------------------------------------    -------------------
    DSP48_X0Y8           DSP48E1 (Prop_dsp48e1_CLK_P[25])
                                                      0.434     5.084 r  data_mult_ext_p2_reg/P[25]
                         net (fo=2, routed)           1.025     6.109    data_mult_ext_p2_reg_n_80
    SLICE_X12Y22         LUT2 (Prop_lut2_I0_O)        0.124     6.233 r  data_out_1_p3[11]_i_5/O
                         net (fo=1, routed)           0.000     6.233    data_out_1_p3[11]_i_5_n_0
    SLICE_X12Y22         CARRY4 (Prop_carry4_S[1]_O[3])
                                                      0.643     6.876 r  data_out_1_p3_reg[11]_i_2/O[3]
                         net (fo=1, routed)           0.724     7.600    data_mult_ext_p20[3]
    SLICE_X12Y28         CARRY4 (Prop_carry4_S[1]_O[2])
                                                      0.885     8.485 r  data_out_1_p3_reg[11]_i_1/O[2]
                         net (fo=1, routed)           0.000     8.485    data_out_1_p30[10]
    SLICE_X12Y28         FDRE                                         r  data_out_1_p3_reg[10]/D
  -------------------------------------------------------------------    -------------------

                         (clock clk_pin_p rise edge)
                                                     25.000    25.000 r  
    M18                                               0.000    25.000 r  clk (IN)
                         net (fo=0)                   0.000    25.000    clk
    M18                  IBUF (Prop_ibuf_I_O)         0.805    25.805 r  clk_IBUF_inst/O
                         net (fo=1, routed)           1.868    27.673    clk_IBUF
    BUFGCTRL_X0Y0        BUFG (Prop_bufg_I_O)         0.091    27.764 r  clk_IBUF_BUFG_inst/O
                         net (fo=57, routed)          1.438    29.202    clk_IBUF_BUFG
    SLICE_X12Y28         FDRE                                         r  data_out_1_p3_reg[10]/C
                         clock pessimism              0.322    29.524    
                         clock uncertainty           -0.035    29.489    
    SLICE_X12Y28         FDRE (Setup_fdre_C_D)        0.109    29.598    data_out_1_p3_reg[10]
  -------------------------------------------------------------------
                         required time                         29.598    
                         arrival time                          -8.485    
  -------------------------------------------------------------------
                         slack                                 21.113    

Slack (MET) :             21.220ns  (required time - arrival time)
  Source:                 data_mult_ext_p20[-1111111111]/C
                            (rising edge-triggered cell FDRE clocked by clk_pin_p  {rise@0.000ns fall@12.500ns period=25.000ns})
  Destination:            data_mult_ext_p2_reg[9]/D
                            (rising edge-triggered cell FDRE clocked by clk_pin_p  {rise@0.000ns fall@12.500ns period=25.000ns})
  Path Group:             clk_pin_p
  Path Type:              Setup (Max at Slow Process Corner)
  Requirement:            25.000ns  (clk_pin_p rise@25.000ns - clk_pin_p rise@0.000ns)
  Data Path Delay:        3.746ns  (logic 1.560ns (41.646%)  route 2.186ns (58.354%))
  Logic Levels:           4  (CARRY4=2 LUT6=2)
  Clock Path Skew:        -0.108ns (DCD - SCD + CPR)
    Destination Clock Delay (DCD):    4.200ns = ( 29.200 - 25.000 ) 
    Source Clock Delay      (SCD):    4.630ns
    Clock Pessimism Removal (CPR):    0.322ns
  Clock Uncertainty:      0.035ns  ((TSJ^2 + TIJ^2)^1/2 + DJ) / 2 + PE
    Total System Jitter     (TSJ):    0.071ns
    Total Input Jitter      (TIJ):    0.000ns
    Discrete Jitter          (DJ):    0.000ns
    Phase Error              (PE):    0.000ns

    Location             Delay type                Incr(ns)  Path(ns)    Netlist Resource(s)
  -------------------------------------------------------------------    -------------------
                         (clock clk_pin_p rise edge)
                                                      0.000     0.000 r  
    M18                                               0.000     0.000 r  clk (IN)
                         net (fo=0)                   0.000     0.000    clk
    M18                  IBUF (Prop_ibuf_I_O)         0.938     0.938 r  clk_IBUF_inst/O
                         net (fo=1, routed)           1.972     2.910    clk_IBUF
    BUFGCTRL_X0Y0        BUFG (Prop_bufg_I_O)         0.096     3.006 r  clk_IBUF_BUFG_inst/O
                         net (fo=57, routed)          1.624     4.630    clk_IBUF_BUFG
    SLICE_X0Y21          FDRE                                         r  data_mult_ext_p20[-1111111111]/C
  -------------------------------------------------------------------    -------------------
    SLICE_X0Y21          FDRE (Prop_fdre_C_Q)         0.456     5.086 r  data_mult_ext_p20[-1111111111]/Q
                         net (fo=14, routed)          1.305     6.391    data_mult_ext_p20[-_n_0_1111111111]
    SLICE_X11Y22         LUT6 (Prop_lut6_I4_O)        0.124     6.515 r  data_mult_ext_p2[7]_i_4/O
                         net (fo=2, routed)           0.881     7.396    data_mult_ext_p2[7]_i_4_n_0
    SLICE_X10Y22         LUT6 (Prop_lut6_I0_O)        0.124     7.520 r  data_mult_ext_p2[7]_i_8/O
                         net (fo=1, routed)           0.000     7.520    data_mult_ext_p2[7]_i_8_n_0
    SLICE_X10Y22         CARRY4 (Prop_carry4_S[1]_CO[3])
                                                      0.533     8.053 r  data_mult_ext_p2_reg[7]_i_1/CO[3]
                         net (fo=1, routed)           0.000     8.053    data_mult_ext_p2_reg[7]_i_1_n_0
    SLICE_X10Y23         CARRY4 (Prop_carry4_CI_O[1])
                                                      0.323     8.376 r  data_mult_ext_p2_reg[9]_i_1/O[1]
                         net (fo=1, routed)           0.000     8.376    data_mult_ext_p2_reg[9]_i_1_n_6
    SLICE_X10Y23         FDRE                                         r  data_mult_ext_p2_reg[9]/D
  -------------------------------------------------------------------    -------------------

                         (clock clk_pin_p rise edge)
                                                     25.000    25.000 r  
    M18                                               0.000    25.000 r  clk (IN)
                         net (fo=0)                   0.000    25.000    clk
    M18                  IBUF (Prop_ibuf_I_O)         0.805    25.805 r  clk_IBUF_inst/O
                         net (fo=1, routed)           1.868    27.673    clk_IBUF
    BUFGCTRL_X0Y0        BUFG (Prop_bufg_I_O)         0.091    27.764 r  clk_IBUF_BUFG_inst/O
                         net (fo=57, routed)          1.436    29.200    clk_IBUF_BUFG
    SLICE_X10Y23         FDRE                                         r  data_mult_ext_p2_reg[9]/C
                         clock pessimism              0.322    29.522    
                         clock uncertainty           -0.035    29.487    
    SLICE_X10Y23         FDRE (Setup_fdre_C_D)        0.109    29.596    data_mult_ext_p2_reg[9]
  -------------------------------------------------------------------
                         required time                         29.596    
                         arrival time                          -8.376    
  -------------------------------------------------------------------
                         slack                                 21.220    

Slack (MET) :             21.304ns  (required time - arrival time)
  Source:                 data_mult_ext_p2_reg/CLK
                            (rising edge-triggered cell DSP48E1 clocked by clk_pin_p  {rise@0.000ns fall@12.500ns period=25.000ns})
  Destination:            data_out_1_p3_reg[9]/D
                            (rising edge-triggered cell FDRE clocked by clk_pin_p  {rise@0.000ns fall@12.500ns period=25.000ns})
  Path Group:             clk_pin_p
  Path Type:              Setup (Max at Slow Process Corner)
  Requirement:            25.000ns  (clk_pin_p rise@25.000ns - clk_pin_p rise@0.000ns)
  Data Path Delay:        3.643ns  (logic 1.990ns (54.625%)  route 1.653ns (45.375%))
  Logic Levels:           4  (CARRY4=3 LUT2=1)
  Clock Path Skew:        -0.127ns (DCD - SCD + CPR)
    Destination Clock Delay (DCD):    4.202ns = ( 29.202 - 25.000 ) 
    Source Clock Delay      (SCD):    4.650ns
    Clock Pessimism Removal (CPR):    0.322ns
  Clock Uncertainty:      0.035ns  ((TSJ^2 + TIJ^2)^1/2 + DJ) / 2 + PE
    Total System Jitter     (TSJ):    0.071ns
    Total Input Jitter      (TIJ):    0.000ns
    Discrete Jitter          (DJ):    0.000ns
    Phase Error              (PE):    0.000ns

    Location             Delay type                Incr(ns)  Path(ns)    Netlist Resource(s)
  -------------------------------------------------------------------    -------------------
                         (clock clk_pin_p rise edge)
                                                      0.000     0.000 r  
    M18                                               0.000     0.000 r  clk (IN)
                         net (fo=0)                   0.000     0.000    clk
    M18                  IBUF (Prop_ibuf_I_O)         0.938     0.938 r  clk_IBUF_inst/O
                         net (fo=1, routed)           1.972     2.910    clk_IBUF
    BUFGCTRL_X0Y0        BUFG (Prop_bufg_I_O)         0.096     3.006 r  clk_IBUF_BUFG_inst/O
                         net (fo=57, routed)          1.645     4.650    clk_IBUF_BUFG
    DSP48_X0Y8           DSP48E1                                      r  data_mult_ext_p2_reg/CLK
  -------------------------------------------------------------------    -------------------
    DSP48_X0Y8           DSP48E1 (Prop_dsp48e1_CLK_P[24])
                                                      0.434     5.084 r  data_mult_ext_p2_reg/P[24]
                         net (fo=2, routed)           1.023     6.108    data_mult_ext_p2_reg_n_81
    SLICE_X12Y22         LUT2 (Prop_lut2_I0_O)        0.124     6.232 r  data_out_1_p3[11]_i_6/O
                         net (fo=1, routed)           0.000     6.232    data_out_1_p3[11]_i_6_n_0
    SLICE_X12Y22         CARRY4 (Prop_carry4_S[0]_O[1])
                                                      0.427     6.659 r  data_out_1_p3_reg[11]_i_2/O[1]
                         net (fo=1, routed)           0.630     7.288    data_mult_ext_p20[1]
    SLICE_X12Y27         CARRY4 (Prop_carry4_S[3]_CO[3])
                                                      0.682     7.970 r  data_out_1_p3_reg[7]_i_1/CO[3]
                         net (fo=1, routed)           0.000     7.970    data_out_1_p3_reg[7]_i_1_n_0
    SLICE_X12Y28         CARRY4 (Prop_carry4_CI_O[1])
                                                      0.323     8.293 r  data_out_1_p3_reg[11]_i_1/O[1]
                         net (fo=1, routed)           0.000     8.293    data_out_1_p30[9]
    SLICE_X12Y28         FDRE                                         r  data_out_1_p3_reg[9]/D
  -------------------------------------------------------------------    -------------------

                         (clock clk_pin_p rise edge)
                                                     25.000    25.000 r  
    M18                                               0.000    25.000 r  clk (IN)
                         net (fo=0)                   0.000    25.000    clk
    M18                  IBUF (Prop_ibuf_I_O)         0.805    25.805 r  clk_IBUF_inst/O
                         net (fo=1, routed)           1.868    27.673    clk_IBUF
    BUFGCTRL_X0Y0        BUFG (Prop_bufg_I_O)         0.091    27.764 r  clk_IBUF_BUFG_inst/O
                         net (fo=57, routed)          1.438    29.202    clk_IBUF_BUFG
    SLICE_X12Y28         FDRE                                         r  data_out_1_p3_reg[9]/C
                         clock pessimism              0.322    29.524    
                         clock uncertainty           -0.035    29.489    
    SLICE_X12Y28         FDRE (Setup_fdre_C_D)        0.109    29.598    data_out_1_p3_reg[9]
  -------------------------------------------------------------------
                         required time                         29.598    
                         arrival time                          -8.293    
  -------------------------------------------------------------------
                         slack                                 21.304    

Slack (MET) :             21.324ns  (required time - arrival time)
  Source:                 data_mult_ext_p20[-1111111111]/C
                            (rising edge-triggered cell FDRE clocked by clk_pin_p  {rise@0.000ns fall@12.500ns period=25.000ns})
  Destination:            data_mult_ext_p2_reg[8]/D
                            (rising edge-triggered cell FDRE clocked by clk_pin_p  {rise@0.000ns fall@12.500ns period=25.000ns})
  Path Group:             clk_pin_p
  Path Type:              Setup (Max at Slow Process Corner)
  Requirement:            25.000ns  (clk_pin_p rise@25.000ns - clk_pin_p rise@0.000ns)
  Data Path Delay:        3.642ns  (logic 1.456ns (39.979%)  route 2.186ns (60.021%))
  Logic Levels:           4  (CARRY4=2 LUT6=2)
  Clock Path Skew:        -0.108ns (DCD - SCD + CPR)
    Destination Clock Delay (DCD):    4.200ns = ( 29.200 - 25.000 ) 
    Source Clock Delay      (SCD):    4.630ns
    Clock Pessimism Removal (CPR):    0.322ns
  Clock Uncertainty:      0.035ns  ((TSJ^2 + TIJ^2)^1/2 + DJ) / 2 + PE
    Total System Jitter     (TSJ):    0.071ns
    Total Input Jitter      (TIJ):    0.000ns
    Discrete Jitter          (DJ):    0.000ns
    Phase Error              (PE):    0.000ns

    Location             Delay type                Incr(ns)  Path(ns)    Netlist Resource(s)
  -------------------------------------------------------------------    -------------------
                         (clock clk_pin_p rise edge)
                                                      0.000     0.000 r  
    M18                                               0.000     0.000 r  clk (IN)
                         net (fo=0)                   0.000     0.000    clk
    M18                  IBUF (Prop_ibuf_I_O)         0.938     0.938 r  clk_IBUF_inst/O
                         net (fo=1, routed)           1.972     2.910    clk_IBUF
    BUFGCTRL_X0Y0        BUFG (Prop_bufg_I_O)         0.096     3.006 r  clk_IBUF_BUFG_inst/O
                         net (fo=57, routed)          1.624     4.630    clk_IBUF_BUFG
    SLICE_X0Y21          FDRE                                         r  data_mult_ext_p20[-1111111111]/C
  -------------------------------------------------------------------    -------------------
    SLICE_X0Y21          FDRE (Prop_fdre_C_Q)         0.456     5.086 r  data_mult_ext_p20[-1111111111]/Q
                         net (fo=14, routed)          1.305     6.391    data_mult_ext_p20[-_n_0_1111111111]
    SLICE_X11Y22         LUT6 (Prop_lut6_I4_O)        0.124     6.515 r  data_mult_ext_p2[7]_i_4/O
                         net (fo=2, routed)           0.881     7.396    data_mult_ext_p2[7]_i_4_n_0
    SLICE_X10Y22         LUT6 (Prop_lut6_I0_O)        0.124     7.520 r  data_mult_ext_p2[7]_i_8/O
                         net (fo=1, routed)           0.000     7.520    data_mult_ext_p2[7]_i_8_n_0
    SLICE_X10Y22         CARRY4 (Prop_carry4_S[1]_CO[3])
                                                      0.533     8.053 r  data_mult_ext_p2_reg[7]_i_1/CO[3]
                         net (fo=1, routed)           0.000     8.053    data_mult_ext_p2_reg[7]_i_1_n_0
    SLICE_X10Y23         CARRY4 (Prop_carry4_CI_O[0])
                                                      0.219     8.272 r  data_mult_ext_p2_reg[9]_i_1/O[0]
                         net (fo=1, routed)           0.000     8.272    data_mult_ext_p2_reg[9]_i_1_n_7
    SLICE_X10Y23         FDRE                                         r  data_mult_ext_p2_reg[8]/D
  -------------------------------------------------------------------    -------------------

                         (clock clk_pin_p rise edge)
                                                     25.000    25.000 r  
    M18                                               0.000    25.000 r  clk (IN)
                         net (fo=0)                   0.000    25.000    clk
    M18                  IBUF (Prop_ibuf_I_O)         0.805    25.805 r  clk_IBUF_inst/O
                         net (fo=1, routed)           1.868    27.673    clk_IBUF
    BUFGCTRL_X0Y0        BUFG (Prop_bufg_I_O)         0.091    27.764 r  clk_IBUF_BUFG_inst/O
                         net (fo=57, routed)          1.436    29.200    clk_IBUF_BUFG
    SLICE_X10Y23         FDRE                                         r  data_mult_ext_p2_reg[8]/C
                         clock pessimism              0.322    29.522    
                         clock uncertainty           -0.035    29.487    
    SLICE_X10Y23         FDRE (Setup_fdre_C_D)        0.109    29.596    data_mult_ext_p2_reg[8]
  -------------------------------------------------------------------
                         required time                         29.596    
                         arrival time                          -8.272    
  -------------------------------------------------------------------
                         slack                                 21.324    

Slack (MET) :             21.408ns  (required time - arrival time)
  Source:                 data_mult_ext_p2_reg/CLK
                            (rising edge-triggered cell DSP48E1 clocked by clk_pin_p  {rise@0.000ns fall@12.500ns period=25.000ns})
  Destination:            data_out_1_p3_reg[8]/D
                            (rising edge-triggered cell FDRE clocked by clk_pin_p  {rise@0.000ns fall@12.500ns period=25.000ns})
  Path Group:             clk_pin_p
  Path Type:              Setup (Max at Slow Process Corner)
  Requirement:            25.000ns  (clk_pin_p rise@25.000ns - clk_pin_p rise@0.000ns)
  Data Path Delay:        3.539ns  (logic 1.886ns (53.292%)  route 1.653ns (46.708%))
  Logic Levels:           4  (CARRY4=3 LUT2=1)
  Clock Path Skew:        -0.127ns (DCD - SCD + CPR)
    Destination Clock Delay (DCD):    4.202ns = ( 29.202 - 25.000 ) 
    Source Clock Delay      (SCD):    4.650ns
    Clock Pessimism Removal (CPR):    0.322ns
  Clock Uncertainty:      0.035ns  ((TSJ^2 + TIJ^2)^1/2 + DJ) / 2 + PE
    Total System Jitter     (TSJ):    0.071ns
    Total Input Jitter      (TIJ):    0.000ns
    Discrete Jitter          (DJ):    0.000ns
    Phase Error              (PE):    0.000ns

    Location             Delay type                Incr(ns)  Path(ns)    Netlist Resource(s)
  -------------------------------------------------------------------    -------------------
                         (clock clk_pin_p rise edge)
                                                      0.000     0.000 r  
    M18                                               0.000     0.000 r  clk (IN)
                         net (fo=0)                   0.000     0.000    clk
    M18                  IBUF (Prop_ibuf_I_O)         0.938     0.938 r  clk_IBUF_inst/O
                         net (fo=1, routed)           1.972     2.910    clk_IBUF
    BUFGCTRL_X0Y0        BUFG (Prop_bufg_I_O)         0.096     3.006 r  clk_IBUF_BUFG_inst/O
                         net (fo=57, routed)          1.645     4.650    clk_IBUF_BUFG
    DSP48_X0Y8           DSP48E1                                      r  data_mult_ext_p2_reg/CLK
  -------------------------------------------------------------------    -------------------
    DSP48_X0Y8           DSP48E1 (Prop_dsp48e1_CLK_P[24])
                                                      0.434     5.084 r  data_mult_ext_p2_reg/P[24]
                         net (fo=2, routed)           1.023     6.108    data_mult_ext_p2_reg_n_81
    SLICE_X12Y22         LUT2 (Prop_lut2_I0_O)        0.124     6.232 r  data_out_1_p3[11]_i_6/O
                         net (fo=1, routed)           0.000     6.232    data_out_1_p3[11]_i_6_n_0
    SLICE_X12Y22         CARRY4 (Prop_carry4_S[0]_O[1])
                                                      0.427     6.659 r  data_out_1_p3_reg[11]_i_2/O[1]
                         net (fo=1, routed)           0.630     7.288    data_mult_ext_p20[1]
    SLICE_X12Y27         CARRY4 (Prop_carry4_S[3]_CO[3])
                                                      0.682     7.970 r  data_out_1_p3_reg[7]_i_1/CO[3]
                         net (fo=1, routed)           0.000     7.970    data_out_1_p3_reg[7]_i_1_n_0
    SLICE_X12Y28         CARRY4 (Prop_carry4_CI_O[0])
                                                      0.219     8.189 r  data_out_1_p3_reg[11]_i_1/O[0]
                         net (fo=1, routed)           0.000     8.189    data_out_1_p30[8]
    SLICE_X12Y28         FDRE                                         r  data_out_1_p3_reg[8]/D
  -------------------------------------------------------------------    -------------------

                         (clock clk_pin_p rise edge)
                                                     25.000    25.000 r  
    M18                                               0.000    25.000 r  clk (IN)
                         net (fo=0)                   0.000    25.000    clk
    M18                  IBUF (Prop_ibuf_I_O)         0.805    25.805 r  clk_IBUF_inst/O
                         net (fo=1, routed)           1.868    27.673    clk_IBUF
    BUFGCTRL_X0Y0        BUFG (Prop_bufg_I_O)         0.091    27.764 r  clk_IBUF_BUFG_inst/O
                         net (fo=57, routed)          1.438    29.202    clk_IBUF_BUFG
    SLICE_X12Y28         FDRE                                         r  data_out_1_p3_reg[8]/C
                         clock pessimism              0.322    29.524    
                         clock uncertainty           -0.035    29.489    
    SLICE_X12Y28         FDRE (Setup_fdre_C_D)        0.109    29.598    data_out_1_p3_reg[8]
  -------------------------------------------------------------------
                         required time                         29.598    
                         arrival time                          -8.189    
  -------------------------------------------------------------------
                         slack                                 21.408    





Min Delay Paths
--------------------------------------------------------------------------------------
Slack (MET) :             0.189ns  (arrival time - required time)
  Source:                 coef_ext_p1_reg[6]/C
                            (rising edge-triggered cell FDRE clocked by clk_pin_p  {rise@0.000ns fall@12.500ns period=25.000ns})
  Destination:            data_mult_ext_p2_reg[7]/D
                            (rising edge-triggered cell FDRE clocked by clk_pin_p  {rise@0.000ns fall@12.500ns period=25.000ns})
  Path Group:             clk_pin_p
  Path Type:              Hold (Min at Fast Process Corner)
  Requirement:            0.000ns  (clk_pin_p rise@0.000ns - clk_pin_p rise@0.000ns)
  Data Path Delay:        0.336ns  (logic 0.250ns (74.306%)  route 0.086ns (25.694%))
  Logic Levels:           2  (CARRY4=1 LUT6=1)
  Clock Path Skew:        0.013ns (DCD - SCD - CPR)
    Destination Clock Delay (DCD):    1.896ns
    Source Clock Delay      (SCD):    1.383ns
    Clock Pessimism Removal (CPR):    0.500ns

    Location             Delay type                Incr(ns)  Path(ns)    Netlist Resource(s)
  -------------------------------------------------------------------    -------------------
                         (clock clk_pin_p rise edge)
                                                      0.000     0.000 r  
    M18                                               0.000     0.000 r  clk (IN)
                         net (fo=0)                   0.000     0.000    clk
    M18                  IBUF (Prop_ibuf_I_O)         0.167     0.167 r  clk_IBUF_inst/O
                         net (fo=1, routed)           0.634     0.801    clk_IBUF
    BUFGCTRL_X0Y0        BUFG (Prop_bufg_I_O)         0.026     0.827 r  clk_IBUF_BUFG_inst/O
                         net (fo=57, routed)          0.556     1.383    clk_IBUF_BUFG
    SLICE_X11Y22         FDRE                                         r  coef_ext_p1_reg[6]/C
  -------------------------------------------------------------------    -------------------
    SLICE_X11Y22         FDRE (Prop_fdre_C_Q)         0.141     1.524 r  coef_ext_p1_reg[6]/Q
                         net (fo=6, routed)           0.086     1.610    coef_ext_p1_reg_n_0_[6]
    SLICE_X10Y22         LUT6 (Prop_lut6_I1_O)        0.045     1.655 r  data_mult_ext_p2[7]_i_6/O
                         net (fo=1, routed)           0.000     1.655    data_mult_ext_p2[7]_i_6_n_0
    SLICE_X10Y22         CARRY4 (Prop_carry4_S[3]_O[3])
                                                      0.064     1.719 r  data_mult_ext_p2_reg[7]_i_1/O[3]
                         net (fo=1, routed)           0.000     1.719    data_mult_ext_p2_reg[7]_i_1_n_4
    SLICE_X10Y22         FDRE                                         r  data_mult_ext_p2_reg[7]/D
  -------------------------------------------------------------------    -------------------

                         (clock clk_pin_p rise edge)
                                                      0.000     0.000 r  
    M18                                               0.000     0.000 r  clk (IN)
                         net (fo=0)                   0.000     0.000    clk
    M18                  IBUF (Prop_ibuf_I_O)         0.356     0.356 r  clk_IBUF_inst/O
                         net (fo=1, routed)           0.689     1.044    clk_IBUF
    BUFGCTRL_X0Y0        BUFG (Prop_bufg_I_O)         0.029     1.073 r  clk_IBUF_BUFG_inst/O
                         net (fo=57, routed)          0.823     1.896    clk_IBUF_BUFG
    SLICE_X10Y22         FDRE                                         r  data_mult_ext_p2_reg[7]/C
                         clock pessimism             -0.500     1.396    
    SLICE_X10Y22         FDRE (Hold_fdre_C_D)         0.134     1.530    data_mult_ext_p2_reg[7]
  -------------------------------------------------------------------
                         required time                         -1.530    
                         arrival time                           1.719    
  -------------------------------------------------------------------
                         slack                                  0.189    

Slack (MET) :             0.192ns  (arrival time - required time)
  Source:                 coef_ext_p1_reg[6]/C
                            (rising edge-triggered cell FDRE clocked by clk_pin_p  {rise@0.000ns fall@12.500ns period=25.000ns})
  Destination:            data_mult_ext_p2_reg[6]/D
                            (rising edge-triggered cell FDRE clocked by clk_pin_p  {rise@0.000ns fall@12.500ns period=25.000ns})
  Path Group:             clk_pin_p
  Path Type:              Hold (Min at Fast Process Corner)
  Requirement:            0.000ns  (clk_pin_p rise@0.000ns - clk_pin_p rise@0.000ns)
  Data Path Delay:        0.339ns  (logic 0.251ns (73.944%)  route 0.088ns (26.056%))
  Logic Levels:           2  (CARRY4=1 LUT6=1)
  Clock Path Skew:        0.013ns (DCD - SCD - CPR)
    Destination Clock Delay (DCD):    1.896ns
    Source Clock Delay      (SCD):    1.383ns
    Clock Pessimism Removal (CPR):    0.500ns

    Location             Delay type                Incr(ns)  Path(ns)    Netlist Resource(s)
  -------------------------------------------------------------------    -------------------
                         (clock clk_pin_p rise edge)
                                                      0.000     0.000 r  
    M18                                               0.000     0.000 r  clk (IN)
                         net (fo=0)                   0.000     0.000    clk
    M18                  IBUF (Prop_ibuf_I_O)         0.167     0.167 r  clk_IBUF_inst/O
                         net (fo=1, routed)           0.634     0.801    clk_IBUF
    BUFGCTRL_X0Y0        BUFG (Prop_bufg_I_O)         0.026     0.827 r  clk_IBUF_BUFG_inst/O
                         net (fo=57, routed)          0.556     1.383    clk_IBUF_BUFG
    SLICE_X11Y22         FDRE                                         r  coef_ext_p1_reg[6]/C
  -------------------------------------------------------------------    -------------------
    SLICE_X11Y22         FDRE (Prop_fdre_C_Q)         0.141     1.524 r  coef_ext_p1_reg[6]/Q
                         net (fo=6, routed)           0.088     1.612    coef_ext_p1_reg_n_0_[6]
    SLICE_X10Y22         LUT6 (Prop_lut6_I4_O)        0.045     1.657 r  data_mult_ext_p2[7]_i_7/O
                         net (fo=1, routed)           0.000     1.657    data_mult_ext_p2[7]_i_7_n_0
    SLICE_X10Y22         CARRY4 (Prop_carry4_S[2]_O[2])
                                                      0.065     1.722 r  data_mult_ext_p2_reg[7]_i_1/O[2]
                         net (fo=1, routed)           0.000     1.722    data_mult_ext_p2_reg[7]_i_1_n_5
    SLICE_X10Y22         FDRE                                         r  data_mult_ext_p2_reg[6]/D
  -------------------------------------------------------------------    -------------------

                         (clock clk_pin_p rise edge)
                                                      0.000     0.000 r  
    M18                                               0.000     0.000 r  clk (IN)
                         net (fo=0)                   0.000     0.000    clk
    M18                  IBUF (Prop_ibuf_I_O)         0.356     0.356 r  clk_IBUF_inst/O
                         net (fo=1, routed)           0.689     1.044    clk_IBUF
    BUFGCTRL_X0Y0        BUFG (Prop_bufg_I_O)         0.029     1.073 r  clk_IBUF_BUFG_inst/O
                         net (fo=57, routed)          0.823     1.896    clk_IBUF_BUFG
    SLICE_X10Y22         FDRE                                         r  data_mult_ext_p2_reg[6]/C
                         clock pessimism             -0.500     1.396    
    SLICE_X10Y22         FDRE (Hold_fdre_C_D)         0.134     1.530    data_mult_ext_p2_reg[6]
  -------------------------------------------------------------------
                         required time                         -1.530    
                         arrival time                           1.722    
  -------------------------------------------------------------------
                         slack                                  0.192    

Slack (MET) :             0.204ns  (arrival time - required time)
  Source:                 coef_ext_p1_reg[1]/C
                            (rising edge-triggered cell FDRE clocked by clk_pin_p  {rise@0.000ns fall@12.500ns period=25.000ns})
  Destination:            data_mult_ext_p2_reg[2]/D
                            (rising edge-triggered cell FDRE clocked by clk_pin_p  {rise@0.000ns fall@12.500ns period=25.000ns})
  Path Group:             clk_pin_p
  Path Type:              Hold (Min at Fast Process Corner)
  Requirement:            0.000ns  (clk_pin_p rise@0.000ns - clk_pin_p rise@0.000ns)
  Data Path Delay:        0.351ns  (logic 0.251ns (71.602%)  route 0.100ns (28.398%))
  Logic Levels:           2  (CARRY4=1 LUT6=1)
  Clock Path Skew:        0.013ns (DCD - SCD - CPR)
    Destination Clock Delay (DCD):    1.897ns
    Source Clock Delay      (SCD):    1.383ns
    Clock Pessimism Removal (CPR):    0.501ns

    Location             Delay type                Incr(ns)  Path(ns)    Netlist Resource(s)
  -------------------------------------------------------------------    -------------------
                         (clock clk_pin_p rise edge)
                                                      0.000     0.000 r  
    M18                                               0.000     0.000 r  clk (IN)
                         net (fo=0)                   0.000     0.000    clk
    M18                  IBUF (Prop_ibuf_I_O)         0.167     0.167 r  clk_IBUF_inst/O
                         net (fo=1, routed)           0.634     0.801    clk_IBUF
    BUFGCTRL_X0Y0        BUFG (Prop_bufg_I_O)         0.026     0.827 r  clk_IBUF_BUFG_inst/O
                         net (fo=57, routed)          0.556     1.383    clk_IBUF_BUFG
    SLICE_X11Y21         FDRE                                         r  coef_ext_p1_reg[1]/C
  -------------------------------------------------------------------    -------------------
    SLICE_X11Y21         FDRE (Prop_fdre_C_Q)         0.141     1.524 r  coef_ext_p1_reg[1]/Q
                         net (fo=7, routed)           0.100     1.623    coef_ext_p1_reg_n_0_[1]
    SLICE_X10Y21         LUT6 (Prop_lut6_I2_O)        0.045     1.668 r  data_mult_ext_p2[3]_i_6/O
                         net (fo=1, routed)           0.000     1.668    data_mult_ext_p2[3]_i_6_n_0
    SLICE_X10Y21         CARRY4 (Prop_carry4_S[2]_O[2])
                                                      0.065     1.733 r  data_mult_ext_p2_reg[3]_i_1/O[2]
                         net (fo=1, routed)           0.000     1.733    data_mult_ext_p2_reg[3]_i_1_n_5
    SLICE_X10Y21         FDRE                                         r  data_mult_ext_p2_reg[2]/D
  -------------------------------------------------------------------    -------------------

                         (clock clk_pin_p rise edge)
                                                      0.000     0.000 r  
    M18                                               0.000     0.000 r  clk (IN)
                         net (fo=0)                   0.000     0.000    clk
    M18                  IBUF (Prop_ibuf_I_O)         0.356     0.356 r  clk_IBUF_inst/O
                         net (fo=1, routed)           0.689     1.044    clk_IBUF
    BUFGCTRL_X0Y0        BUFG (Prop_bufg_I_O)         0.029     1.073 r  clk_IBUF_BUFG_inst/O
                         net (fo=57, routed)          0.824     1.897    clk_IBUF_BUFG
    SLICE_X10Y21         FDRE                                         r  data_mult_ext_p2_reg[2]/C
                         clock pessimism             -0.501     1.396    
    SLICE_X10Y21         FDRE (Hold_fdre_C_D)         0.134     1.530    data_mult_ext_p2_reg[2]
  -------------------------------------------------------------------
                         required time                         -1.530    
                         arrival time                           1.733    
  -------------------------------------------------------------------
                         slack                                  0.204    

Slack (MET) :             0.206ns  (arrival time - required time)
  Source:                 coef_ext_p1_reg[3]/C
                            (rising edge-triggered cell FDRE clocked by clk_pin_p  {rise@0.000ns fall@12.500ns period=25.000ns})
  Destination:            data_mult_ext_p2_reg[3]/D
                            (rising edge-triggered cell FDRE clocked by clk_pin_p  {rise@0.000ns fall@12.500ns period=25.000ns})
  Path Group:             clk_pin_p
  Path Type:              Hold (Min at Fast Process Corner)
  Requirement:            0.000ns  (clk_pin_p rise@0.000ns - clk_pin_p rise@0.000ns)
  Data Path Delay:        0.353ns  (logic 0.250ns (70.753%)  route 0.103ns (29.247%))
  Logic Levels:           2  (CARRY4=1 LUT6=1)
  Clock Path Skew:        0.013ns (DCD - SCD - CPR)
    Destination Clock Delay (DCD):    1.897ns
    Source Clock Delay      (SCD):    1.383ns
    Clock Pessimism Removal (CPR):    0.501ns

    Location             Delay type                Incr(ns)  Path(ns)    Netlist Resource(s)
  -------------------------------------------------------------------    -------------------
                         (clock clk_pin_p rise edge)
                                                      0.000     0.000 r  
    M18                                               0.000     0.000 r  clk (IN)
                         net (fo=0)                   0.000     0.000    clk
    M18                  IBUF (Prop_ibuf_I_O)         0.167     0.167 r  clk_IBUF_inst/O
                         net (fo=1, routed)           0.634     0.801    clk_IBUF
    BUFGCTRL_X0Y0        BUFG (Prop_bufg_I_O)         0.026     0.827 r  clk_IBUF_BUFG_inst/O
                         net (fo=57, routed)          0.556     1.383    clk_IBUF_BUFG
    SLICE_X11Y21         FDRE                                         r  coef_ext_p1_reg[3]/C
  -------------------------------------------------------------------    -------------------
    SLICE_X11Y21         FDRE (Prop_fdre_C_Q)         0.141     1.524 r  coef_ext_p1_reg[3]/Q
                         net (fo=6, routed)           0.103     1.627    coef_ext_p1_reg_n_0_[3]
    SLICE_X10Y21         LUT6 (Prop_lut6_I4_O)        0.045     1.672 r  data_mult_ext_p2[3]_i_5/O
                         net (fo=1, routed)           0.000     1.672    data_mult_ext_p2[3]_i_5_n_0
    SLICE_X10Y21         CARRY4 (Prop_carry4_S[3]_O[3])
                                                      0.064     1.736 r  data_mult_ext_p2_reg[3]_i_1/O[3]
                         net (fo=1, routed)           0.000     1.736    data_mult_ext_p2_reg[3]_i_1_n_4
    SLICE_X10Y21         FDRE                                         r  data_mult_ext_p2_reg[3]/D
  -------------------------------------------------------------------    -------------------

                         (clock clk_pin_p rise edge)
                                                      0.000     0.000 r  
    M18                                               0.000     0.000 r  clk (IN)
                         net (fo=0)                   0.000     0.000    clk
    M18                  IBUF (Prop_ibuf_I_O)         0.356     0.356 r  clk_IBUF_inst/O
                         net (fo=1, routed)           0.689     1.044    clk_IBUF
    BUFGCTRL_X0Y0        BUFG (Prop_bufg_I_O)         0.029     1.073 r  clk_IBUF_BUFG_inst/O
                         net (fo=57, routed)          0.824     1.897    clk_IBUF_BUFG
    SLICE_X10Y21         FDRE                                         r  data_mult_ext_p2_reg[3]/C
                         clock pessimism             -0.501     1.396    
    SLICE_X10Y21         FDRE (Hold_fdre_C_D)         0.134     1.530    data_mult_ext_p2_reg[3]
  -------------------------------------------------------------------
                         required time                         -1.530    
                         arrival time                           1.736    
  -------------------------------------------------------------------
                         slack                                  0.206    

Slack (MET) :             0.208ns  (arrival time - required time)
  Source:                 coef_ext_p1_reg[5]/C
                            (rising edge-triggered cell FDRE clocked by clk_pin_p  {rise@0.000ns fall@12.500ns period=25.000ns})
  Destination:            data_mult_ext_p2_reg[5]/D
                            (rising edge-triggered cell FDRE clocked by clk_pin_p  {rise@0.000ns fall@12.500ns period=25.000ns})
  Path Group:             clk_pin_p
  Path Type:              Hold (Min at Fast Process Corner)
  Requirement:            0.000ns  (clk_pin_p rise@0.000ns - clk_pin_p rise@0.000ns)
  Data Path Delay:        0.355ns  (logic 0.252ns (70.938%)  route 0.103ns (29.062%))
  Logic Levels:           2  (CARRY4=1 LUT6=1)
  Clock Path Skew:        0.013ns (DCD - SCD - CPR)
    Destination Clock Delay (DCD):    1.896ns
    Source Clock Delay      (SCD):    1.383ns
    Clock Pessimism Removal (CPR):    0.500ns

    Location             Delay type                Incr(ns)  Path(ns)    Netlist Resource(s)
  -------------------------------------------------------------------    -------------------
                         (clock clk_pin_p rise edge)
                                                      0.000     0.000 r  
    M18                                               0.000     0.000 r  clk (IN)
                         net (fo=0)                   0.000     0.000    clk
    M18                  IBUF (Prop_ibuf_I_O)         0.167     0.167 r  clk_IBUF_inst/O
                         net (fo=1, routed)           0.634     0.801    clk_IBUF
    BUFGCTRL_X0Y0        BUFG (Prop_bufg_I_O)         0.026     0.827 r  clk_IBUF_BUFG_inst/O
                         net (fo=57, routed)          0.556     1.383    clk_IBUF_BUFG
    SLICE_X11Y22         FDRE                                         r  coef_ext_p1_reg[5]/C
  -------------------------------------------------------------------    -------------------
    SLICE_X11Y22         FDRE (Prop_fdre_C_Q)         0.141     1.524 r  coef_ext_p1_reg[5]/Q
                         net (fo=8, routed)           0.103     1.627    coef_ext_p1_reg_n_0_[5]
    SLICE_X10Y22         LUT6 (Prop_lut6_I4_O)        0.045     1.672 r  data_mult_ext_p2[7]_i_8/O
                         net (fo=1, routed)           0.000     1.672    data_mult_ext_p2[7]_i_8_n_0
    SLICE_X10Y22         CARRY4 (Prop_carry4_S[1]_O[1])
                                                      0.066     1.738 r  data_mult_ext_p2_reg[7]_i_1/O[1]
                         net (fo=1, routed)           0.000     1.738    data_mult_ext_p2_reg[7]_i_1_n_6
    SLICE_X10Y22         FDRE                                         r  data_mult_ext_p2_reg[5]/D
  -------------------------------------------------------------------    -------------------

                         (clock clk_pin_p rise edge)
                                                      0.000     0.000 r  
    M18                                               0.000     0.000 r  clk (IN)
                         net (fo=0)                   0.000     0.000    clk
    M18                  IBUF (Prop_ibuf_I_O)         0.356     0.356 r  clk_IBUF_inst/O
                         net (fo=1, routed)           0.689     1.044    clk_IBUF
    BUFGCTRL_X0Y0        BUFG (Prop_bufg_I_O)         0.029     1.073 r  clk_IBUF_BUFG_inst/O
                         net (fo=57, routed)          0.823     1.896    clk_IBUF_BUFG
    SLICE_X10Y22         FDRE                                         r  data_mult_ext_p2_reg[5]/C
                         clock pessimism             -0.500     1.396    
    SLICE_X10Y22         FDRE (Hold_fdre_C_D)         0.134     1.530    data_mult_ext_p2_reg[5]
  -------------------------------------------------------------------
                         required time                         -1.530    
                         arrival time                           1.738    
  -------------------------------------------------------------------
                         slack                                  0.208    

Slack (MET) :             0.229ns  (arrival time - required time)
  Source:                 coef_ext_p1_reg[0]/C
                            (rising edge-triggered cell FDRE clocked by clk_pin_p  {rise@0.000ns fall@12.500ns period=25.000ns})
  Destination:            data_mult_ext_p2_reg[0]/D
                            (rising edge-triggered cell FDRE clocked by clk_pin_p  {rise@0.000ns fall@12.500ns period=25.000ns})
  Path Group:             clk_pin_p
  Path Type:              Hold (Min at Fast Process Corner)
  Requirement:            0.000ns  (clk_pin_p rise@0.000ns - clk_pin_p rise@0.000ns)
  Data Path Delay:        0.376ns  (logic 0.256ns (68.010%)  route 0.120ns (31.990%))
  Logic Levels:           2  (CARRY4=1 LUT2=1)
  Clock Path Skew:        0.013ns (DCD - SCD - CPR)
    Destination Clock Delay (DCD):    1.897ns
    Source Clock Delay      (SCD):    1.383ns
    Clock Pessimism Removal (CPR):    0.501ns

    Location             Delay type                Incr(ns)  Path(ns)    Netlist Resource(s)
  -------------------------------------------------------------------    -------------------
                         (clock clk_pin_p rise edge)
                                                      0.000     0.000 r  
    M18                                               0.000     0.000 r  clk (IN)
                         net (fo=0)                   0.000     0.000    clk
    M18                  IBUF (Prop_ibuf_I_O)         0.167     0.167 r  clk_IBUF_inst/O
                         net (fo=1, routed)           0.634     0.801    clk_IBUF
    BUFGCTRL_X0Y0        BUFG (Prop_bufg_I_O)         0.026     0.827 r  clk_IBUF_BUFG_inst/O
                         net (fo=57, routed)          0.556     1.383    clk_IBUF_BUFG
    SLICE_X11Y21         FDRE                                         r  coef_ext_p1_reg[0]/C
  -------------------------------------------------------------------    -------------------
    SLICE_X11Y21         FDRE (Prop_fdre_C_Q)         0.141     1.524 r  coef_ext_p1_reg[0]/Q
                         net (fo=5, routed)           0.120     1.644    coef_ext_p1_reg_n_0_[0]
    SLICE_X10Y21         LUT2 (Prop_lut2_I0_O)        0.045     1.689 r  data_mult_ext_p2[3]_i_8/O
                         net (fo=1, routed)           0.000     1.689    data_mult_ext_p2[3]_i_8_n_0
    SLICE_X10Y21         CARRY4 (Prop_carry4_S[0]_O[0])
                                                      0.070     1.759 r  data_mult_ext_p2_reg[3]_i_1/O[0]
                         net (fo=1, routed)           0.000     1.759    data_mult_ext_p2_reg[3]_i_1_n_7
    SLICE_X10Y21         FDRE                                         r  data_mult_ext_p2_reg[0]/D
  -------------------------------------------------------------------    -------------------

                         (clock clk_pin_p rise edge)
                                                      0.000     0.000 r  
    M18                                               0.000     0.000 r  clk (IN)
                         net (fo=0)                   0.000     0.000    clk
    M18                  IBUF (Prop_ibuf_I_O)         0.356     0.356 r  clk_IBUF_inst/O
                         net (fo=1, routed)           0.689     1.044    clk_IBUF
    BUFGCTRL_X0Y0        BUFG (Prop_bufg_I_O)         0.029     1.073 r  clk_IBUF_BUFG_inst/O
                         net (fo=57, routed)          0.824     1.897    clk_IBUF_BUFG
    SLICE_X10Y21         FDRE                                         r  data_mult_ext_p2_reg[0]/C
                         clock pessimism             -0.501     1.396    
    SLICE_X10Y21         FDRE (Hold_fdre_C_D)         0.134     1.530    data_mult_ext_p2_reg[0]
  -------------------------------------------------------------------
                         required time                         -1.530    
                         arrival time                           1.759    
  -------------------------------------------------------------------
                         slack                                  0.229    

Slack (MET) :             0.229ns  (arrival time - required time)
  Source:                 coef_ext_p1_reg[0]/C
                            (rising edge-triggered cell FDRE clocked by clk_pin_p  {rise@0.000ns fall@12.500ns period=25.000ns})
  Destination:            data_mult_ext_p2_reg[1]/D
                            (rising edge-triggered cell FDRE clocked by clk_pin_p  {rise@0.000ns fall@12.500ns period=25.000ns})
  Path Group:             clk_pin_p
  Path Type:              Hold (Min at Fast Process Corner)
  Requirement:            0.000ns  (clk_pin_p rise@0.000ns - clk_pin_p rise@0.000ns)
  Data Path Delay:        0.376ns  (logic 0.252ns (66.947%)  route 0.124ns (33.053%))
  Logic Levels:           2  (CARRY4=1 LUT4=1)
  Clock Path Skew:        0.013ns (DCD - SCD - CPR)
    Destination Clock Delay (DCD):    1.897ns
    Source Clock Delay      (SCD):    1.383ns
    Clock Pessimism Removal (CPR):    0.501ns

    Location             Delay type                Incr(ns)  Path(ns)    Netlist Resource(s)
  -------------------------------------------------------------------    -------------------
                         (clock clk_pin_p rise edge)
                                                      0.000     0.000 r  
    M18                                               0.000     0.000 r  clk (IN)
                         net (fo=0)                   0.000     0.000    clk
    M18                  IBUF (Prop_ibuf_I_O)         0.167     0.167 r  clk_IBUF_inst/O
                         net (fo=1, routed)           0.634     0.801    clk_IBUF
    BUFGCTRL_X0Y0        BUFG (Prop_bufg_I_O)         0.026     0.827 r  clk_IBUF_BUFG_inst/O
                         net (fo=57, routed)          0.556     1.383    clk_IBUF_BUFG
    SLICE_X11Y21         FDRE                                         r  coef_ext_p1_reg[0]/C
  -------------------------------------------------------------------    -------------------
    SLICE_X11Y21         FDRE (Prop_fdre_C_Q)         0.141     1.524 r  coef_ext_p1_reg[0]/Q
                         net (fo=5, routed)           0.124     1.648    coef_ext_p1_reg_n_0_[0]
    SLICE_X10Y21         LUT4 (Prop_lut4_I3_O)        0.045     1.693 r  data_mult_ext_p2[3]_i_7/O
                         net (fo=1, routed)           0.000     1.693    data_mult_ext_p2[3]_i_7_n_0
    SLICE_X10Y21         CARRY4 (Prop_carry4_S[1]_O[1])
                                                      0.066     1.759 r  data_mult_ext_p2_reg[3]_i_1/O[1]
                         net (fo=1, routed)           0.000     1.759    data_mult_ext_p2_reg[3]_i_1_n_6
    SLICE_X10Y21         FDRE                                         r  data_mult_ext_p2_reg[1]/D
  -------------------------------------------------------------------    -------------------

                         (clock clk_pin_p rise edge)
                                                      0.000     0.000 r  
    M18                                               0.000     0.000 r  clk (IN)
                         net (fo=0)                   0.000     0.000    clk
    M18                  IBUF (Prop_ibuf_I_O)         0.356     0.356 r  clk_IBUF_inst/O
                         net (fo=1, routed)           0.689     1.044    clk_IBUF
    BUFGCTRL_X0Y0        BUFG (Prop_bufg_I_O)         0.029     1.073 r  clk_IBUF_BUFG_inst/O
                         net (fo=57, routed)          0.824     1.897    clk_IBUF_BUFG
    SLICE_X10Y21         FDRE                                         r  data_mult_ext_p2_reg[1]/C
                         clock pessimism             -0.501     1.396    
    SLICE_X10Y21         FDRE (Hold_fdre_C_D)         0.134     1.530    data_mult_ext_p2_reg[1]
  -------------------------------------------------------------------
                         required time                         -1.530    
                         arrival time                           1.759    
  -------------------------------------------------------------------
                         slack                                  0.229    

Slack (MET) :             0.289ns  (arrival time - required time)
  Source:                 coef_ext_p1_reg[6]/C
                            (rising edge-triggered cell FDRE clocked by clk_pin_p  {rise@0.000ns fall@12.500ns period=25.000ns})
  Destination:            data_mult_ext_p2_reg[8]/D
                            (rising edge-triggered cell FDRE clocked by clk_pin_p  {rise@0.000ns fall@12.500ns period=25.000ns})
  Path Group:             clk_pin_p
  Path Type:              Hold (Min at Fast Process Corner)
  Requirement:            0.000ns  (clk_pin_p rise@0.000ns - clk_pin_p rise@0.000ns)
  Data Path Delay:        0.434ns  (logic 0.348ns (80.102%)  route 0.086ns (19.898%))
  Logic Levels:           3  (CARRY4=2 LUT6=1)
  Clock Path Skew:        0.011ns (DCD - SCD - CPR)
    Destination Clock Delay (DCD):    1.894ns
    Source Clock Delay      (SCD):    1.383ns
    Clock Pessimism Removal (CPR):    0.500ns

    Location             Delay type                Incr(ns)  Path(ns)    Netlist Resource(s)
  -------------------------------------------------------------------    -------------------
                         (clock clk_pin_p rise edge)
                                                      0.000     0.000 r  
    M18                                               0.000     0.000 r  clk (IN)
                         net (fo=0)                   0.000     0.000    clk
    M18                  IBUF (Prop_ibuf_I_O)         0.167     0.167 r  clk_IBUF_inst/O
                         net (fo=1, routed)           0.634     0.801    clk_IBUF
    BUFGCTRL_X0Y0        BUFG (Prop_bufg_I_O)         0.026     0.827 r  clk_IBUF_BUFG_inst/O
                         net (fo=57, routed)          0.556     1.383    clk_IBUF_BUFG
    SLICE_X11Y22         FDRE                                         r  coef_ext_p1_reg[6]/C
  -------------------------------------------------------------------    -------------------
    SLICE_X11Y22         FDRE (Prop_fdre_C_Q)         0.141     1.524 r  coef_ext_p1_reg[6]/Q
                         net (fo=6, routed)           0.086     1.610    coef_ext_p1_reg_n_0_[6]
    SLICE_X10Y22         LUT6 (Prop_lut6_I1_O)        0.045     1.655 r  data_mult_ext_p2[7]_i_6/O
                         net (fo=1, routed)           0.000     1.655    data_mult_ext_p2[7]_i_6_n_0
    SLICE_X10Y22         CARRY4 (Prop_carry4_S[3]_CO[3])
                                                      0.109     1.764 r  data_mult_ext_p2_reg[7]_i_1/CO[3]
                         net (fo=1, routed)           0.000     1.764    data_mult_ext_p2_reg[7]_i_1_n_0
    SLICE_X10Y23         CARRY4 (Prop_carry4_CI_O[0])
                                                      0.053     1.817 r  data_mult_ext_p2_reg[9]_i_1/O[0]
                         net (fo=1, routed)           0.000     1.817    data_mult_ext_p2_reg[9]_i_1_n_7
    SLICE_X10Y23         FDRE                                         r  data_mult_ext_p2_reg[8]/D
  -------------------------------------------------------------------    -------------------

                         (clock clk_pin_p rise edge)
                                                      0.000     0.000 r  
    M18                                               0.000     0.000 r  clk (IN)
                         net (fo=0)                   0.000     0.000    clk
    M18                  IBUF (Prop_ibuf_I_O)         0.356     0.356 r  clk_IBUF_inst/O
                         net (fo=1, routed)           0.689     1.044    clk_IBUF
    BUFGCTRL_X0Y0        BUFG (Prop_bufg_I_O)         0.029     1.073 r  clk_IBUF_BUFG_inst/O
                         net (fo=57, routed)          0.821     1.894    clk_IBUF_BUFG
    SLICE_X10Y23         FDRE                                         r  data_mult_ext_p2_reg[8]/C
                         clock pessimism             -0.500     1.394    
    SLICE_X10Y23         FDRE (Hold_fdre_C_D)         0.134     1.528    data_mult_ext_p2_reg[8]
  -------------------------------------------------------------------
                         required time                         -1.528    
                         arrival time                           1.817    
  -------------------------------------------------------------------
                         slack                                  0.289    

Slack (MET) :             0.303ns  (arrival time - required time)
  Source:                 coef_ext_p1_reg[1]/C
                            (rising edge-triggered cell FDRE clocked by clk_pin_p  {rise@0.000ns fall@12.500ns period=25.000ns})
  Destination:            data_mult_ext_p2_reg[4]/D
                            (rising edge-triggered cell FDRE clocked by clk_pin_p  {rise@0.000ns fall@12.500ns period=25.000ns})
  Path Group:             clk_pin_p
  Path Type:              Hold (Min at Fast Process Corner)
  Requirement:            0.000ns  (clk_pin_p rise@0.000ns - clk_pin_p rise@0.000ns)
  Data Path Delay:        0.450ns  (logic 0.350ns (77.856%)  route 0.100ns (22.144%))
  Logic Levels:           3  (CARRY4=2 LUT6=1)
  Clock Path Skew:        0.013ns (DCD - SCD - CPR)
    Destination Clock Delay (DCD):    1.896ns
    Source Clock Delay      (SCD):    1.383ns
    Clock Pessimism Removal (CPR):    0.500ns

    Location             Delay type                Incr(ns)  Path(ns)    Netlist Resource(s)
  -------------------------------------------------------------------    -------------------
                         (clock clk_pin_p rise edge)
                                                      0.000     0.000 r  
    M18                                               0.000     0.000 r  clk (IN)
                         net (fo=0)                   0.000     0.000    clk
    M18                  IBUF (Prop_ibuf_I_O)         0.167     0.167 r  clk_IBUF_inst/O
                         net (fo=1, routed)           0.634     0.801    clk_IBUF
    BUFGCTRL_X0Y0        BUFG (Prop_bufg_I_O)         0.026     0.827 r  clk_IBUF_BUFG_inst/O
                         net (fo=57, routed)          0.556     1.383    clk_IBUF_BUFG
    SLICE_X11Y21         FDRE                                         r  coef_ext_p1_reg[1]/C
  -------------------------------------------------------------------    -------------------
    SLICE_X11Y21         FDRE (Prop_fdre_C_Q)         0.141     1.524 r  coef_ext_p1_reg[1]/Q
                         net (fo=7, routed)           0.100     1.623    coef_ext_p1_reg_n_0_[1]
    SLICE_X10Y21         LUT6 (Prop_lut6_I2_O)        0.045     1.668 r  data_mult_ext_p2[3]_i_6/O
                         net (fo=1, routed)           0.000     1.668    data_mult_ext_p2[3]_i_6_n_0
    SLICE_X10Y21         CARRY4 (Prop_carry4_S[2]_CO[3])
                                                      0.111     1.779 r  data_mult_ext_p2_reg[3]_i_1/CO[3]
                         net (fo=1, routed)           0.000     1.779    data_mult_ext_p2_reg[3]_i_1_n_0
    SLICE_X10Y22         CARRY4 (Prop_carry4_CI_O[0])
                                                      0.053     1.832 r  data_mult_ext_p2_reg[7]_i_1/O[0]
                         net (fo=1, routed)           0.000     1.832    data_mult_ext_p2_reg[7]_i_1_n_7
    SLICE_X10Y22         FDRE                                         r  data_mult_ext_p2_reg[4]/D
  -------------------------------------------------------------------    -------------------

                         (clock clk_pin_p rise edge)
                                                      0.000     0.000 r  
    M18                                               0.000     0.000 r  clk (IN)
                         net (fo=0)                   0.000     0.000    clk
    M18                  IBUF (Prop_ibuf_I_O)         0.356     0.356 r  clk_IBUF_inst/O
                         net (fo=1, routed)           0.689     1.044    clk_IBUF
    BUFGCTRL_X0Y0        BUFG (Prop_bufg_I_O)         0.029     1.073 r  clk_IBUF_BUFG_inst/O
                         net (fo=57, routed)          0.823     1.896    clk_IBUF_BUFG
    SLICE_X10Y22         FDRE                                         r  data_mult_ext_p2_reg[4]/C
                         clock pessimism             -0.500     1.396    
    SLICE_X10Y22         FDRE (Hold_fdre_C_D)         0.134     1.530    data_mult_ext_p2_reg[4]
  -------------------------------------------------------------------
                         required time                         -1.530    
                         arrival time                           1.832    
  -------------------------------------------------------------------
                         slack                                  0.303    

Slack (MET) :             0.304ns  (arrival time - required time)
  Source:                 coef_ext_p1_reg[6]/C
                            (rising edge-triggered cell FDRE clocked by clk_pin_p  {rise@0.000ns fall@12.500ns period=25.000ns})
  Destination:            data_mult_ext_p2_reg[9]/D
                            (rising edge-triggered cell FDRE clocked by clk_pin_p  {rise@0.000ns fall@12.500ns period=25.000ns})
  Path Group:             clk_pin_p
  Path Type:              Hold (Min at Fast Process Corner)
  Requirement:            0.000ns  (clk_pin_p rise@0.000ns - clk_pin_p rise@0.000ns)
  Data Path Delay:        0.449ns  (logic 0.252ns (56.180%)  route 0.197ns (43.820%))
  Logic Levels:           2  (CARRY4=1 LUT5=1)
  Clock Path Skew:        0.011ns (DCD - SCD - CPR)
    Destination Clock Delay (DCD):    1.894ns
    Source Clock Delay      (SCD):    1.383ns
    Clock Pessimism Removal (CPR):    0.500ns

    Location             Delay type                Incr(ns)  Path(ns)    Netlist Resource(s)
  -------------------------------------------------------------------    -------------------
                         (clock clk_pin_p rise edge)
                                                      0.000     0.000 r  
    M18                                               0.000     0.000 r  clk (IN)
                         net (fo=0)                   0.000     0.000    clk
    M18                  IBUF (Prop_ibuf_I_O)         0.167     0.167 r  clk_IBUF_inst/O
                         net (fo=1, routed)           0.634     0.801    clk_IBUF
    BUFGCTRL_X0Y0        BUFG (Prop_bufg_I_O)         0.026     0.827 r  clk_IBUF_BUFG_inst/O
                         net (fo=57, routed)          0.556     1.383    clk_IBUF_BUFG
    SLICE_X11Y22         FDRE                                         r  coef_ext_p1_reg[6]/C
  -------------------------------------------------------------------    -------------------
    SLICE_X11Y22         FDRE (Prop_fdre_C_Q)         0.141     1.524 r  coef_ext_p1_reg[6]/Q
                         net (fo=6, routed)           0.197     1.720    coef_ext_p1_reg_n_0_[6]
    SLICE_X10Y23         LUT5 (Prop_lut5_I2_O)        0.045     1.765 r  data_mult_ext_p2[9]_i_3/O
                         net (fo=1, routed)           0.000     1.765    data_mult_ext_p2[9]_i_3_n_0
    SLICE_X10Y23         CARRY4 (Prop_carry4_S[1]_O[1])
                                                      0.066     1.831 r  data_mult_ext_p2_reg[9]_i_1/O[1]
                         net (fo=1, routed)           0.000     1.831    data_mult_ext_p2_reg[9]_i_1_n_6
    SLICE_X10Y23         FDRE                                         r  data_mult_ext_p2_reg[9]/D
  -------------------------------------------------------------------    -------------------

                         (clock clk_pin_p rise edge)
                                                      0.000     0.000 r  
    M18                                               0.000     0.000 r  clk (IN)
                         net (fo=0)                   0.000     0.000    clk
    M18                  IBUF (Prop_ibuf_I_O)         0.356     0.356 r  clk_IBUF_inst/O
                         net (fo=1, routed)           0.689     1.044    clk_IBUF
    BUFGCTRL_X0Y0        BUFG (Prop_bufg_I_O)         0.029     1.073 r  clk_IBUF_BUFG_inst/O
                         net (fo=57, routed)          0.821     1.894    clk_IBUF_BUFG
    SLICE_X10Y23         FDRE                                         r  data_mult_ext_p2_reg[9]/C
                         clock pessimism             -0.500     1.394    
    SLICE_X10Y23         FDRE (Hold_fdre_C_D)         0.134     1.528    data_mult_ext_p2_reg[9]
  -------------------------------------------------------------------
                         required time                         -1.528    
                         arrival time                           1.831    
  -------------------------------------------------------------------
                         slack                                  0.304    





Pulse Width Checks
--------------------------------------------------------------------------------------
Clock Name:         clk_pin_p
Waveform(ns):       { 0.000 12.500 }
Period(ns):         25.000
Sources:            { clk }

Check Type        Corner  Lib Pin      Reference Pin  Required(ns)  Actual(ns)  Slack(ns)  Location       Pin
Min Period        n/a     DSP48E1/CLK  n/a            3.884         25.000      21.116     DSP48_X0Y8     data_mult_ext_p2_reg/CLK
Min Period        n/a     BUFG/I       n/a            2.155         25.000      22.845     BUFGCTRL_X0Y0  clk_IBUF_BUFG_inst/I
Min Period        n/a     FDRE/C       n/a            1.000         25.000      24.000     SLICE_X11Y21   coef_ext_p1_reg[0]/C
Min Period        n/a     FDRE/C       n/a            1.000         25.000      24.000     SLICE_X11Y21   coef_ext_p1_reg[1]/C
Min Period        n/a     FDRE/C       n/a            1.000         25.000      24.000     SLICE_X11Y21   coef_ext_p1_reg[2]/C
Min Period        n/a     FDRE/C       n/a            1.000         25.000      24.000     SLICE_X11Y21   coef_ext_p1_reg[3]/C
Min Period        n/a     FDRE/C       n/a            1.000         25.000      24.000     SLICE_X11Y21   coef_ext_p1_reg[4]/C
Min Period        n/a     FDRE/C       n/a            1.000         25.000      24.000     SLICE_X11Y22   coef_ext_p1_reg[5]/C
Min Period        n/a     FDRE/C       n/a            1.000         25.000      24.000     SLICE_X11Y22   coef_ext_p1_reg[6]/C
Min Period        n/a     FDRE/C       n/a            1.000         25.000      24.000     SLICE_X11Y22   coef_ext_p1_reg[7]/C
Low Pulse Width   Slow    FDRE/C       n/a            0.500         12.500      12.000     SLICE_X11Y21   coef_ext_p1_reg[0]/C
Low Pulse Width   Fast    FDRE/C       n/a            0.500         12.500      12.000     SLICE_X11Y21   coef_ext_p1_reg[0]/C
Low Pulse Width   Slow    FDRE/C       n/a            0.500         12.500      12.000     SLICE_X11Y21   coef_ext_p1_reg[1]/C
Low Pulse Width   Fast    FDRE/C       n/a            0.500         12.500      12.000     SLICE_X11Y21   coef_ext_p1_reg[1]/C
Low Pulse Width   Slow    FDRE/C       n/a            0.500         12.500      12.000     SLICE_X11Y21   coef_ext_p1_reg[2]/C
Low Pulse Width   Fast    FDRE/C       n/a            0.500         12.500      12.000     SLICE_X11Y21   coef_ext_p1_reg[2]/C
Low Pulse Width   Slow    FDRE/C       n/a            0.500         12.500      12.000     SLICE_X11Y21   coef_ext_p1_reg[3]/C
Low Pulse Width   Fast    FDRE/C       n/a            0.500         12.500      12.000     SLICE_X11Y21   coef_ext_p1_reg[3]/C
Low Pulse Width   Slow    FDRE/C       n/a            0.500         12.500      12.000     SLICE_X11Y21   coef_ext_p1_reg[4]/C
Low Pulse Width   Fast    FDRE/C       n/a            0.500         12.500      12.000     SLICE_X11Y21   coef_ext_p1_reg[4]/C
High Pulse Width  Slow    FDRE/C       n/a            0.500         12.500      12.000     SLICE_X11Y21   coef_ext_p1_reg[0]/C
High Pulse Width  Fast    FDRE/C       n/a            0.500         12.500      12.000     SLICE_X11Y21   coef_ext_p1_reg[0]/C
High Pulse Width  Slow    FDRE/C       n/a            0.500         12.500      12.000     SLICE_X11Y21   coef_ext_p1_reg[1]/C
High Pulse Width  Fast    FDRE/C       n/a            0.500         12.500      12.000     SLICE_X11Y21   coef_ext_p1_reg[1]/C
High Pulse Width  Slow    FDRE/C       n/a            0.500         12.500      12.000     SLICE_X11Y21   coef_ext_p1_reg[2]/C
High Pulse Width  Fast    FDRE/C       n/a            0.500         12.500      12.000     SLICE_X11Y21   coef_ext_p1_reg[2]/C
High Pulse Width  Slow    FDRE/C       n/a            0.500         12.500      12.000     SLICE_X11Y21   coef_ext_p1_reg[3]/C
High Pulse Width  Fast    FDRE/C       n/a            0.500         12.500      12.000     SLICE_X11Y21   coef_ext_p1_reg[3]/C
High Pulse Width  Slow    FDRE/C       n/a            0.500         12.500      12.000     SLICE_X11Y21   coef_ext_p1_reg[4]/C
High Pulse Width  Fast    FDRE/C       n/a            0.500         12.500      12.000     SLICE_X11Y21   coef_ext_p1_reg[4]/C



--------------------------------------------------------------------------------------
Path Group:  (none)
From Clock:  clk_pin_p
  To Clock:  

Max Delay            33 Endpoints
Min Delay            33 Endpoints
--------------------------------------------------------------------------------------


Max Delay Paths
--------------------------------------------------------------------------------------
Slack:                    inf
  Source:                 data_out_2_p3_reg[15]/C
                            (rising edge-triggered cell FDRE clocked by clk_pin_p  {rise@0.000ns fall@12.500ns period=25.000ns})
  Destination:            data_out_2[15]
                            (output port)
  Path Group:             (none)
  Path Type:              Max at Slow Process Corner
  Data Path Delay:        6.548ns  (logic 3.057ns (46.690%)  route 3.491ns (53.310%))
  Logic Levels:           1  (OBUF=1)
  Clock Uncertainty:      0.025ns  ((TSJ^2 + TIJ^2)^1/2 + DJ) / 2 + PE
    Total System Jitter     (TSJ):    0.050ns
    Total Input Jitter      (TIJ):    0.000ns
    Discrete Jitter          (DJ):    0.000ns
    Phase Error              (PE):    0.000ns

    Location             Delay type                Incr(ns)  Path(ns)    Netlist Resource(s)
  -------------------------------------------------------------------    -------------------
                         (clock clk_pin_p rise edge)
                                                      0.000     0.000 r  
    M18                                               0.000     0.000 r  clk (IN)
                         net (fo=0)                   0.000     0.000    clk
    M18                  IBUF (Prop_ibuf_I_O)         0.938     0.938 r  clk_IBUF_inst/O
                         net (fo=1, routed)           1.972     2.910    clk_IBUF
    BUFGCTRL_X0Y0        BUFG (Prop_bufg_I_O)         0.096     3.006 r  clk_IBUF_BUFG_inst/O
                         net (fo=57, routed)          1.549     4.555    clk_IBUF_BUFG
    SLICE_X13Y24         FDRE                                         r  data_out_2_p3_reg[15]/C
  -------------------------------------------------------------------    -------------------
    SLICE_X13Y24         FDRE (Prop_fdre_C_Q)         0.456     5.011 r  data_out_2_p3_reg[15]/Q
                         net (fo=1, routed)           3.491     8.502    data_out_2_OBUF[15]
    V3                   OBUF (Prop_obuf_I_O)         2.601    11.103 r  data_out_2_OBUF[15]_inst/O
                         net (fo=0)                   0.000    11.103    data_out_2[15]
    V3                                                                r  data_out_2[15] (OUT)
  -------------------------------------------------------------------    -------------------

Slack:                    inf
  Source:                 data_out_2_p3_reg[14]/C
                            (rising edge-triggered cell FDRE clocked by clk_pin_p  {rise@0.000ns fall@12.500ns period=25.000ns})
  Destination:            data_out_2[14]
                            (output port)
  Path Group:             (none)
  Path Type:              Max at Slow Process Corner
  Data Path Delay:        6.543ns  (logic 3.074ns (46.988%)  route 3.468ns (53.012%))
  Logic Levels:           1  (OBUF=1)
  Clock Uncertainty:      0.025ns  ((TSJ^2 + TIJ^2)^1/2 + DJ) / 2 + PE
    Total System Jitter     (TSJ):    0.050ns
    Total Input Jitter      (TIJ):    0.000ns
    Discrete Jitter          (DJ):    0.000ns
    Phase Error              (PE):    0.000ns

    Location             Delay type                Incr(ns)  Path(ns)    Netlist Resource(s)
  -------------------------------------------------------------------    -------------------
                         (clock clk_pin_p rise edge)
                                                      0.000     0.000 r  
    M18                                               0.000     0.000 r  clk (IN)
                         net (fo=0)                   0.000     0.000    clk
    M18                  IBUF (Prop_ibuf_I_O)         0.938     0.938 r  clk_IBUF_inst/O
                         net (fo=1, routed)           1.972     2.910    clk_IBUF
    BUFGCTRL_X0Y0        BUFG (Prop_bufg_I_O)         0.096     3.006 r  clk_IBUF_BUFG_inst/O
                         net (fo=57, routed)          1.549     4.555    clk_IBUF_BUFG
    SLICE_X13Y24         FDRE                                         r  data_out_2_p3_reg[14]/C
  -------------------------------------------------------------------    -------------------
    SLICE_X13Y24         FDRE (Prop_fdre_C_Q)         0.456     5.011 r  data_out_2_p3_reg[14]/Q
                         net (fo=1, routed)           3.468     8.479    data_out_2_OBUF[14]
    W3                   OBUF (Prop_obuf_I_O)         2.618    11.098 r  data_out_2_OBUF[14]_inst/O
                         net (fo=0)                   0.000    11.098    data_out_2[14]
    W3                                                                r  data_out_2[14] (OUT)
  -------------------------------------------------------------------    -------------------

Slack:                    inf
  Source:                 data_out_2_p3_reg[10]/C
                            (rising edge-triggered cell FDRE clocked by clk_pin_p  {rise@0.000ns fall@12.500ns period=25.000ns})
  Destination:            data_out_2[10]
                            (output port)
  Path Group:             (none)
  Path Type:              Max at Slow Process Corner
  Data Path Delay:        6.515ns  (logic 3.134ns (48.105%)  route 3.381ns (51.895%))
  Logic Levels:           1  (OBUF=1)
  Clock Uncertainty:      0.025ns  ((TSJ^2 + TIJ^2)^1/2 + DJ) / 2 + PE
    Total System Jitter     (TSJ):    0.050ns
    Total Input Jitter      (TIJ):    0.000ns
    Discrete Jitter          (DJ):    0.000ns
    Phase Error              (PE):    0.000ns

    Location             Delay type                Incr(ns)  Path(ns)    Netlist Resource(s)
  -------------------------------------------------------------------    -------------------
                         (clock clk_pin_p rise edge)
                                                      0.000     0.000 r  
    M18                                               0.000     0.000 r  clk (IN)
                         net (fo=0)                   0.000     0.000    clk
    M18                  IBUF (Prop_ibuf_I_O)         0.938     0.938 r  clk_IBUF_inst/O
                         net (fo=1, routed)           1.972     2.910    clk_IBUF
    BUFGCTRL_X0Y0        BUFG (Prop_bufg_I_O)         0.096     3.006 r  clk_IBUF_BUFG_inst/O
                         net (fo=57, routed)          1.549     4.555    clk_IBUF_BUFG
    SLICE_X12Y24         FDRE                                         r  data_out_2_p3_reg[10]/C
  -------------------------------------------------------------------    -------------------
    SLICE_X12Y24         FDRE (Prop_fdre_C_Q)         0.518     5.073 r  data_out_2_p3_reg[10]/Q
                         net (fo=1, routed)           3.381     8.454    data_out_2_OBUF[10]
    V4                   OBUF (Prop_obuf_I_O)         2.616    11.070 r  data_out_2_OBUF[10]_inst/O
                         net (fo=0)                   0.000    11.070    data_out_2[10]
    V4                                                                r  data_out_2[10] (OUT)
  -------------------------------------------------------------------    -------------------

Slack:                    inf
  Source:                 data_out_2_p3_reg[1]/C
                            (rising edge-triggered cell FDRE clocked by clk_pin_p  {rise@0.000ns fall@12.500ns period=25.000ns})
  Destination:            data_out_2[1]
                            (output port)
  Path Group:             (none)
  Path Type:              Max at Slow Process Corner
  Data Path Delay:        6.496ns  (logic 3.142ns (48.376%)  route 3.353ns (51.624%))
  Logic Levels:           1  (OBUF=1)
  Clock Uncertainty:      0.025ns  ((TSJ^2 + TIJ^2)^1/2 + DJ) / 2 + PE
    Total System Jitter     (TSJ):    0.050ns
    Total Input Jitter      (TIJ):    0.000ns
    Discrete Jitter          (DJ):    0.000ns
    Phase Error              (PE):    0.000ns

    Location             Delay type                Incr(ns)  Path(ns)    Netlist Resource(s)
  -------------------------------------------------------------------    -------------------
                         (clock clk_pin_p rise edge)
                                                      0.000     0.000 r  
    M18                                               0.000     0.000 r  clk (IN)
                         net (fo=0)                   0.000     0.000    clk
    M18                  IBUF (Prop_ibuf_I_O)         0.938     0.938 r  clk_IBUF_inst/O
                         net (fo=1, routed)           1.972     2.910    clk_IBUF
    BUFGCTRL_X0Y0        BUFG (Prop_bufg_I_O)         0.096     3.006 r  clk_IBUF_BUFG_inst/O
                         net (fo=57, routed)          1.556     4.562    clk_IBUF_BUFG
    SLICE_X12Y20         FDRE                                         r  data_out_2_p3_reg[1]/C
  -------------------------------------------------------------------    -------------------
    SLICE_X12Y20         FDRE (Prop_fdre_C_Q)         0.518     5.080 r  data_out_2_p3_reg[1]/Q
                         net (fo=1, routed)           3.353     8.433    data_out_2_OBUF[1]
    U7                   OBUF (Prop_obuf_I_O)         2.624    11.058 r  data_out_2_OBUF[1]_inst/O
                         net (fo=0)                   0.000    11.058    data_out_2[1]
    U7                                                                r  data_out_2[1] (OUT)
  -------------------------------------------------------------------    -------------------

Slack:                    inf
  Source:                 data_out_2_p3_reg[0]/C
                            (rising edge-triggered cell FDRE clocked by clk_pin_p  {rise@0.000ns fall@12.500ns period=25.000ns})
  Destination:            data_out_2[0]
                            (output port)
  Path Group:             (none)
  Path Type:              Max at Slow Process Corner
  Data Path Delay:        6.478ns  (logic 3.109ns (47.984%)  route 3.370ns (52.016%))
  Logic Levels:           1  (OBUF=1)
  Clock Uncertainty:      0.025ns  ((TSJ^2 + TIJ^2)^1/2 + DJ) / 2 + PE
    Total System Jitter     (TSJ):    0.050ns
    Total Input Jitter      (TIJ):    0.000ns
    Discrete Jitter          (DJ):    0.000ns
    Phase Error              (PE):    0.000ns

    Location             Delay type                Incr(ns)  Path(ns)    Netlist Resource(s)
  -------------------------------------------------------------------    -------------------
                         (clock clk_pin_p rise edge)
                                                      0.000     0.000 r  
    M18                                               0.000     0.000 r  clk (IN)
                         net (fo=0)                   0.000     0.000    clk
    M18                  IBUF (Prop_ibuf_I_O)         0.938     0.938 r  clk_IBUF_inst/O
                         net (fo=1, routed)           1.972     2.910    clk_IBUF
    BUFGCTRL_X0Y0        BUFG (Prop_bufg_I_O)         0.096     3.006 r  clk_IBUF_BUFG_inst/O
                         net (fo=57, routed)          1.556     4.562    clk_IBUF_BUFG
    SLICE_X12Y20         FDRE                                         r  data_out_2_p3_reg[0]/C
  -------------------------------------------------------------------    -------------------
    SLICE_X12Y20         FDRE (Prop_fdre_C_Q)         0.518     5.080 r  data_out_2_p3_reg[0]/Q
                         net (fo=1, routed)           3.370     8.450    data_out_2_OBUF[0]
    V7                   OBUF (Prop_obuf_I_O)         2.591    11.040 r  data_out_2_OBUF[0]_inst/O
                         net (fo=0)                   0.000    11.040    data_out_2[0]
    V7                                                                r  data_out_2[0] (OUT)
  -------------------------------------------------------------------    -------------------

Slack:                    inf
  Source:                 data_out_2_p3_reg[2]/C
                            (rising edge-triggered cell FDRE clocked by clk_pin_p  {rise@0.000ns fall@12.500ns period=25.000ns})
  Destination:            data_out_2[2]
                            (output port)
  Path Group:             (none)
  Path Type:              Max at Slow Process Corner
  Data Path Delay:        6.466ns  (logic 3.115ns (48.178%)  route 3.351ns (51.822%))
  Logic Levels:           1  (OBUF=1)
  Clock Uncertainty:      0.025ns  ((TSJ^2 + TIJ^2)^1/2 + DJ) / 2 + PE
    Total System Jitter     (TSJ):    0.050ns
    Total Input Jitter      (TIJ):    0.000ns
    Discrete Jitter          (DJ):    0.000ns
    Phase Error              (PE):    0.000ns

    Location             Delay type                Incr(ns)  Path(ns)    Netlist Resource(s)
  -------------------------------------------------------------------    -------------------
                         (clock clk_pin_p rise edge)
                                                      0.000     0.000 r  
    M18                                               0.000     0.000 r  clk (IN)
                         net (fo=0)                   0.000     0.000    clk
    M18                  IBUF (Prop_ibuf_I_O)         0.938     0.938 r  clk_IBUF_inst/O
                         net (fo=1, routed)           1.972     2.910    clk_IBUF
    BUFGCTRL_X0Y0        BUFG (Prop_bufg_I_O)         0.096     3.006 r  clk_IBUF_BUFG_inst/O
                         net (fo=57, routed)          1.556     4.562    clk_IBUF_BUFG
    SLICE_X12Y20         FDRE                                         r  data_out_2_p3_reg[2]/C
  -------------------------------------------------------------------    -------------------
    SLICE_X12Y20         FDRE (Prop_fdre_C_Q)         0.518     5.080 r  data_out_2_p3_reg[2]/Q
                         net (fo=1, routed)           3.351     8.431    data_out_2_OBUF[2]
    V5                   OBUF (Prop_obuf_I_O)         2.597    11.028 r  data_out_2_OBUF[2]_inst/O
                         net (fo=0)                   0.000    11.028    data_out_2[2]
    V5                                                                r  data_out_2[2] (OUT)
  -------------------------------------------------------------------    -------------------

Slack:                    inf
  Source:                 data_out_2_p3_reg[11]/C
                            (rising edge-triggered cell FDRE clocked by clk_pin_p  {rise@0.000ns fall@12.500ns period=25.000ns})
  Destination:            data_out_2[11]
                            (output port)
  Path Group:             (none)
  Path Type:              Max at Slow Process Corner
  Data Path Delay:        6.456ns  (logic 3.110ns (48.172%)  route 3.346ns (51.828%))
  Logic Levels:           1  (OBUF=1)
  Clock Uncertainty:      0.025ns  ((TSJ^2 + TIJ^2)^1/2 + DJ) / 2 + PE
    Total System Jitter     (TSJ):    0.050ns
    Total Input Jitter      (TIJ):    0.000ns
    Discrete Jitter          (DJ):    0.000ns
    Phase Error              (PE):    0.000ns

    Location             Delay type                Incr(ns)  Path(ns)    Netlist Resource(s)
  -------------------------------------------------------------------    -------------------
                         (clock clk_pin_p rise edge)
                                                      0.000     0.000 r  
    M18                                               0.000     0.000 r  clk (IN)
                         net (fo=0)                   0.000     0.000    clk
    M18                  IBUF (Prop_ibuf_I_O)         0.938     0.938 r  clk_IBUF_inst/O
                         net (fo=1, routed)           1.972     2.910    clk_IBUF
    BUFGCTRL_X0Y0        BUFG (Prop_bufg_I_O)         0.096     3.006 r  clk_IBUF_BUFG_inst/O
                         net (fo=57, routed)          1.549     4.555    clk_IBUF_BUFG
    SLICE_X12Y24         FDRE                                         r  data_out_2_p3_reg[11]/C
  -------------------------------------------------------------------    -------------------
    SLICE_X12Y24         FDRE (Prop_fdre_C_Q)         0.518     5.073 r  data_out_2_p3_reg[11]/Q
                         net (fo=1, routed)           3.346     8.419    data_out_2_OBUF[11]
    U4                   OBUF (Prop_obuf_I_O)         2.592    11.011 r  data_out_2_OBUF[11]_inst/O
                         net (fo=0)                   0.000    11.011    data_out_2[11]
    U4                                                                r  data_out_2[11] (OUT)
  -------------------------------------------------------------------    -------------------

Slack:                    inf
  Source:                 data_out_2_p3_reg[13]/C
                            (rising edge-triggered cell FDRE clocked by clk_pin_p  {rise@0.000ns fall@12.500ns period=25.000ns})
  Destination:            data_out_2[13]
                            (output port)
  Path Group:             (none)
  Path Type:              Max at Slow Process Corner
  Data Path Delay:        6.395ns  (logic 3.053ns (47.736%)  route 3.342ns (52.264%))
  Logic Levels:           1  (OBUF=1)
  Clock Uncertainty:      0.025ns  ((TSJ^2 + TIJ^2)^1/2 + DJ) / 2 + PE
    Total System Jitter     (TSJ):    0.050ns
    Total Input Jitter      (TIJ):    0.000ns
    Discrete Jitter          (DJ):    0.000ns
    Phase Error              (PE):    0.000ns

    Location             Delay type                Incr(ns)  Path(ns)    Netlist Resource(s)
  -------------------------------------------------------------------    -------------------
                         (clock clk_pin_p rise edge)
                                                      0.000     0.000 r  
    M18                                               0.000     0.000 r  clk (IN)
                         net (fo=0)                   0.000     0.000    clk
    M18                  IBUF (Prop_ibuf_I_O)         0.938     0.938 r  clk_IBUF_inst/O
                         net (fo=1, routed)           1.972     2.910    clk_IBUF
    BUFGCTRL_X0Y0        BUFG (Prop_bufg_I_O)         0.096     3.006 r  clk_IBUF_BUFG_inst/O
                         net (fo=57, routed)          1.552     4.558    clk_IBUF_BUFG
    SLICE_X13Y27         FDRE                                         r  data_out_2_p3_reg[13]/C
  -------------------------------------------------------------------    -------------------
    SLICE_X13Y27         FDRE (Prop_fdre_C_Q)         0.456     5.014 r  data_out_2_p3_reg[13]/Q
                         net (fo=1, routed)           3.342     8.356    data_out_2_OBUF[13]
    U3                   OBUF (Prop_obuf_I_O)         2.597    10.953 r  data_out_2_OBUF[13]_inst/O
                         net (fo=0)                   0.000    10.953    data_out_2[13]
    U3                                                                r  data_out_2[13] (OUT)
  -------------------------------------------------------------------    -------------------

Slack:                    inf
  Source:                 data_out_2_p3_reg[12]/C
                            (rising edge-triggered cell FDRE clocked by clk_pin_p  {rise@0.000ns fall@12.500ns period=25.000ns})
  Destination:            data_out_2[12]
                            (output port)
  Path Group:             (none)
  Path Type:              Max at Slow Process Corner
  Data Path Delay:        6.335ns  (logic 3.052ns (48.177%)  route 3.283ns (51.823%))
  Logic Levels:           1  (OBUF=1)
  Clock Uncertainty:      0.025ns  ((TSJ^2 + TIJ^2)^1/2 + DJ) / 2 + PE
    Total System Jitter     (TSJ):    0.050ns
    Total Input Jitter      (TIJ):    0.000ns
    Discrete Jitter          (DJ):    0.000ns
    Phase Error              (PE):    0.000ns

    Location             Delay type                Incr(ns)  Path(ns)    Netlist Resource(s)
  -------------------------------------------------------------------    -------------------
                         (clock clk_pin_p rise edge)
                                                      0.000     0.000 r  
    M18                                               0.000     0.000 r  clk (IN)
                         net (fo=0)                   0.000     0.000    clk
    M18                  IBUF (Prop_ibuf_I_O)         0.938     0.938 r  clk_IBUF_inst/O
                         net (fo=1, routed)           1.972     2.910    clk_IBUF
    BUFGCTRL_X0Y0        BUFG (Prop_bufg_I_O)         0.096     3.006 r  clk_IBUF_BUFG_inst/O
                         net (fo=57, routed)          1.556     4.562    clk_IBUF_BUFG
    SLICE_X13Y29         FDRE                                         r  data_out_2_p3_reg[12]/C
  -------------------------------------------------------------------    -------------------
    SLICE_X13Y29         FDRE (Prop_fdre_C_Q)         0.456     5.018 r  data_out_2_p3_reg[12]/Q
                         net (fo=1, routed)           3.283     8.301    data_out_2_OBUF[12]
    U2                   OBUF (Prop_obuf_I_O)         2.596    10.897 r  data_out_2_OBUF[12]_inst/O
                         net (fo=0)                   0.000    10.897    data_out_2[12]
    U2                                                                r  data_out_2[12] (OUT)
  -------------------------------------------------------------------    -------------------

Slack:                    inf
  Source:                 data_out_2_p3_reg[7]/C
                            (rising edge-triggered cell FDRE clocked by clk_pin_p  {rise@0.000ns fall@12.500ns period=25.000ns})
  Destination:            data_out_2[7]
                            (output port)
  Path Group:             (none)
  Path Type:              Max at Slow Process Corner
  Data Path Delay:        6.312ns  (logic 3.122ns (49.460%)  route 3.190ns (50.540%))
  Logic Levels:           1  (OBUF=1)
  Clock Uncertainty:      0.025ns  ((TSJ^2 + TIJ^2)^1/2 + DJ) / 2 + PE
    Total System Jitter     (TSJ):    0.050ns
    Total Input Jitter      (TIJ):    0.000ns
    Discrete Jitter          (DJ):    0.000ns
    Phase Error              (PE):    0.000ns

    Location             Delay type                Incr(ns)  Path(ns)    Netlist Resource(s)
  -------------------------------------------------------------------    -------------------
                         (clock clk_pin_p rise edge)
                                                      0.000     0.000 r  
    M18                                               0.000     0.000 r  clk (IN)
                         net (fo=0)                   0.000     0.000    clk
    M18                  IBUF (Prop_ibuf_I_O)         0.938     0.938 r  clk_IBUF_inst/O
                         net (fo=1, routed)           1.972     2.910    clk_IBUF
    BUFGCTRL_X0Y0        BUFG (Prop_bufg_I_O)         0.096     3.006 r  clk_IBUF_BUFG_inst/O
                         net (fo=57, routed)          1.555     4.561    clk_IBUF_BUFG
    SLICE_X12Y21         FDRE                                         r  data_out_2_p3_reg[7]/C
  -------------------------------------------------------------------    -------------------
    SLICE_X12Y21         FDRE (Prop_fdre_C_Q)         0.518     5.079 r  data_out_2_p3_reg[7]/Q
                         net (fo=1, routed)           3.190     8.269    data_out_2_OBUF[7]
    W7                   OBUF (Prop_obuf_I_O)         2.604    10.873 r  data_out_2_OBUF[7]_inst/O
                         net (fo=0)                   0.000    10.873    data_out_2[7]
    W7                                                                r  data_out_2[7] (OUT)
  -------------------------------------------------------------------    -------------------





Min Delay Paths
--------------------------------------------------------------------------------------
Slack:                    inf
  Source:                 data_out_1_p3_reg[5]/C
                            (rising edge-triggered cell FDRE clocked by clk_pin_p  {rise@0.000ns fall@12.500ns period=25.000ns})
  Destination:            data_out_1[5]
                            (output port)
  Path Group:             (none)
  Path Type:              Min at Fast Process Corner
  Data Path Delay:        1.849ns  (logic 1.270ns (68.643%)  route 0.580ns (31.357%))
  Logic Levels:           1  (OBUF=1)
  Clock Uncertainty:      0.025ns  ((TSJ^2 + TIJ^2)^1/2 + DJ) / 2 + PE
    Total System Jitter     (TSJ):    0.050ns
    Total Input Jitter      (TIJ):    0.000ns
    Discrete Jitter          (DJ):    0.000ns
    Phase Error              (PE):    0.000ns

    Location             Delay type                Incr(ns)  Path(ns)    Netlist Resource(s)
  -------------------------------------------------------------------    -------------------
                         (clock clk_pin_p rise edge)
                                                      0.000     0.000 r  
    M18                                               0.000     0.000 r  clk (IN)
                         net (fo=0)                   0.000     0.000    clk
    M18                  IBUF (Prop_ibuf_I_O)         0.167     0.167 r  clk_IBUF_inst/O
                         net (fo=1, routed)           0.634     0.801    clk_IBUF
    BUFGCTRL_X0Y0        BUFG (Prop_bufg_I_O)         0.026     0.827 r  clk_IBUF_BUFG_inst/O
                         net (fo=57, routed)          0.556     1.383    clk_IBUF_BUFG
    SLICE_X12Y27         FDRE                                         r  data_out_1_p3_reg[5]/C
  -------------------------------------------------------------------    -------------------
    SLICE_X12Y27         FDRE (Prop_fdre_C_Q)         0.164     1.547 r  data_out_1_p3_reg[5]/Q
                         net (fo=1, routed)           0.580     2.127    data_out_1_OBUF[5]
    N18                  OBUF (Prop_obuf_I_O)         1.106     3.232 r  data_out_1_OBUF[5]_inst/O
                         net (fo=0)                   0.000     3.232    data_out_1[5]
    N18                                                               r  data_out_1[5] (OUT)
  -------------------------------------------------------------------    -------------------

Slack:                    inf
  Source:                 data_out_1_p3_reg[3]/C
                            (rising edge-triggered cell FDRE clocked by clk_pin_p  {rise@0.000ns fall@12.500ns period=25.000ns})
  Destination:            data_out_1[3]
                            (output port)
  Path Group:             (none)
  Path Type:              Min at Fast Process Corner
  Data Path Delay:        1.853ns  (logic 1.271ns (68.565%)  route 0.583ns (31.435%))
  Logic Levels:           1  (OBUF=1)
  Clock Uncertainty:      0.025ns  ((TSJ^2 + TIJ^2)^1/2 + DJ) / 2 + PE
    Total System Jitter     (TSJ):    0.050ns
    Total Input Jitter      (TIJ):    0.000ns
    Discrete Jitter          (DJ):    0.000ns
    Phase Error              (PE):    0.000ns

    Location             Delay type                Incr(ns)  Path(ns)    Netlist Resource(s)
  -------------------------------------------------------------------    -------------------
                         (clock clk_pin_p rise edge)
                                                      0.000     0.000 r  
    M18                                               0.000     0.000 r  clk (IN)
                         net (fo=0)                   0.000     0.000    clk
    M18                  IBUF (Prop_ibuf_I_O)         0.167     0.167 r  clk_IBUF_inst/O
                         net (fo=1, routed)           0.634     0.801    clk_IBUF
    BUFGCTRL_X0Y0        BUFG (Prop_bufg_I_O)         0.026     0.827 r  clk_IBUF_BUFG_inst/O
                         net (fo=57, routed)          0.554     1.381    clk_IBUF_BUFG
    SLICE_X12Y26         FDRE                                         r  data_out_1_p3_reg[3]/C
  -------------------------------------------------------------------    -------------------
    SLICE_X12Y26         FDRE (Prop_fdre_C_Q)         0.164     1.545 r  data_out_1_p3_reg[3]/Q
                         net (fo=1, routed)           0.583     2.127    data_out_1_OBUF[3]
    P19                  OBUF (Prop_obuf_I_O)         1.107     3.234 r  data_out_1_OBUF[3]_inst/O
                         net (fo=0)                   0.000     3.234    data_out_1[3]
    P19                                                               r  data_out_1[3] (OUT)
  -------------------------------------------------------------------    -------------------

Slack:                    inf
  Source:                 data_out_1_p3_reg[2]/C
                            (rising edge-triggered cell FDRE clocked by clk_pin_p  {rise@0.000ns fall@12.500ns period=25.000ns})
  Destination:            data_out_1[2]
                            (output port)
  Path Group:             (none)
  Path Type:              Min at Fast Process Corner
  Data Path Delay:        1.859ns  (logic 1.277ns (68.703%)  route 0.582ns (31.297%))
  Logic Levels:           1  (OBUF=1)
  Clock Uncertainty:      0.025ns  ((TSJ^2 + TIJ^2)^1/2 + DJ) / 2 + PE
    Total System Jitter     (TSJ):    0.050ns
    Total Input Jitter      (TIJ):    0.000ns
    Discrete Jitter          (DJ):    0.000ns
    Phase Error              (PE):    0.000ns

    Location             Delay type                Incr(ns)  Path(ns)    Netlist Resource(s)
  -------------------------------------------------------------------    -------------------
                         (clock clk_pin_p rise edge)
                                                      0.000     0.000 r  
    M18                                               0.000     0.000 r  clk (IN)
                         net (fo=0)                   0.000     0.000    clk
    M18                  IBUF (Prop_ibuf_I_O)         0.167     0.167 r  clk_IBUF_inst/O
                         net (fo=1, routed)           0.634     0.801    clk_IBUF
    BUFGCTRL_X0Y0        BUFG (Prop_bufg_I_O)         0.026     0.827 r  clk_IBUF_BUFG_inst/O
                         net (fo=57, routed)          0.554     1.381    clk_IBUF_BUFG
    SLICE_X12Y26         FDRE                                         r  data_out_1_p3_reg[2]/C
  -------------------------------------------------------------------    -------------------
    SLICE_X12Y26         FDRE (Prop_fdre_C_Q)         0.164     1.545 r  data_out_1_p3_reg[2]/Q
                         net (fo=1, routed)           0.582     2.127    data_out_1_OBUF[2]
    R19                  OBUF (Prop_obuf_I_O)         1.113     3.240 r  data_out_1_OBUF[2]_inst/O
                         net (fo=0)                   0.000     3.240    data_out_1[2]
    R19                                                               r  data_out_1[2] (OUT)
  -------------------------------------------------------------------    -------------------

Slack:                    inf
  Source:                 data_out_1_p3_reg[4]/C
                            (rising edge-triggered cell FDRE clocked by clk_pin_p  {rise@0.000ns fall@12.500ns period=25.000ns})
  Destination:            data_out_1[4]
                            (output port)
  Path Group:             (none)
  Path Type:              Min at Fast Process Corner
  Data Path Delay:        1.858ns  (logic 1.277ns (68.702%)  route 0.582ns (31.298%))
  Logic Levels:           1  (OBUF=1)
  Clock Uncertainty:      0.025ns  ((TSJ^2 + TIJ^2)^1/2 + DJ) / 2 + PE
    Total System Jitter     (TSJ):    0.050ns
    Total Input Jitter      (TIJ):    0.000ns
    Discrete Jitter          (DJ):    0.000ns
    Phase Error              (PE):    0.000ns

    Location             Delay type                Incr(ns)  Path(ns)    Netlist Resource(s)
  -------------------------------------------------------------------    -------------------
                         (clock clk_pin_p rise edge)
                                                      0.000     0.000 r  
    M18                                               0.000     0.000 r  clk (IN)
                         net (fo=0)                   0.000     0.000    clk
    M18                  IBUF (Prop_ibuf_I_O)         0.167     0.167 r  clk_IBUF_inst/O
                         net (fo=1, routed)           0.634     0.801    clk_IBUF
    BUFGCTRL_X0Y0        BUFG (Prop_bufg_I_O)         0.026     0.827 r  clk_IBUF_BUFG_inst/O
                         net (fo=57, routed)          0.556     1.383    clk_IBUF_BUFG
    SLICE_X12Y27         FDRE                                         r  data_out_1_p3_reg[4]/C
  -------------------------------------------------------------------    -------------------
    SLICE_X12Y27         FDRE (Prop_fdre_C_Q)         0.164     1.547 r  data_out_1_p3_reg[4]/Q
                         net (fo=1, routed)           0.582     2.128    data_out_1_OBUF[4]
    N19                  OBUF (Prop_obuf_I_O)         1.113     3.241 r  data_out_1_OBUF[4]_inst/O
                         net (fo=0)                   0.000     3.241    data_out_1[4]
    N19                                                               r  data_out_1[4] (OUT)
  -------------------------------------------------------------------    -------------------

Slack:                    inf
  Source:                 data_out_1_p3_reg[1]/C
                            (rising edge-triggered cell FDRE clocked by clk_pin_p  {rise@0.000ns fall@12.500ns period=25.000ns})
  Destination:            data_out_1[1]
                            (output port)
  Path Group:             (none)
  Path Type:              Min at Fast Process Corner
  Data Path Delay:        1.862ns  (logic 1.293ns (69.421%)  route 0.570ns (30.579%))
  Logic Levels:           1  (OBUF=1)
  Clock Uncertainty:      0.025ns  ((TSJ^2 + TIJ^2)^1/2 + DJ) / 2 + PE
    Total System Jitter     (TSJ):    0.050ns
    Total Input Jitter      (TIJ):    0.000ns
    Discrete Jitter          (DJ):    0.000ns
    Phase Error              (PE):    0.000ns

    Location             Delay type                Incr(ns)  Path(ns)    Netlist Resource(s)
  -------------------------------------------------------------------    -------------------
                         (clock clk_pin_p rise edge)
                                                      0.000     0.000 r  
    M18                                               0.000     0.000 r  clk (IN)
                         net (fo=0)                   0.000     0.000    clk
    M18                  IBUF (Prop_ibuf_I_O)         0.167     0.167 r  clk_IBUF_inst/O
                         net (fo=1, routed)           0.634     0.801    clk_IBUF
    BUFGCTRL_X0Y0        BUFG (Prop_bufg_I_O)         0.026     0.827 r  clk_IBUF_BUFG_inst/O
                         net (fo=57, routed)          0.554     1.381    clk_IBUF_BUFG
    SLICE_X12Y26         FDRE                                         r  data_out_1_p3_reg[1]/C
  -------------------------------------------------------------------    -------------------
    SLICE_X12Y26         FDRE (Prop_fdre_C_Q)         0.164     1.545 r  data_out_1_p3_reg[1]/Q
                         net (fo=1, routed)           0.570     2.114    data_out_1_OBUF[1]
    M19                  OBUF (Prop_obuf_I_O)         1.129     3.243 r  data_out_1_OBUF[1]_inst/O
                         net (fo=0)                   0.000     3.243    data_out_1[1]
    M19                                                               r  data_out_1[1] (OUT)
  -------------------------------------------------------------------    -------------------

Slack:                    inf
  Source:                 data_out_1_p3_reg[0]/C
                            (rising edge-triggered cell FDRE clocked by clk_pin_p  {rise@0.000ns fall@12.500ns period=25.000ns})
  Destination:            data_out_1[0]
                            (output port)
  Path Group:             (none)
  Path Type:              Min at Fast Process Corner
  Data Path Delay:        1.876ns  (logic 1.305ns (69.552%)  route 0.571ns (30.448%))
  Logic Levels:           1  (OBUF=1)
  Clock Uncertainty:      0.025ns  ((TSJ^2 + TIJ^2)^1/2 + DJ) / 2 + PE
    Total System Jitter     (TSJ):    0.050ns
    Total Input Jitter      (TIJ):    0.000ns
    Discrete Jitter          (DJ):    0.000ns
    Phase Error              (PE):    0.000ns

    Location             Delay type                Incr(ns)  Path(ns)    Netlist Resource(s)
  -------------------------------------------------------------------    -------------------
                         (clock clk_pin_p rise edge)
                                                      0.000     0.000 r  
    M18                                               0.000     0.000 r  clk (IN)
                         net (fo=0)                   0.000     0.000    clk
    M18                  IBUF (Prop_ibuf_I_O)         0.167     0.167 r  clk_IBUF_inst/O
                         net (fo=1, routed)           0.634     0.801    clk_IBUF
    BUFGCTRL_X0Y0        BUFG (Prop_bufg_I_O)         0.026     0.827 r  clk_IBUF_BUFG_inst/O
                         net (fo=57, routed)          0.554     1.381    clk_IBUF_BUFG
    SLICE_X12Y26         FDRE                                         r  data_out_1_p3_reg[0]/C
  -------------------------------------------------------------------    -------------------
    SLICE_X12Y26         FDRE (Prop_fdre_C_Q)         0.164     1.545 r  data_out_1_p3_reg[0]/Q
                         net (fo=1, routed)           0.571     2.116    data_out_1_OBUF[0]
    L17                  OBUF (Prop_obuf_I_O)         1.141     3.257 r  data_out_1_OBUF[0]_inst/O
                         net (fo=0)                   0.000     3.257    data_out_1[0]
    L17                                                               r  data_out_1[0] (OUT)
  -------------------------------------------------------------------    -------------------

Slack:                    inf
  Source:                 data_out_1_p3_reg[9]/C
                            (rising edge-triggered cell FDRE clocked by clk_pin_p  {rise@0.000ns fall@12.500ns period=25.000ns})
  Destination:            data_out_1[9]
                            (output port)
  Path Group:             (none)
  Path Type:              Min at Fast Process Corner
  Data Path Delay:        1.905ns  (logic 1.295ns (67.979%)  route 0.610ns (32.021%))
  Logic Levels:           1  (OBUF=1)
  Clock Uncertainty:      0.025ns  ((TSJ^2 + TIJ^2)^1/2 + DJ) / 2 + PE
    Total System Jitter     (TSJ):    0.050ns
    Total Input Jitter      (TIJ):    0.000ns
    Discrete Jitter          (DJ):    0.000ns
    Phase Error              (PE):    0.000ns

    Location             Delay type                Incr(ns)  Path(ns)    Netlist Resource(s)
  -------------------------------------------------------------------    -------------------
                         (clock clk_pin_p rise edge)
                                                      0.000     0.000 r  
    M18                                               0.000     0.000 r  clk (IN)
                         net (fo=0)                   0.000     0.000    clk
    M18                  IBUF (Prop_ibuf_I_O)         0.167     0.167 r  clk_IBUF_inst/O
                         net (fo=1, routed)           0.634     0.801    clk_IBUF
    BUFGCTRL_X0Y0        BUFG (Prop_bufg_I_O)         0.026     0.827 r  clk_IBUF_BUFG_inst/O
                         net (fo=57, routed)          0.556     1.383    clk_IBUF_BUFG
    SLICE_X12Y28         FDRE                                         r  data_out_1_p3_reg[9]/C
  -------------------------------------------------------------------    -------------------
    SLICE_X12Y28         FDRE (Prop_fdre_C_Q)         0.164     1.547 r  data_out_1_p3_reg[9]/Q
                         net (fo=1, routed)           0.610     2.157    data_out_1_OBUF[9]
    J17                  OBUF (Prop_obuf_I_O)         1.131     3.288 r  data_out_1_OBUF[9]_inst/O
                         net (fo=0)                   0.000     3.288    data_out_1[9]
    J17                                                               r  data_out_1[9] (OUT)
  -------------------------------------------------------------------    -------------------

Slack:                    inf
  Source:                 data_valid_p3_reg/C
                            (rising edge-triggered cell FDRE clocked by clk_pin_p  {rise@0.000ns fall@12.500ns period=25.000ns})
  Destination:            out_valid
                            (output port)
  Path Group:             (none)
  Path Type:              Min at Fast Process Corner
  Data Path Delay:        1.897ns  (logic 1.304ns (68.729%)  route 0.593ns (31.271%))
  Logic Levels:           1  (OBUF=1)
  Clock Uncertainty:      0.025ns  ((TSJ^2 + TIJ^2)^1/2 + DJ) / 2 + PE
    Total System Jitter     (TSJ):    0.050ns
    Total Input Jitter      (TIJ):    0.000ns
    Discrete Jitter          (DJ):    0.000ns
    Phase Error              (PE):    0.000ns

    Location             Delay type                Incr(ns)  Path(ns)    Netlist Resource(s)
  -------------------------------------------------------------------    -------------------
                         (clock clk_pin_p rise edge)
                                                      0.000     0.000 r  
    M18                                               0.000     0.000 r  clk (IN)
                         net (fo=0)                   0.000     0.000    clk
    M18                  IBUF (Prop_ibuf_I_O)         0.167     0.167 r  clk_IBUF_inst/O
                         net (fo=1, routed)           0.634     0.801    clk_IBUF
    BUFGCTRL_X0Y0        BUFG (Prop_bufg_I_O)         0.026     0.827 r  clk_IBUF_BUFG_inst/O
                         net (fo=57, routed)          0.580     1.407    clk_IBUF_BUFG
    SLICE_X6Y25          FDRE                                         r  data_valid_p3_reg/C
  -------------------------------------------------------------------    -------------------
    SLICE_X6Y25          FDRE (Prop_fdre_C_Q)         0.164     1.571 r  data_valid_p3_reg/Q
                         net (fo=1, routed)           0.593     2.164    out_valid_OBUF
    E19                  OBUF (Prop_obuf_I_O)         1.140     3.304 r  out_valid_OBUF_inst/O
                         net (fo=0)                   0.000     3.304    out_valid
    E19                                                               r  out_valid (OUT)
  -------------------------------------------------------------------    -------------------

Slack:                    inf
  Source:                 data_out_1_p3_reg[7]/C
                            (rising edge-triggered cell FDRE clocked by clk_pin_p  {rise@0.000ns fall@12.500ns period=25.000ns})
  Destination:            data_out_1[7]
                            (output port)
  Path Group:             (none)
  Path Type:              Min at Fast Process Corner
  Data Path Delay:        1.929ns  (logic 1.278ns (66.227%)  route 0.651ns (33.773%))
  Logic Levels:           1  (OBUF=1)
  Clock Uncertainty:      0.025ns  ((TSJ^2 + TIJ^2)^1/2 + DJ) / 2 + PE
    Total System Jitter     (TSJ):    0.050ns
    Total Input Jitter      (TIJ):    0.000ns
    Discrete Jitter          (DJ):    0.000ns
    Phase Error              (PE):    0.000ns

    Location             Delay type                Incr(ns)  Path(ns)    Netlist Resource(s)
  -------------------------------------------------------------------    -------------------
                         (clock clk_pin_p rise edge)
                                                      0.000     0.000 r  
    M18                                               0.000     0.000 r  clk (IN)
                         net (fo=0)                   0.000     0.000    clk
    M18                  IBUF (Prop_ibuf_I_O)         0.167     0.167 r  clk_IBUF_inst/O
                         net (fo=1, routed)           0.634     0.801    clk_IBUF
    BUFGCTRL_X0Y0        BUFG (Prop_bufg_I_O)         0.026     0.827 r  clk_IBUF_BUFG_inst/O
                         net (fo=57, routed)          0.556     1.383    clk_IBUF_BUFG
    SLICE_X12Y27         FDRE                                         r  data_out_1_p3_reg[7]/C
  -------------------------------------------------------------------    -------------------
    SLICE_X12Y27         FDRE (Prop_fdre_C_Q)         0.164     1.547 r  data_out_1_p3_reg[7]/Q
                         net (fo=1, routed)           0.651     2.198    data_out_1_OBUF[7]
    L18                  OBUF (Prop_obuf_I_O)         1.114     3.312 r  data_out_1_OBUF[7]_inst/O
                         net (fo=0)                   0.000     3.312    data_out_1[7]
    L18                                                               r  data_out_1[7] (OUT)
  -------------------------------------------------------------------    -------------------

Slack:                    inf
  Source:                 data_out_1_p3_reg[8]/C
                            (rising edge-triggered cell FDRE clocked by clk_pin_p  {rise@0.000ns fall@12.500ns period=25.000ns})
  Destination:            data_out_1[8]
                            (output port)
  Path Group:             (none)
  Path Type:              Min at Fast Process Corner
  Data Path Delay:        1.939ns  (logic 1.299ns (66.982%)  route 0.640ns (33.018%))
  Logic Levels:           1  (OBUF=1)
  Clock Uncertainty:      0.025ns  ((TSJ^2 + TIJ^2)^1/2 + DJ) / 2 + PE
    Total System Jitter     (TSJ):    0.050ns
    Total Input Jitter      (TIJ):    0.000ns
    Discrete Jitter          (DJ):    0.000ns
    Phase Error              (PE):    0.000ns

    Location             Delay type                Incr(ns)  Path(ns)    Netlist Resource(s)
  -------------------------------------------------------------------    -------------------
                         (clock clk_pin_p rise edge)
                                                      0.000     0.000 r  
    M18                                               0.000     0.000 r  clk (IN)
                         net (fo=0)                   0.000     0.000    clk
    M18                  IBUF (Prop_ibuf_I_O)         0.167     0.167 r  clk_IBUF_inst/O
                         net (fo=1, routed)           0.634     0.801    clk_IBUF
    BUFGCTRL_X0Y0        BUFG (Prop_bufg_I_O)         0.026     0.827 r  clk_IBUF_BUFG_inst/O
                         net (fo=57, routed)          0.556     1.383    clk_IBUF_BUFG
    SLICE_X12Y28         FDRE                                         r  data_out_1_p3_reg[8]/C
  -------------------------------------------------------------------    -------------------
    SLICE_X12Y28         FDRE (Prop_fdre_C_Q)         0.164     1.547 r  data_out_1_p3_reg[8]/Q
                         net (fo=1, routed)           0.640     2.187    data_out_1_OBUF[8]
    J18                  OBUF (Prop_obuf_I_O)         1.135     3.322 r  data_out_1_OBUF[8]_inst/O
                         net (fo=0)                   0.000     3.322    data_out_1[8]
    J18                                                               r  data_out_1[8] (OUT)
  -------------------------------------------------------------------    -------------------





--------------------------------------------------------------------------------------
Path Group:  (none)
From Clock:  
  To Clock:  clk_pin_p

Max Delay           113 Endpoints
Min Delay           113 Endpoints
--------------------------------------------------------------------------------------


Max Delay Paths
--------------------------------------------------------------------------------------
Slack:                    inf
  Source:                 data_in_1[1]
                            (input port)
  Destination:            data_mult_ext_p2_reg/A[21]
                            (rising edge-triggered cell DSP48E1 clocked by clk_pin_p  {rise@0.000ns fall@12.500ns period=25.000ns})
  Path Group:             (none)
  Path Type:              Setup (Max at Slow Process Corner)
  Data Path Delay:        4.228ns  (logic 1.677ns (39.677%)  route 2.550ns (60.323%))
  Logic Levels:           4  (CARRY4=2 IBUF=1 LUT1=1)
  Clock Path Skew:        4.293ns (DCD - SCD + CPR)
    Destination Clock Delay (DCD):    4.293ns
    Source Clock Delay      (SCD):    0.000ns
    Clock Pessimism Removal (CPR):    0.000ns
  Clock Uncertainty:      0.025ns  ((TSJ^2 + TIJ^2)^1/2 + DJ) / 2 + PE
    Total System Jitter     (TSJ):    0.050ns
    Total Input Jitter      (TIJ):    0.000ns
    Discrete Jitter          (DJ):    0.000ns
    Phase Error              (PE):    0.000ns

    Location             Delay type                Incr(ns)  Path(ns)    Netlist Resource(s)
  -------------------------------------------------------------------    -------------------
    W17                                               0.000     0.000 f  data_in_1[1] (IN)
                         net (fo=0)                   0.000     0.000    data_in_1[1]
    W17                  IBUF (Prop_ibuf_I_O)         0.933     0.933 f  data_in_1_IBUF[1]_inst/O
                         net (fo=2, routed)           1.627     2.561    data_in_1_IBUF[1]
    SLICE_X0Y20          LUT1 (Prop_lut1_I0_O)        0.124     2.685 r  data_mult_ext_p2_reg_i_10/O
                         net (fo=1, routed)           0.000     2.685    data_mult_ext_p2_reg_i_10_n_0
    SLICE_X0Y20          CARRY4 (Prop_carry4_S[2]_CO[3])
                                                      0.398     3.083 r  data_mult_ext_p2_reg_i_4/CO[3]
                         net (fo=1, routed)           0.000     3.083    data_mult_ext_p2_reg_i_4_n_0
    SLICE_X0Y21          CARRY4 (Prop_carry4_CI_O[0])
                                                      0.222     3.305 r  data_mult_ext_p2_reg_i_3/O[0]
                         net (fo=1, routed)           0.923     4.228    data_mult_ext_p2_reg_i_3_n_7
    DSP48_X0Y8           DSP48E1                                      r  data_mult_ext_p2_reg/A[21]
  -------------------------------------------------------------------    -------------------

                         (clock clk_pin_p rise edge)
                                                      0.000     0.000 r  
    M18                                               0.000     0.000 r  clk (IN)
                         net (fo=0)                   0.000     0.000    clk
    M18                  IBUF (Prop_ibuf_I_O)         0.805     0.805 r  clk_IBUF_inst/O
                         net (fo=1, routed)           1.868     2.673    clk_IBUF
    BUFGCTRL_X0Y0        BUFG (Prop_bufg_I_O)         0.091     2.764 r  clk_IBUF_BUFG_inst/O
                         net (fo=57, routed)          1.529     4.293    clk_IBUF_BUFG
    DSP48_X0Y8           DSP48E1                                      r  data_mult_ext_p2_reg/CLK

Slack:                    inf
  Source:                 data_in_1[1]
                            (input port)
  Destination:            data_mult_ext_p2_reg/A[22]
                            (rising edge-triggered cell DSP48E1 clocked by clk_pin_p  {rise@0.000ns fall@12.500ns period=25.000ns})
  Path Group:             (none)
  Path Type:              Setup (Max at Slow Process Corner)
  Data Path Delay:        4.220ns  (logic 1.789ns (42.406%)  route 2.430ns (57.594%))
  Logic Levels:           4  (CARRY4=2 IBUF=1 LUT1=1)
  Clock Path Skew:        4.293ns (DCD - SCD + CPR)
    Destination Clock Delay (DCD):    4.293ns
    Source Clock Delay      (SCD):    0.000ns
    Clock Pessimism Removal (CPR):    0.000ns
  Clock Uncertainty:      0.025ns  ((TSJ^2 + TIJ^2)^1/2 + DJ) / 2 + PE
    Total System Jitter     (TSJ):    0.050ns
    Total Input Jitter      (TIJ):    0.000ns
    Discrete Jitter          (DJ):    0.000ns
    Phase Error              (PE):    0.000ns

    Location             Delay type                Incr(ns)  Path(ns)    Netlist Resource(s)
  -------------------------------------------------------------------    -------------------
    W17                                               0.000     0.000 f  data_in_1[1] (IN)
                         net (fo=0)                   0.000     0.000    data_in_1[1]
    W17                  IBUF (Prop_ibuf_I_O)         0.933     0.933 f  data_in_1_IBUF[1]_inst/O
                         net (fo=2, routed)           1.627     2.561    data_in_1_IBUF[1]
    SLICE_X0Y20          LUT1 (Prop_lut1_I0_O)        0.124     2.685 r  data_mult_ext_p2_reg_i_10/O
                         net (fo=1, routed)           0.000     2.685    data_mult_ext_p2_reg_i_10_n_0
    SLICE_X0Y20          CARRY4 (Prop_carry4_S[2]_CO[3])
                                                      0.398     3.083 r  data_mult_ext_p2_reg_i_4/CO[3]
                         net (fo=1, routed)           0.000     3.083    data_mult_ext_p2_reg_i_4_n_0
    SLICE_X0Y21          CARRY4 (Prop_carry4_CI_O[1])
                                                      0.334     3.417 r  data_mult_ext_p2_reg_i_3/O[1]
                         net (fo=1, routed)           0.803     4.220    data_mult_ext_p2_reg_i_3_n_6
    DSP48_X0Y8           DSP48E1                                      r  data_mult_ext_p2_reg/A[22]
  -------------------------------------------------------------------    -------------------

                         (clock clk_pin_p rise edge)
                                                      0.000     0.000 r  
    M18                                               0.000     0.000 r  clk (IN)
                         net (fo=0)                   0.000     0.000    clk
    M18                  IBUF (Prop_ibuf_I_O)         0.805     0.805 r  clk_IBUF_inst/O
                         net (fo=1, routed)           1.868     2.673    clk_IBUF
    BUFGCTRL_X0Y0        BUFG (Prop_bufg_I_O)         0.091     2.764 r  clk_IBUF_BUFG_inst/O
                         net (fo=57, routed)          1.529     4.293    clk_IBUF_BUFG
    DSP48_X0Y8           DSP48E1                                      r  data_mult_ext_p2_reg/CLK

Slack:                    inf
  Source:                 rst
                            (input port)
  Destination:            data_mult_ext_p20[-1111111111]/CE
                            (rising edge-triggered cell FDRE clocked by clk_pin_p  {rise@0.000ns fall@12.500ns period=25.000ns})
  Path Group:             (none)
  Path Type:              Setup (Max at Slow Process Corner)
  Data Path Delay:        4.181ns  (logic 1.091ns (26.093%)  route 3.090ns (73.907%))
  Logic Levels:           2  (IBUF=1 LUT2=1)
  Clock Path Skew:        4.271ns (DCD - SCD + CPR)
    Destination Clock Delay (DCD):    4.271ns
    Source Clock Delay      (SCD):    0.000ns
    Clock Pessimism Removal (CPR):    0.000ns
  Clock Uncertainty:      0.025ns  ((TSJ^2 + TIJ^2)^1/2 + DJ) / 2 + PE
    Total System Jitter     (TSJ):    0.050ns
    Total Input Jitter      (TIJ):    0.000ns
    Discrete Jitter          (DJ):    0.000ns
    Phase Error              (PE):    0.000ns

    Location             Delay type                Incr(ns)  Path(ns)    Netlist Resource(s)
  -------------------------------------------------------------------    -------------------
    K17                                               0.000     0.000 f  rst (IN)
                         net (fo=0)                   0.000     0.000    rst
    K17                  IBUF (Prop_ibuf_I_O)         0.967     0.967 f  rst_IBUF_inst/O
                         net (fo=5, routed)           1.592     2.559    rst_IBUF
    SLICE_X6Y24          LUT2 (Prop_lut2_I1_O)        0.124     2.683 r  data_mult_ext_p2_reg_i_1/O
                         net (fo=13, routed)          1.498     4.181    data_mult_ext_p2_reg_i_1_n_0
    SLICE_X0Y21          FDRE                                         r  data_mult_ext_p20[-1111111111]/CE
  -------------------------------------------------------------------    -------------------

                         (clock clk_pin_p rise edge)
                                                      0.000     0.000 r  
    M18                                               0.000     0.000 r  clk (IN)
                         net (fo=0)                   0.000     0.000    clk
    M18                  IBUF (Prop_ibuf_I_O)         0.805     0.805 r  clk_IBUF_inst/O
                         net (fo=1, routed)           1.868     2.673    clk_IBUF
    BUFGCTRL_X0Y0        BUFG (Prop_bufg_I_O)         0.091     2.764 r  clk_IBUF_BUFG_inst/O
                         net (fo=57, routed)          1.507     4.271    clk_IBUF_BUFG
    SLICE_X0Y21          FDRE                                         r  data_mult_ext_p20[-1111111111]/C

Slack:                    inf
  Source:                 data_in_1[3]
                            (input port)
  Destination:            data_mult_ext_p2_reg/A[23]
                            (rising edge-triggered cell DSP48E1 clocked by clk_pin_p  {rise@0.000ns fall@12.500ns period=25.000ns})
  Path Group:             (none)
  Path Type:              Setup (Max at Slow Process Corner)
  Data Path Delay:        4.177ns  (logic 1.609ns (38.518%)  route 2.568ns (61.482%))
  Logic Levels:           3  (CARRY4=1 IBUF=1 LUT1=1)
  Clock Path Skew:        4.293ns (DCD - SCD + CPR)
    Destination Clock Delay (DCD):    4.293ns
    Source Clock Delay      (SCD):    0.000ns
    Clock Pessimism Removal (CPR):    0.000ns
  Clock Uncertainty:      0.025ns  ((TSJ^2 + TIJ^2)^1/2 + DJ) / 2 + PE
    Total System Jitter     (TSJ):    0.050ns
    Total Input Jitter      (TIJ):    0.000ns
    Discrete Jitter          (DJ):    0.000ns
    Phase Error              (PE):    0.000ns

    Location             Delay type                Incr(ns)  Path(ns)    Netlist Resource(s)
  -------------------------------------------------------------------    -------------------
    V17                                               0.000     0.000 f  data_in_1[3] (IN)
                         net (fo=0)                   0.000     0.000    data_in_1[3]
    V17                  IBUF (Prop_ibuf_I_O)         0.938     0.938 f  data_in_1_IBUF[3]_inst/O
                         net (fo=2, routed)           1.787     2.724    data_in_1_IBUF[3]
    SLICE_X0Y21          LUT1 (Prop_lut1_I0_O)        0.124     2.848 r  data_mult_ext_p2_reg_i_8/O
                         net (fo=1, routed)           0.000     2.848    data_mult_ext_p2_reg_i_8_n_0
    SLICE_X0Y21          CARRY4 (Prop_carry4_S[0]_O[2])
                                                      0.547     3.395 r  data_mult_ext_p2_reg_i_3/O[2]
                         net (fo=1, routed)           0.781     4.177    data_mult_ext_p2_reg_i_3_n_5
    DSP48_X0Y8           DSP48E1                                      r  data_mult_ext_p2_reg/A[23]
  -------------------------------------------------------------------    -------------------

                         (clock clk_pin_p rise edge)
                                                      0.000     0.000 r  
    M18                                               0.000     0.000 r  clk (IN)
                         net (fo=0)                   0.000     0.000    clk
    M18                  IBUF (Prop_ibuf_I_O)         0.805     0.805 r  clk_IBUF_inst/O
                         net (fo=1, routed)           1.868     2.673    clk_IBUF
    BUFGCTRL_X0Y0        BUFG (Prop_bufg_I_O)         0.091     2.764 r  clk_IBUF_BUFG_inst/O
                         net (fo=57, routed)          1.529     4.293    clk_IBUF_BUFG
    DSP48_X0Y8           DSP48E1                                      r  data_mult_ext_p2_reg/CLK

Slack:                    inf
  Source:                 rst
                            (input port)
  Destination:            data_out_2_p3_reg[12]/CE
                            (rising edge-triggered cell FDRE clocked by clk_pin_p  {rise@0.000ns fall@12.500ns period=25.000ns})
  Path Group:             (none)
  Path Type:              Setup (Max at Slow Process Corner)
  Data Path Delay:        4.154ns  (logic 1.113ns (26.794%)  route 3.041ns (73.206%))
  Logic Levels:           2  (IBUF=1 LUT2=1)
  Clock Path Skew:        4.203ns (DCD - SCD + CPR)
    Destination Clock Delay (DCD):    4.203ns
    Source Clock Delay      (SCD):    0.000ns
    Clock Pessimism Removal (CPR):    0.000ns
  Clock Uncertainty:      0.025ns  ((TSJ^2 + TIJ^2)^1/2 + DJ) / 2 + PE
    Total System Jitter     (TSJ):    0.050ns
    Total Input Jitter      (TIJ):    0.000ns
    Discrete Jitter          (DJ):    0.000ns
    Phase Error              (PE):    0.000ns

    Location             Delay type                Incr(ns)  Path(ns)    Netlist Resource(s)
  -------------------------------------------------------------------    -------------------
    K17                                               0.000     0.000 f  rst (IN)
                         net (fo=0)                   0.000     0.000    rst
    K17                  IBUF (Prop_ibuf_I_O)         0.967     0.967 f  rst_IBUF_inst/O
                         net (fo=5, routed)           1.592     2.559    rst_IBUF
    SLICE_X6Y24          LUT2 (Prop_lut2_I1_O)        0.146     2.705 r  data_out_1_p3[15]_i_1/O
                         net (fo=32, routed)          1.449     4.154    data_out_1_p3[15]_i_1_n_0
    SLICE_X13Y29         FDRE                                         r  data_out_2_p3_reg[12]/CE
  -------------------------------------------------------------------    -------------------

                         (clock clk_pin_p rise edge)
                                                      0.000     0.000 r  
    M18                                               0.000     0.000 r  clk (IN)
                         net (fo=0)                   0.000     0.000    clk
    M18                  IBUF (Prop_ibuf_I_O)         0.805     0.805 r  clk_IBUF_inst/O
                         net (fo=1, routed)           1.868     2.673    clk_IBUF
    BUFGCTRL_X0Y0        BUFG (Prop_bufg_I_O)         0.091     2.764 r  clk_IBUF_BUFG_inst/O
                         net (fo=57, routed)          1.439     4.203    clk_IBUF_BUFG
    SLICE_X13Y29         FDRE                                         r  data_out_2_p3_reg[12]/C

Slack:                    inf
  Source:                 data_in_1[0]
                            (input port)
  Destination:            data_mult_ext_p2_reg/A[20]
                            (rising edge-triggered cell DSP48E1 clocked by clk_pin_p  {rise@0.000ns fall@12.500ns period=25.000ns})
  Path Group:             (none)
  Path Type:              Setup (Max at Slow Process Corner)
  Data Path Delay:        4.150ns  (logic 1.715ns (41.329%)  route 2.435ns (58.671%))
  Logic Levels:           3  (CARRY4=1 IBUF=1 LUT1=1)
  Clock Path Skew:        4.293ns (DCD - SCD + CPR)
    Destination Clock Delay (DCD):    4.293ns
    Source Clock Delay      (SCD):    0.000ns
    Clock Pessimism Removal (CPR):    0.000ns
  Clock Uncertainty:      0.025ns  ((TSJ^2 + TIJ^2)^1/2 + DJ) / 2 + PE
    Total System Jitter     (TSJ):    0.050ns
    Total Input Jitter      (TIJ):    0.000ns
    Discrete Jitter          (DJ):    0.000ns
    Phase Error              (PE):    0.000ns

    Location             Delay type                Incr(ns)  Path(ns)    Netlist Resource(s)
  -------------------------------------------------------------------    -------------------
    V15                                               0.000     0.000 f  data_in_1[0] (IN)
                         net (fo=0)                   0.000     0.000    data_in_1[0]
    V15                  IBUF (Prop_ibuf_I_O)         0.951     0.951 f  data_in_1_IBUF[0]_inst/O
                         net (fo=2, routed)           1.457     2.408    data_in_1_IBUF[0]
    SLICE_X0Y20          LUT1 (Prop_lut1_I0_O)        0.124     2.532 r  data_mult_ext_p2_reg_i_11/O
                         net (fo=1, routed)           0.000     2.532    data_mult_ext_p2_reg_i_11_n_0
    SLICE_X0Y20          CARRY4 (Prop_carry4_S[1]_O[3])
                                                      0.640     3.172 r  data_mult_ext_p2_reg_i_4/O[3]
                         net (fo=1, routed)           0.977     4.150    data_mult_ext_p2_reg_i_4_n_4
    DSP48_X0Y8           DSP48E1                                      r  data_mult_ext_p2_reg/A[20]
  -------------------------------------------------------------------    -------------------

                         (clock clk_pin_p rise edge)
                                                      0.000     0.000 r  
    M18                                               0.000     0.000 r  clk (IN)
                         net (fo=0)                   0.000     0.000    clk
    M18                  IBUF (Prop_ibuf_I_O)         0.805     0.805 r  clk_IBUF_inst/O
                         net (fo=1, routed)           1.868     2.673    clk_IBUF
    BUFGCTRL_X0Y0        BUFG (Prop_bufg_I_O)         0.091     2.764 r  clk_IBUF_BUFG_inst/O
                         net (fo=57, routed)          1.529     4.293    clk_IBUF_BUFG
    DSP48_X0Y8           DSP48E1                                      r  data_mult_ext_p2_reg/CLK

Slack:                    inf
  Source:                 data_in_1[0]
                            (input port)
  Destination:            data_mult_ext_p2_reg/A[19]
                            (rising edge-triggered cell DSP48E1 clocked by clk_pin_p  {rise@0.000ns fall@12.500ns period=25.000ns})
  Path Group:             (none)
  Path Type:              Setup (Max at Slow Process Corner)
  Data Path Delay:        4.139ns  (logic 1.655ns (39.991%)  route 2.484ns (60.009%))
  Logic Levels:           3  (CARRY4=1 IBUF=1 LUT1=1)
  Clock Path Skew:        4.293ns (DCD - SCD + CPR)
    Destination Clock Delay (DCD):    4.293ns
    Source Clock Delay      (SCD):    0.000ns
    Clock Pessimism Removal (CPR):    0.000ns
  Clock Uncertainty:      0.025ns  ((TSJ^2 + TIJ^2)^1/2 + DJ) / 2 + PE
    Total System Jitter     (TSJ):    0.050ns
    Total Input Jitter      (TIJ):    0.000ns
    Discrete Jitter          (DJ):    0.000ns
    Phase Error              (PE):    0.000ns

    Location             Delay type                Incr(ns)  Path(ns)    Netlist Resource(s)
  -------------------------------------------------------------------    -------------------
    V15                                               0.000     0.000 f  data_in_1[0] (IN)
                         net (fo=0)                   0.000     0.000    data_in_1[0]
    V15                  IBUF (Prop_ibuf_I_O)         0.951     0.951 f  data_in_1_IBUF[0]_inst/O
                         net (fo=2, routed)           1.457     2.408    data_in_1_IBUF[0]
    SLICE_X0Y20          LUT1 (Prop_lut1_I0_O)        0.124     2.532 r  data_mult_ext_p2_reg_i_11/O
                         net (fo=1, routed)           0.000     2.532    data_mult_ext_p2_reg_i_11_n_0
    SLICE_X0Y20          CARRY4 (Prop_carry4_S[1]_O[2])
                                                      0.580     3.112 r  data_mult_ext_p2_reg_i_4/O[2]
                         net (fo=1, routed)           1.026     4.139    data_mult_ext_p2_reg_i_4_n_5
    DSP48_X0Y8           DSP48E1                                      r  data_mult_ext_p2_reg/A[19]
  -------------------------------------------------------------------    -------------------

                         (clock clk_pin_p rise edge)
                                                      0.000     0.000 r  
    M18                                               0.000     0.000 r  clk (IN)
                         net (fo=0)                   0.000     0.000    clk
    M18                  IBUF (Prop_ibuf_I_O)         0.805     0.805 r  clk_IBUF_inst/O
                         net (fo=1, routed)           1.868     2.673    clk_IBUF
    BUFGCTRL_X0Y0        BUFG (Prop_bufg_I_O)         0.091     2.764 r  clk_IBUF_BUFG_inst/O
                         net (fo=57, routed)          1.529     4.293    clk_IBUF_BUFG
    DSP48_X0Y8           DSP48E1                                      r  data_mult_ext_p2_reg/CLK

Slack:                    inf
  Source:                 rst
                            (input port)
  Destination:            data_out_2_p3_reg[0]/CE
                            (rising edge-triggered cell FDRE clocked by clk_pin_p  {rise@0.000ns fall@12.500ns period=25.000ns})
  Path Group:             (none)
  Path Type:              Setup (Max at Slow Process Corner)
  Data Path Delay:        3.984ns  (logic 1.113ns (27.935%)  route 2.871ns (72.065%))
  Logic Levels:           2  (IBUF=1 LUT2=1)
  Clock Path Skew:        4.203ns (DCD - SCD + CPR)
    Destination Clock Delay (DCD):    4.203ns
    Source Clock Delay      (SCD):    0.000ns
    Clock Pessimism Removal (CPR):    0.000ns
  Clock Uncertainty:      0.025ns  ((TSJ^2 + TIJ^2)^1/2 + DJ) / 2 + PE
    Total System Jitter     (TSJ):    0.050ns
    Total Input Jitter      (TIJ):    0.000ns
    Discrete Jitter          (DJ):    0.000ns
    Phase Error              (PE):    0.000ns

    Location             Delay type                Incr(ns)  Path(ns)    Netlist Resource(s)
  -------------------------------------------------------------------    -------------------
    K17                                               0.000     0.000 f  rst (IN)
                         net (fo=0)                   0.000     0.000    rst
    K17                  IBUF (Prop_ibuf_I_O)         0.967     0.967 f  rst_IBUF_inst/O
                         net (fo=5, routed)           1.592     2.559    rst_IBUF
    SLICE_X6Y24          LUT2 (Prop_lut2_I1_O)        0.146     2.705 r  data_out_1_p3[15]_i_1/O
                         net (fo=32, routed)          1.279     3.984    data_out_1_p3[15]_i_1_n_0
    SLICE_X12Y20         FDRE                                         r  data_out_2_p3_reg[0]/CE
  -------------------------------------------------------------------    -------------------

                         (clock clk_pin_p rise edge)
                                                      0.000     0.000 r  
    M18                                               0.000     0.000 r  clk (IN)
                         net (fo=0)                   0.000     0.000    clk
    M18                  IBUF (Prop_ibuf_I_O)         0.805     0.805 r  clk_IBUF_inst/O
                         net (fo=1, routed)           1.868     2.673    clk_IBUF
    BUFGCTRL_X0Y0        BUFG (Prop_bufg_I_O)         0.091     2.764 r  clk_IBUF_BUFG_inst/O
                         net (fo=57, routed)          1.439     4.203    clk_IBUF_BUFG
    SLICE_X12Y20         FDRE                                         r  data_out_2_p3_reg[0]/C

Slack:                    inf
  Source:                 rst
                            (input port)
  Destination:            data_out_2_p3_reg[1]/CE
                            (rising edge-triggered cell FDRE clocked by clk_pin_p  {rise@0.000ns fall@12.500ns period=25.000ns})
  Path Group:             (none)
  Path Type:              Setup (Max at Slow Process Corner)
  Data Path Delay:        3.984ns  (logic 1.113ns (27.935%)  route 2.871ns (72.065%))
  Logic Levels:           2  (IBUF=1 LUT2=1)
  Clock Path Skew:        4.203ns (DCD - SCD + CPR)
    Destination Clock Delay (DCD):    4.203ns
    Source Clock Delay      (SCD):    0.000ns
    Clock Pessimism Removal (CPR):    0.000ns
  Clock Uncertainty:      0.025ns  ((TSJ^2 + TIJ^2)^1/2 + DJ) / 2 + PE
    Total System Jitter     (TSJ):    0.050ns
    Total Input Jitter      (TIJ):    0.000ns
    Discrete Jitter          (DJ):    0.000ns
    Phase Error              (PE):    0.000ns

    Location             Delay type                Incr(ns)  Path(ns)    Netlist Resource(s)
  -------------------------------------------------------------------    -------------------
    K17                                               0.000     0.000 f  rst (IN)
                         net (fo=0)                   0.000     0.000    rst
    K17                  IBUF (Prop_ibuf_I_O)         0.967     0.967 f  rst_IBUF_inst/O
                         net (fo=5, routed)           1.592     2.559    rst_IBUF
    SLICE_X6Y24          LUT2 (Prop_lut2_I1_O)        0.146     2.705 r  data_out_1_p3[15]_i_1/O
                         net (fo=32, routed)          1.279     3.984    data_out_1_p3[15]_i_1_n_0
    SLICE_X12Y20         FDRE                                         r  data_out_2_p3_reg[1]/CE
  -------------------------------------------------------------------    -------------------

                         (clock clk_pin_p rise edge)
                                                      0.000     0.000 r  
    M18                                               0.000     0.000 r  clk (IN)
                         net (fo=0)                   0.000     0.000    clk
    M18                  IBUF (Prop_ibuf_I_O)         0.805     0.805 r  clk_IBUF_inst/O
                         net (fo=1, routed)           1.868     2.673    clk_IBUF
    BUFGCTRL_X0Y0        BUFG (Prop_bufg_I_O)         0.091     2.764 r  clk_IBUF_BUFG_inst/O
                         net (fo=57, routed)          1.439     4.203    clk_IBUF_BUFG
    SLICE_X12Y20         FDRE                                         r  data_out_2_p3_reg[1]/C

Slack:                    inf
  Source:                 rst
                            (input port)
  Destination:            data_out_2_p3_reg[2]/CE
                            (rising edge-triggered cell FDRE clocked by clk_pin_p  {rise@0.000ns fall@12.500ns period=25.000ns})
  Path Group:             (none)
  Path Type:              Setup (Max at Slow Process Corner)
  Data Path Delay:        3.984ns  (logic 1.113ns (27.935%)  route 2.871ns (72.065%))
  Logic Levels:           2  (IBUF=1 LUT2=1)
  Clock Path Skew:        4.203ns (DCD - SCD + CPR)
    Destination Clock Delay (DCD):    4.203ns
    Source Clock Delay      (SCD):    0.000ns
    Clock Pessimism Removal (CPR):    0.000ns
  Clock Uncertainty:      0.025ns  ((TSJ^2 + TIJ^2)^1/2 + DJ) / 2 + PE
    Total System Jitter     (TSJ):    0.050ns
    Total Input Jitter      (TIJ):    0.000ns
    Discrete Jitter          (DJ):    0.000ns
    Phase Error              (PE):    0.000ns

    Location             Delay type                Incr(ns)  Path(ns)    Netlist Resource(s)
  -------------------------------------------------------------------    -------------------
    K17                                               0.000     0.000 f  rst (IN)
                         net (fo=0)                   0.000     0.000    rst
    K17                  IBUF (Prop_ibuf_I_O)         0.967     0.967 f  rst_IBUF_inst/O
                         net (fo=5, routed)           1.592     2.559    rst_IBUF
    SLICE_X6Y24          LUT2 (Prop_lut2_I1_O)        0.146     2.705 r  data_out_1_p3[15]_i_1/O
                         net (fo=32, routed)          1.279     3.984    data_out_1_p3[15]_i_1_n_0
    SLICE_X12Y20         FDRE                                         r  data_out_2_p3_reg[2]/CE
  -------------------------------------------------------------------    -------------------

                         (clock clk_pin_p rise edge)
                                                      0.000     0.000 r  
    M18                                               0.000     0.000 r  clk (IN)
                         net (fo=0)                   0.000     0.000    clk
    M18                  IBUF (Prop_ibuf_I_O)         0.805     0.805 r  clk_IBUF_inst/O
                         net (fo=1, routed)           1.868     2.673    clk_IBUF
    BUFGCTRL_X0Y0        BUFG (Prop_bufg_I_O)         0.091     2.764 r  clk_IBUF_BUFG_inst/O
                         net (fo=57, routed)          1.439     4.203    clk_IBUF_BUFG
    SLICE_X12Y20         FDRE                                         r  data_out_2_p3_reg[2]/C





Min Delay Paths
--------------------------------------------------------------------------------------
Slack:                    inf
  Source:                 rst
                            (input port)
  Destination:            data_valid_p1_reg/R
                            (rising edge-triggered cell FDRE clocked by clk_pin_p  {rise@0.000ns fall@12.500ns period=25.000ns})
  Path Group:             (none)
  Path Type:              Hold (Min at Fast Process Corner)
  Data Path Delay:        0.630ns  (logic 0.196ns (31.078%)  route 0.434ns (68.922%))
  Logic Levels:           1  (IBUF=1)
  Clock Path Skew:        1.921ns (DCD - SCD - CPR)
    Destination Clock Delay (DCD):    1.921ns
    Source Clock Delay      (SCD):    0.000ns
    Clock Pessimism Removal (CPR):    -0.000ns

    Location             Delay type                Incr(ns)  Path(ns)    Netlist Resource(s)
  -------------------------------------------------------------------    -------------------
    K17                                               0.000     0.000 r  rst (IN)
                         net (fo=0)                   0.000     0.000    rst
    K17                  IBUF (Prop_ibuf_I_O)         0.196     0.196 r  rst_IBUF_inst/O
                         net (fo=5, routed)           0.434     0.630    rst_IBUF
    SLICE_X6Y25          FDRE                                         r  data_valid_p1_reg/R
  -------------------------------------------------------------------    -------------------

                         (clock clk_pin_p rise edge)
                                                      0.000     0.000 r  
    M18                                               0.000     0.000 r  clk (IN)
                         net (fo=0)                   0.000     0.000    clk
    M18                  IBUF (Prop_ibuf_I_O)         0.356     0.356 r  clk_IBUF_inst/O
                         net (fo=1, routed)           0.689     1.044    clk_IBUF
    BUFGCTRL_X0Y0        BUFG (Prop_bufg_I_O)         0.029     1.073 r  clk_IBUF_BUFG_inst/O
                         net (fo=57, routed)          0.848     1.921    clk_IBUF_BUFG
    SLICE_X6Y25          FDRE                                         r  data_valid_p1_reg/C

Slack:                    inf
  Source:                 rst
                            (input port)
  Destination:            data_valid_p3_reg/R
                            (rising edge-triggered cell FDRE clocked by clk_pin_p  {rise@0.000ns fall@12.500ns period=25.000ns})
  Path Group:             (none)
  Path Type:              Hold (Min at Fast Process Corner)
  Data Path Delay:        0.630ns  (logic 0.196ns (31.078%)  route 0.434ns (68.922%))
  Logic Levels:           1  (IBUF=1)
  Clock Path Skew:        1.921ns (DCD - SCD - CPR)
    Destination Clock Delay (DCD):    1.921ns
    Source Clock Delay      (SCD):    0.000ns
    Clock Pessimism Removal (CPR):    -0.000ns

    Location             Delay type                Incr(ns)  Path(ns)    Netlist Resource(s)
  -------------------------------------------------------------------    -------------------
    K17                                               0.000     0.000 r  rst (IN)
                         net (fo=0)                   0.000     0.000    rst
    K17                  IBUF (Prop_ibuf_I_O)         0.196     0.196 r  rst_IBUF_inst/O
                         net (fo=5, routed)           0.434     0.630    rst_IBUF
    SLICE_X6Y25          FDRE                                         r  data_valid_p3_reg/R
  -------------------------------------------------------------------    -------------------

                         (clock clk_pin_p rise edge)
                                                      0.000     0.000 r  
    M18                                               0.000     0.000 r  clk (IN)
                         net (fo=0)                   0.000     0.000    clk
    M18                  IBUF (Prop_ibuf_I_O)         0.356     0.356 r  clk_IBUF_inst/O
                         net (fo=1, routed)           0.689     1.044    clk_IBUF
    BUFGCTRL_X0Y0        BUFG (Prop_bufg_I_O)         0.029     1.073 r  clk_IBUF_BUFG_inst/O
                         net (fo=57, routed)          0.848     1.921    clk_IBUF_BUFG
    SLICE_X6Y25          FDRE                                         r  data_valid_p3_reg/C

Slack:                    inf
  Source:                 in_valid
                            (input port)
  Destination:            data_valid_p1_reg/D
                            (rising edge-triggered cell FDRE clocked by clk_pin_p  {rise@0.000ns fall@12.500ns period=25.000ns})
  Path Group:             (none)
  Path Type:              Hold (Min at Fast Process Corner)
  Data Path Delay:        0.654ns  (logic 0.152ns (23.206%)  route 0.503ns (76.794%))
  Logic Levels:           1  (IBUF=1)
  Clock Path Skew:        1.921ns (DCD - SCD - CPR)
    Destination Clock Delay (DCD):    1.921ns
    Source Clock Delay      (SCD):    0.000ns
    Clock Pessimism Removal (CPR):    -0.000ns

    Location             Delay type                Incr(ns)  Path(ns)    Netlist Resource(s)
  -------------------------------------------------------------------    -------------------
    N17                                               0.000     0.000 r  in_valid (IN)
                         net (fo=0)                   0.000     0.000    in_valid
    N17                  IBUF (Prop_ibuf_I_O)         0.152     0.152 r  in_valid_IBUF_inst/O
                         net (fo=2, routed)           0.503     0.654    in_valid_IBUF
    SLICE_X6Y25          FDRE                                         r  data_valid_p1_reg/D
  -------------------------------------------------------------------    -------------------

                         (clock clk_pin_p rise edge)
                                                      0.000     0.000 r  
    M18                                               0.000     0.000 r  clk (IN)
                         net (fo=0)                   0.000     0.000    clk
    M18                  IBUF (Prop_ibuf_I_O)         0.356     0.356 r  clk_IBUF_inst/O
                         net (fo=1, routed)           0.689     1.044    clk_IBUF
    BUFGCTRL_X0Y0        BUFG (Prop_bufg_I_O)         0.029     1.073 r  clk_IBUF_BUFG_inst/O
                         net (fo=57, routed)          0.848     1.921    clk_IBUF_BUFG
    SLICE_X6Y25          FDRE                                         r  data_valid_p1_reg/C

Slack:                    inf
  Source:                 data_in_2[3]
                            (input port)
  Destination:            data_mult_ext_p2_reg/A[3]
                            (rising edge-triggered cell DSP48E1 clocked by clk_pin_p  {rise@0.000ns fall@12.500ns period=25.000ns})
  Path Group:             (none)
  Path Type:              Hold (Min at Fast Process Corner)
  Data Path Delay:        0.741ns  (logic 0.168ns (22.709%)  route 0.573ns (77.291%))
  Logic Levels:           1  (IBUF=1)
  Clock Path Skew:        1.987ns (DCD - SCD - CPR)
    Destination Clock Delay (DCD):    1.987ns
    Source Clock Delay      (SCD):    0.000ns
    Clock Pessimism Removal (CPR):    -0.000ns

    Location             Delay type                Incr(ns)  Path(ns)    Netlist Resource(s)
  -------------------------------------------------------------------    -------------------
    V19                                               0.000     0.000 r  data_in_2[3] (IN)
                         net (fo=0)                   0.000     0.000    data_in_2[3]
    V19                  IBUF (Prop_ibuf_I_O)         0.168     0.168 r  data_in_2_IBUF[3]_inst/O
                         net (fo=1, routed)           0.573     0.741    data_in_2_IBUF[3]
    DSP48_X0Y8           DSP48E1                                      r  data_mult_ext_p2_reg/A[3]
  -------------------------------------------------------------------    -------------------

                         (clock clk_pin_p rise edge)
                                                      0.000     0.000 r  
    M18                                               0.000     0.000 r  clk (IN)
                         net (fo=0)                   0.000     0.000    clk
    M18                  IBUF (Prop_ibuf_I_O)         0.356     0.356 r  clk_IBUF_inst/O
                         net (fo=1, routed)           0.689     1.044    clk_IBUF
    BUFGCTRL_X0Y0        BUFG (Prop_bufg_I_O)         0.029     1.073 r  clk_IBUF_BUFG_inst/O
                         net (fo=57, routed)          0.913     1.987    clk_IBUF_BUFG
    DSP48_X0Y8           DSP48E1                                      r  data_mult_ext_p2_reg/CLK

Slack:                    inf
  Source:                 data_in_1[5]
                            (input port)
  Destination:            data_mult_ext_p20[-1111111111]/D
                            (rising edge-triggered cell FDRE clocked by clk_pin_p  {rise@0.000ns fall@12.500ns period=25.000ns})
  Path Group:             (none)
  Path Type:              Hold (Min at Fast Process Corner)
  Data Path Delay:        0.783ns  (logic 0.283ns (36.087%)  route 0.500ns (63.913%))
  Logic Levels:           2  (CARRY4=1 IBUF=1)
  Clock Path Skew:        1.927ns (DCD - SCD - CPR)
    Destination Clock Delay (DCD):    1.927ns
    Source Clock Delay      (SCD):    0.000ns
    Clock Pessimism Removal (CPR):    -0.000ns

    Location             Delay type                Incr(ns)  Path(ns)    Netlist Resource(s)
  -------------------------------------------------------------------    -------------------
    U18                                               0.000     0.000 r  data_in_1[5] (IN)
                         net (fo=0)                   0.000     0.000    data_in_1[5]
    U18                  IBUF (Prop_ibuf_I_O)         0.156     0.156 r  data_in_1_IBUF[5]_inst/O
                         net (fo=2, routed)           0.500     0.656    data_in_1_IBUF[5]
    SLICE_X0Y21          CARRY4 (Prop_carry4_DI[2]_O[3])
                                                      0.127     0.783 r  data_mult_ext_p2_reg_i_3/O[3]
                         net (fo=1, routed)           0.000     0.783    B[0]
    SLICE_X0Y21          FDRE                                         r  data_mult_ext_p20[-1111111111]/D
  -------------------------------------------------------------------    -------------------

                         (clock clk_pin_p rise edge)
                                                      0.000     0.000 r  
    M18                                               0.000     0.000 r  clk (IN)
                         net (fo=0)                   0.000     0.000    clk
    M18                  IBUF (Prop_ibuf_I_O)         0.356     0.356 r  clk_IBUF_inst/O
                         net (fo=1, routed)           0.689     1.044    clk_IBUF
    BUFGCTRL_X0Y0        BUFG (Prop_bufg_I_O)         0.029     1.073 r  clk_IBUF_BUFG_inst/O
                         net (fo=57, routed)          0.854     1.927    clk_IBUF_BUFG
    SLICE_X0Y21          FDRE                                         r  data_mult_ext_p20[-1111111111]/C

Slack:                    inf
  Source:                 data_in_2[5]
                            (input port)
  Destination:            data_mult_ext_p2_reg/A[5]
                            (rising edge-triggered cell DSP48E1 clocked by clk_pin_p  {rise@0.000ns fall@12.500ns period=25.000ns})
  Path Group:             (none)
  Path Type:              Hold (Min at Fast Process Corner)
  Data Path Delay:        0.790ns  (logic 0.160ns (20.236%)  route 0.630ns (79.763%))
  Logic Levels:           1  (IBUF=1)
  Clock Path Skew:        1.987ns (DCD - SCD - CPR)
    Destination Clock Delay (DCD):    1.987ns
    Source Clock Delay      (SCD):    0.000ns
    Clock Pessimism Removal (CPR):    -0.000ns

    Location             Delay type                Incr(ns)  Path(ns)    Netlist Resource(s)
  -------------------------------------------------------------------    -------------------
    R18                                               0.000     0.000 r  data_in_2[5] (IN)
                         net (fo=0)                   0.000     0.000    data_in_2[5]
    R18                  IBUF (Prop_ibuf_I_O)         0.160     0.160 r  data_in_2_IBUF[5]_inst/O
                         net (fo=1, routed)           0.630     0.790    data_in_2_IBUF[5]
    DSP48_X0Y8           DSP48E1                                      r  data_mult_ext_p2_reg/A[5]
  -------------------------------------------------------------------    -------------------

                         (clock clk_pin_p rise edge)
                                                      0.000     0.000 r  
    M18                                               0.000     0.000 r  clk (IN)
                         net (fo=0)                   0.000     0.000    clk
    M18                  IBUF (Prop_ibuf_I_O)         0.356     0.356 r  clk_IBUF_inst/O
                         net (fo=1, routed)           0.689     1.044    clk_IBUF
    BUFGCTRL_X0Y0        BUFG (Prop_bufg_I_O)         0.029     1.073 r  clk_IBUF_BUFG_inst/O
                         net (fo=57, routed)          0.913     1.987    clk_IBUF_BUFG
    DSP48_X0Y8           DSP48E1                                      r  data_mult_ext_p2_reg/CLK

Slack:                    inf
  Source:                 data_in_2[6]
                            (input port)
  Destination:            data_mult_ext_p2_reg/A[6]
                            (rising edge-triggered cell DSP48E1 clocked by clk_pin_p  {rise@0.000ns fall@12.500ns period=25.000ns})
  Path Group:             (none)
  Path Type:              Hold (Min at Fast Process Corner)
  Data Path Delay:        0.808ns  (logic 0.173ns (21.436%)  route 0.635ns (78.564%))
  Logic Levels:           1  (IBUF=1)
  Clock Path Skew:        1.987ns (DCD - SCD - CPR)
    Destination Clock Delay (DCD):    1.987ns
    Source Clock Delay      (SCD):    0.000ns
    Clock Pessimism Removal (CPR):    -0.000ns

    Location             Delay type                Incr(ns)  Path(ns)    Netlist Resource(s)
  -------------------------------------------------------------------    -------------------
    P18                                               0.000     0.000 r  data_in_2[6] (IN)
                         net (fo=0)                   0.000     0.000    data_in_2[6]
    P18                  IBUF (Prop_ibuf_I_O)         0.173     0.173 r  data_in_2_IBUF[6]_inst/O
                         net (fo=1, routed)           0.635     0.808    data_in_2_IBUF[6]
    DSP48_X0Y8           DSP48E1                                      r  data_mult_ext_p2_reg/A[6]
  -------------------------------------------------------------------    -------------------

                         (clock clk_pin_p rise edge)
                                                      0.000     0.000 r  
    M18                                               0.000     0.000 r  clk (IN)
                         net (fo=0)                   0.000     0.000    clk
    M18                  IBUF (Prop_ibuf_I_O)         0.356     0.356 r  clk_IBUF_inst/O
                         net (fo=1, routed)           0.689     1.044    clk_IBUF
    BUFGCTRL_X0Y0        BUFG (Prop_bufg_I_O)         0.029     1.073 r  clk_IBUF_BUFG_inst/O
                         net (fo=57, routed)          0.913     1.987    clk_IBUF_BUFG
    DSP48_X0Y8           DSP48E1                                      r  data_mult_ext_p2_reg/CLK

Slack:                    inf
  Source:                 data_in_1[5]
                            (input port)
  Destination:            data_mult_ext_p20[-1111111110]/D
                            (rising edge-triggered cell FDRE clocked by clk_pin_p  {rise@0.000ns fall@12.500ns period=25.000ns})
  Path Group:             (none)
  Path Type:              Hold (Min at Fast Process Corner)
  Data Path Delay:        0.827ns  (logic 0.327ns (39.488%)  route 0.500ns (60.512%))
  Logic Levels:           3  (CARRY4=2 IBUF=1)
  Clock Path Skew:        1.926ns (DCD - SCD - CPR)
    Destination Clock Delay (DCD):    1.926ns
    Source Clock Delay      (SCD):    0.000ns
    Clock Pessimism Removal (CPR):    -0.000ns

    Location             Delay type                Incr(ns)  Path(ns)    Netlist Resource(s)
  -------------------------------------------------------------------    -------------------
    U18                                               0.000     0.000 r  data_in_1[5] (IN)
                         net (fo=0)                   0.000     0.000    data_in_1[5]
    U18                  IBUF (Prop_ibuf_I_O)         0.156     0.156 r  data_in_1_IBUF[5]_inst/O
                         net (fo=2, routed)           0.500     0.656    data_in_1_IBUF[5]
    SLICE_X0Y21          CARRY4 (Prop_carry4_DI[2]_CO[3])
                                                      0.117     0.773 r  data_mult_ext_p2_reg_i_3/CO[3]
                         net (fo=1, routed)           0.000     0.773    data_mult_ext_p2_reg_i_3_n_0
    SLICE_X0Y22          CARRY4 (Prop_carry4_CI_O[0])
                                                      0.054     0.827 r  data_mult_ext_p20[-1111111109]_i_1/O[0]
                         net (fo=1, routed)           0.000     0.827    B[1]
    SLICE_X0Y22          FDRE                                         r  data_mult_ext_p20[-1111111110]/D
  -------------------------------------------------------------------    -------------------

                         (clock clk_pin_p rise edge)
                                                      0.000     0.000 r  
    M18                                               0.000     0.000 r  clk (IN)
                         net (fo=0)                   0.000     0.000    clk
    M18                  IBUF (Prop_ibuf_I_O)         0.356     0.356 r  clk_IBUF_inst/O
                         net (fo=1, routed)           0.689     1.044    clk_IBUF
    BUFGCTRL_X0Y0        BUFG (Prop_bufg_I_O)         0.029     1.073 r  clk_IBUF_BUFG_inst/O
                         net (fo=57, routed)          0.853     1.926    clk_IBUF_BUFG
    SLICE_X0Y22          FDRE                                         r  data_mult_ext_p20[-1111111110]/C

Slack:                    inf
  Source:                 data_in_2[4]
                            (input port)
  Destination:            data_mult_ext_p2_reg/A[4]
                            (rising edge-triggered cell DSP48E1 clocked by clk_pin_p  {rise@0.000ns fall@12.500ns period=25.000ns})
  Path Group:             (none)
  Path Type:              Hold (Min at Fast Process Corner)
  Data Path Delay:        0.849ns  (logic 0.160ns (18.876%)  route 0.689ns (81.124%))
  Logic Levels:           1  (IBUF=1)
  Clock Path Skew:        1.987ns (DCD - SCD - CPR)
    Destination Clock Delay (DCD):    1.987ns
    Source Clock Delay      (SCD):    0.000ns
    Clock Pessimism Removal (CPR):    -0.000ns

    Location             Delay type                Incr(ns)  Path(ns)    Netlist Resource(s)
  -------------------------------------------------------------------    -------------------
    U19                                               0.000     0.000 r  data_in_2[4] (IN)
                         net (fo=0)                   0.000     0.000    data_in_2[4]
    U19                  IBUF (Prop_ibuf_I_O)         0.160     0.160 r  data_in_2_IBUF[4]_inst/O
                         net (fo=1, routed)           0.689     0.849    data_in_2_IBUF[4]
    DSP48_X0Y8           DSP48E1                                      r  data_mult_ext_p2_reg/A[4]
  -------------------------------------------------------------------    -------------------

                         (clock clk_pin_p rise edge)
                                                      0.000     0.000 r  
    M18                                               0.000     0.000 r  clk (IN)
                         net (fo=0)                   0.000     0.000    clk
    M18                  IBUF (Prop_ibuf_I_O)         0.356     0.356 r  clk_IBUF_inst/O
                         net (fo=1, routed)           0.689     1.044    clk_IBUF
    BUFGCTRL_X0Y0        BUFG (Prop_bufg_I_O)         0.029     1.073 r  clk_IBUF_BUFG_inst/O
                         net (fo=57, routed)          0.913     1.987    clk_IBUF_BUFG
    DSP48_X0Y8           DSP48E1                                      r  data_mult_ext_p2_reg/CLK

Slack:                    inf
  Source:                 data_in_2[2]
                            (input port)
  Destination:            data_mult_ext_p2_reg/A[2]
                            (rising edge-triggered cell DSP48E1 clocked by clk_pin_p  {rise@0.000ns fall@12.500ns period=25.000ns})
  Path Group:             (none)
  Path Type:              Hold (Min at Fast Process Corner)
  Data Path Delay:        0.851ns  (logic 0.168ns (19.740%)  route 0.683ns (80.260%))
  Logic Levels:           1  (IBUF=1)
  Clock Path Skew:        1.987ns (DCD - SCD - CPR)
    Destination Clock Delay (DCD):    1.987ns
    Source Clock Delay      (SCD):    0.000ns
    Clock Pessimism Removal (CPR):    -0.000ns

    Location             Delay type                Incr(ns)  Path(ns)    Netlist Resource(s)
  -------------------------------------------------------------------    -------------------
    W18                                               0.000     0.000 r  data_in_2[2] (IN)
                         net (fo=0)                   0.000     0.000    data_in_2[2]
    W18                  IBUF (Prop_ibuf_I_O)         0.168     0.168 r  data_in_2_IBUF[2]_inst/O
                         net (fo=1, routed)           0.683     0.851    data_in_2_IBUF[2]
    DSP48_X0Y8           DSP48E1                                      r  data_mult_ext_p2_reg/A[2]
  -------------------------------------------------------------------    -------------------

                         (clock clk_pin_p rise edge)
                                                      0.000     0.000 r  
    M18                                               0.000     0.000 r  clk (IN)
                         net (fo=0)                   0.000     0.000    clk
    M18                  IBUF (Prop_ibuf_I_O)         0.356     0.356 r  clk_IBUF_inst/O
                         net (fo=1, routed)           0.689     1.044    clk_IBUF
    BUFGCTRL_X0Y0        BUFG (Prop_bufg_I_O)         0.029     1.073 r  clk_IBUF_BUFG_inst/O
                         net (fo=57, routed)          0.913     1.987    clk_IBUF_BUFG
    DSP48_X0Y8           DSP48E1                                      r  data_mult_ext_p2_reg/CLK





