Copyright 1986-2022 Xilinx, Inc. All Rights Reserved. Copyright 2022-2024 Advanced Micro Devices, Inc. All Rights Reserved.
---------------------------------------------------------------------------------------------------------------------------------------------------------------------------------------------------------------------------
| Tool Version : Vivado v.2024.1.2 (lin64) Build 5164865 Thu Sep  5 14:36:28 MDT 2024
| Date         : Tue Mar 18 15:08:52 2025
| Host         : ece-linlabsrv01.ece.gatech.edu running 64-bit Red Hat Enterprise Linux release 8.10 (Ootpa)
| Command      : report_timing_summary -max_paths 10 -report_unconstrained -file multiplier_timing_summary_routed.rpt -pb multiplier_timing_summary_routed.pb -rpx multiplier_timing_summary_routed.rpx -warn_on_violation
| Design       : multiplier
| Device       : 7a35t-cpg236
| Speed File   : -1  PRODUCTION 1.23 2018-06-13
| Design State : Routed
---------------------------------------------------------------------------------------------------------------------------------------------------------------------------------------------------------------------------

Timing Summary Report

------------------------------------------------------------------------------------------------
| Timer Settings
| --------------
------------------------------------------------------------------------------------------------

  Enable Multi Corner Analysis               :  Yes
  Enable Pessimism Removal                   :  Yes
  Pessimism Removal Resolution               :  Nearest Common Node
  Enable Input Delay Default Clock           :  No
  Enable Preset / Clear Arcs                 :  No
  Disable Flight Delays                      :  No
  Ignore I/O Paths                           :  No
  Timing Early Launch at Borrowing Latches   :  No
  Borrow Time for Max Delay Exceptions       :  Yes
  Merge Timing Exceptions                    :  Yes
  Inter-SLR Compensation                     :  Conservative

  Corner  Analyze    Analyze    
  Name    Max Paths  Min Paths  
  ------  ---------  ---------  
  Slow    Yes        Yes        
  Fast    Yes        Yes        


------------------------------------------------------------------------------------------------
| Report Methodology
| ------------------
------------------------------------------------------------------------------------------------

Rule       Severity  Description                    Violations  
---------  --------  -----------------------------  ----------  
TIMING-18  Warning   Missing input or output delay  59          

Note: This report is based on the most recent report_methodology run and may not be up-to-date. Run report_methodology on the current design for the latest report.



check_timing report

Table of Contents
-----------------
1. checking no_clock (0)
2. checking constant_clock (0)
3. checking pulse_width_clock (0)
4. checking unconstrained_internal_endpoints (0)
5. checking no_input_delay (26)
6. checking no_output_delay (33)
7. checking multiple_clock (0)
8. checking generated_clocks (0)
9. checking loops (0)
10. checking partial_input_delay (0)
11. checking partial_output_delay (0)
12. checking latch_loops (0)

1. checking no_clock (0)
------------------------
 There are 0 register/latch pins with no clock.


2. checking constant_clock (0)
------------------------------
 There are 0 register/latch pins with constant_clock.


3. checking pulse_width_clock (0)
---------------------------------
 There are 0 register/latch pins which need pulse_width check


4. checking unconstrained_internal_endpoints (0)
------------------------------------------------
 There are 0 pins that are not constrained for maximum delay.

 There are 0 pins that are not constrained for maximum delay due to constant clock.


5. checking no_input_delay (26)
-------------------------------
 There are 26 input ports with no input delay specified. (HIGH)

 There are 0 input ports with no input delay but user has a false path constraint.


6. checking no_output_delay (33)
--------------------------------
 There are 33 ports with no output delay specified. (HIGH)

 There are 0 ports with no output delay but user has a false path constraint

 There are 0 ports with no output delay but with a timing clock defined on it or propagating through it


7. checking multiple_clock (0)
------------------------------
 There are 0 register/latch pins with multiple clocks.


8. checking generated_clocks (0)
--------------------------------
 There are 0 generated clocks that are not connected to a clock source.


9. checking loops (0)
---------------------
 There are 0 combinational loops in the design.


10. checking partial_input_delay (0)
------------------------------------
 There are 0 input ports with partial input delay specified.


11. checking partial_output_delay (0)
-------------------------------------
 There are 0 ports with partial output delay specified.


12. checking latch_loops (0)
----------------------------
 There are 0 combinational latch loops in the design through latch input



------------------------------------------------------------------------------------------------
| Design Timing Summary
| ---------------------
------------------------------------------------------------------------------------------------

    WNS(ns)      TNS(ns)  TNS Failing Endpoints  TNS Total Endpoints      WHS(ns)      THS(ns)  THS Failing Endpoints  THS Total Endpoints     WPWS(ns)     TPWS(ns)  TPWS Failing Endpoints  TPWS Total Endpoints  
    -------      -------  ---------------------  -------------------      -------      -------  ---------------------  -------------------     --------     --------  ----------------------  --------------------  
     17.103        0.000                      0                   65        0.260        0.000                      0                   65       12.000        0.000                       0                    59  


All user specified timing constraints are met.


------------------------------------------------------------------------------------------------
| Clock Summary
| -------------
------------------------------------------------------------------------------------------------

Clock      Waveform(ns)       Period(ns)      Frequency(MHz)
-----      ------------       ----------      --------------
clk_pin_p  {0.000 12.500}     25.000          40.000          


------------------------------------------------------------------------------------------------
| Intra Clock Table
| -----------------
------------------------------------------------------------------------------------------------

Clock             WNS(ns)      TNS(ns)  TNS Failing Endpoints  TNS Total Endpoints      WHS(ns)      THS(ns)  THS Failing Endpoints  THS Total Endpoints     WPWS(ns)     TPWS(ns)  TPWS Failing Endpoints  TPWS Total Endpoints  
-----             -------      -------  ---------------------  -------------------      -------      -------  ---------------------  -------------------     --------     --------  ----------------------  --------------------  
clk_pin_p          17.103        0.000                      0                   65        0.260        0.000                      0                   65       12.000        0.000                       0                    59  


------------------------------------------------------------------------------------------------
| Inter Clock Table
| -----------------
------------------------------------------------------------------------------------------------

From Clock    To Clock          WNS(ns)      TNS(ns)  TNS Failing Endpoints  TNS Total Endpoints      WHS(ns)      THS(ns)  THS Failing Endpoints  THS Total Endpoints  
----------    --------          -------      -------  ---------------------  -------------------      -------      -------  ---------------------  -------------------  


------------------------------------------------------------------------------------------------
| Other Path Groups Table
| -----------------------
------------------------------------------------------------------------------------------------

Path Group    From Clock    To Clock          WNS(ns)      TNS(ns)  TNS Failing Endpoints  TNS Total Endpoints      WHS(ns)      THS(ns)  THS Failing Endpoints  THS Total Endpoints  
----------    ----------    --------          -------      -------  ---------------------  -------------------      -------      -------  ---------------------  -------------------  


------------------------------------------------------------------------------------------------
| User Ignored Path Table
| -----------------------
------------------------------------------------------------------------------------------------

Path Group    From Clock    To Clock    
----------    ----------    --------    


------------------------------------------------------------------------------------------------
| Unconstrained Path Table
| ------------------------
------------------------------------------------------------------------------------------------

Path Group    From Clock    To Clock    
----------    ----------    --------    
(none)        clk_pin_p                   
(none)                      clk_pin_p     


------------------------------------------------------------------------------------------------
| Timing Details
| --------------
------------------------------------------------------------------------------------------------


---------------------------------------------------------------------------------------------------
From Clock:  clk_pin_p
  To Clock:  clk_pin_p

Setup :            0  Failing Endpoints,  Worst Slack       17.103ns,  Total Violation        0.000ns
Hold  :            0  Failing Endpoints,  Worst Slack        0.260ns,  Total Violation        0.000ns
PW    :            0  Failing Endpoints,  Worst Slack       12.000ns,  Total Violation        0.000ns
---------------------------------------------------------------------------------------------------


Max Delay Paths
--------------------------------------------------------------------------------------
Slack (MET) :             17.103ns  (required time - arrival time)
  Source:                 coef_p1_reg[1]/C
                            (rising edge-triggered cell FDRE clocked by clk_pin_p  {rise@0.000ns fall@12.500ns period=25.000ns})
  Destination:            data_1_p2_reg[13]/D
                            (rising edge-triggered cell FDRE clocked by clk_pin_p  {rise@0.000ns fall@12.500ns period=25.000ns})
  Path Group:             clk_pin_p
  Path Type:              Setup (Max at Slow Process Corner)
  Requirement:            25.000ns  (clk_pin_p rise@25.000ns - clk_pin_p rise@0.000ns)
  Data Path Delay:        7.923ns  (logic 2.729ns (34.442%)  route 5.194ns (65.558%))
  Logic Levels:           8  (CARRY4=4 LUT3=1 LUT4=1 LUT6=2)
  Clock Path Skew:        -0.047ns (DCD - SCD + CPR)
    Destination Clock Delay (DCD):    4.554ns = ( 29.554 - 25.000 ) 
    Source Clock Delay      (SCD):    4.937ns
    Clock Pessimism Removal (CPR):    0.335ns
  Clock Uncertainty:      0.035ns  ((TSJ^2 + TIJ^2)^1/2 + DJ) / 2 + PE
    Total System Jitter     (TSJ):    0.071ns
    Total Input Jitter      (TIJ):    0.000ns
    Discrete Jitter          (DJ):    0.000ns
    Phase Error              (PE):    0.000ns

    Location             Delay type                Incr(ns)  Path(ns)    Netlist Resource(s)
  -------------------------------------------------------------------    -------------------
                         (clock clk_pin_p rise edge)
                                                      0.000     0.000 r  
    C15                                               0.000     0.000 r  clk (IN)
                         net (fo=0)                   0.000     0.000    clk
    C15                  IBUF (Prop_ibuf_I_O)         0.935     0.935 r  clk_IBUF_inst/O
                         net (fo=1, routed)           2.273     3.208    clk_IBUF
    BUFGCTRL_X0Y16       BUFG (Prop_bufg_I_O)         0.096     3.304 r  clk_IBUF_BUFG_inst/O
                         net (fo=58, routed)          1.632     4.937    clk_IBUF_BUFG
    SLICE_X1Y33          FDRE                                         r  coef_p1_reg[1]/C
  -------------------------------------------------------------------    -------------------
    SLICE_X1Y33          FDRE (Prop_fdre_C_Q)         0.456     5.393 r  coef_p1_reg[1]/Q
                         net (fo=34, routed)          2.880     8.273    coef_p1_reg_n_0_[1]
    SLICE_X1Y25          LUT6 (Prop_lut6_I2_O)        0.124     8.397 r  data_1_p2[11]_i_36/O
                         net (fo=2, routed)           0.643     9.039    data_1_p2[11]_i_36_n_0
    SLICE_X4Y25          LUT6 (Prop_lut6_I0_O)        0.124     9.163 r  data_1_p2[11]_i_40/O
                         net (fo=1, routed)           0.000     9.163    data_1_p2[11]_i_40_n_0
    SLICE_X4Y25          CARRY4 (Prop_carry4_S[0]_O[2])
                                                      0.547     9.710 r  data_1_p2_reg[11]_i_13/O[2]
                         net (fo=2, routed)           0.849    10.560    data_1_p2_reg[11]_i_13_n_5
    SLICE_X6Y25          LUT3 (Prop_lut3_I2_O)        0.331    10.891 r  data_1_p2[7]_i_2/O
                         net (fo=2, routed)           0.822    11.713    data_1_p2[7]_i_2_n_0
    SLICE_X6Y25          LUT4 (Prop_lut4_I3_O)        0.331    12.044 r  data_1_p2[7]_i_6/O
                         net (fo=1, routed)           0.000    12.044    data_1_p2[7]_i_6_n_0
    SLICE_X6Y25          CARRY4 (Prop_carry4_S[3]_CO[3])
                                                      0.376    12.420 r  data_1_p2_reg[7]_i_1/CO[3]
                         net (fo=1, routed)           0.000    12.420    data_1_p2_reg[7]_i_1_n_0
    SLICE_X6Y26          CARRY4 (Prop_carry4_CI_CO[3])
                                                      0.117    12.537 r  data_1_p2_reg[11]_i_1/CO[3]
                         net (fo=1, routed)           0.000    12.537    data_1_p2_reg[11]_i_1_n_0
    SLICE_X6Y27          CARRY4 (Prop_carry4_CI_O[1])
                                                      0.323    12.860 r  data_1_p2_reg[15]_i_2/O[1]
                         net (fo=1, routed)           0.000    12.860    data_1_p20[13]
    SLICE_X6Y27          FDRE                                         r  data_1_p2_reg[13]/D
  -------------------------------------------------------------------    -------------------

                         (clock clk_pin_p rise edge)
                                                     25.000    25.000 r  
    C15                                               0.000    25.000 r  clk (IN)
                         net (fo=0)                   0.000    25.000    clk
    C15                  IBUF (Prop_ibuf_I_O)         0.802    25.802 r  clk_IBUF_inst/O
                         net (fo=1, routed)           2.155    27.957    clk_IBUF
    BUFGCTRL_X0Y16       BUFG (Prop_bufg_I_O)         0.091    28.048 r  clk_IBUF_BUFG_inst/O
                         net (fo=58, routed)          1.506    29.554    clk_IBUF_BUFG
    SLICE_X6Y27          FDRE                                         r  data_1_p2_reg[13]/C
                         clock pessimism              0.335    29.890    
                         clock uncertainty           -0.035    29.854    
    SLICE_X6Y27          FDRE (Setup_fdre_C_D)        0.109    29.963    data_1_p2_reg[13]
  -------------------------------------------------------------------
                         required time                         29.963    
                         arrival time                         -12.860    
  -------------------------------------------------------------------
                         slack                                 17.103    

Slack (MET) :             17.111ns  (required time - arrival time)
  Source:                 coef_p1_reg[1]/C
                            (rising edge-triggered cell FDRE clocked by clk_pin_p  {rise@0.000ns fall@12.500ns period=25.000ns})
  Destination:            data_1_p2_reg[15]/D
                            (rising edge-triggered cell FDRE clocked by clk_pin_p  {rise@0.000ns fall@12.500ns period=25.000ns})
  Path Group:             clk_pin_p
  Path Type:              Setup (Max at Slow Process Corner)
  Requirement:            25.000ns  (clk_pin_p rise@25.000ns - clk_pin_p rise@0.000ns)
  Data Path Delay:        7.915ns  (logic 2.721ns (34.376%)  route 5.194ns (65.624%))
  Logic Levels:           8  (CARRY4=4 LUT3=1 LUT4=1 LUT6=2)
  Clock Path Skew:        -0.047ns (DCD - SCD + CPR)
    Destination Clock Delay (DCD):    4.554ns = ( 29.554 - 25.000 ) 
    Source Clock Delay      (SCD):    4.937ns
    Clock Pessimism Removal (CPR):    0.335ns
  Clock Uncertainty:      0.035ns  ((TSJ^2 + TIJ^2)^1/2 + DJ) / 2 + PE
    Total System Jitter     (TSJ):    0.071ns
    Total Input Jitter      (TIJ):    0.000ns
    Discrete Jitter          (DJ):    0.000ns
    Phase Error              (PE):    0.000ns

    Location             Delay type                Incr(ns)  Path(ns)    Netlist Resource(s)
  -------------------------------------------------------------------    -------------------
                         (clock clk_pin_p rise edge)
                                                      0.000     0.000 r  
    C15                                               0.000     0.000 r  clk (IN)
                         net (fo=0)                   0.000     0.000    clk
    C15                  IBUF (Prop_ibuf_I_O)         0.935     0.935 r  clk_IBUF_inst/O
                         net (fo=1, routed)           2.273     3.208    clk_IBUF
    BUFGCTRL_X0Y16       BUFG (Prop_bufg_I_O)         0.096     3.304 r  clk_IBUF_BUFG_inst/O
                         net (fo=58, routed)          1.632     4.937    clk_IBUF_BUFG
    SLICE_X1Y33          FDRE                                         r  coef_p1_reg[1]/C
  -------------------------------------------------------------------    -------------------
    SLICE_X1Y33          FDRE (Prop_fdre_C_Q)         0.456     5.393 r  coef_p1_reg[1]/Q
                         net (fo=34, routed)          2.880     8.273    coef_p1_reg_n_0_[1]
    SLICE_X1Y25          LUT6 (Prop_lut6_I2_O)        0.124     8.397 r  data_1_p2[11]_i_36/O
                         net (fo=2, routed)           0.643     9.039    data_1_p2[11]_i_36_n_0
    SLICE_X4Y25          LUT6 (Prop_lut6_I0_O)        0.124     9.163 r  data_1_p2[11]_i_40/O
                         net (fo=1, routed)           0.000     9.163    data_1_p2[11]_i_40_n_0
    SLICE_X4Y25          CARRY4 (Prop_carry4_S[0]_O[2])
                                                      0.547     9.710 r  data_1_p2_reg[11]_i_13/O[2]
                         net (fo=2, routed)           0.849    10.560    data_1_p2_reg[11]_i_13_n_5
    SLICE_X6Y25          LUT3 (Prop_lut3_I2_O)        0.331    10.891 r  data_1_p2[7]_i_2/O
                         net (fo=2, routed)           0.822    11.713    data_1_p2[7]_i_2_n_0
    SLICE_X6Y25          LUT4 (Prop_lut4_I3_O)        0.331    12.044 r  data_1_p2[7]_i_6/O
                         net (fo=1, routed)           0.000    12.044    data_1_p2[7]_i_6_n_0
    SLICE_X6Y25          CARRY4 (Prop_carry4_S[3]_CO[3])
                                                      0.376    12.420 r  data_1_p2_reg[7]_i_1/CO[3]
                         net (fo=1, routed)           0.000    12.420    data_1_p2_reg[7]_i_1_n_0
    SLICE_X6Y26          CARRY4 (Prop_carry4_CI_CO[3])
                                                      0.117    12.537 r  data_1_p2_reg[11]_i_1/CO[3]
                         net (fo=1, routed)           0.000    12.537    data_1_p2_reg[11]_i_1_n_0
    SLICE_X6Y27          CARRY4 (Prop_carry4_CI_O[3])
                                                      0.315    12.852 r  data_1_p2_reg[15]_i_2/O[3]
                         net (fo=1, routed)           0.000    12.852    data_1_p20[15]
    SLICE_X6Y27          FDRE                                         r  data_1_p2_reg[15]/D
  -------------------------------------------------------------------    -------------------

                         (clock clk_pin_p rise edge)
                                                     25.000    25.000 r  
    C15                                               0.000    25.000 r  clk (IN)
                         net (fo=0)                   0.000    25.000    clk
    C15                  IBUF (Prop_ibuf_I_O)         0.802    25.802 r  clk_IBUF_inst/O
                         net (fo=1, routed)           2.155    27.957    clk_IBUF
    BUFGCTRL_X0Y16       BUFG (Prop_bufg_I_O)         0.091    28.048 r  clk_IBUF_BUFG_inst/O
                         net (fo=58, routed)          1.506    29.554    clk_IBUF_BUFG
    SLICE_X6Y27          FDRE                                         r  data_1_p2_reg[15]/C
                         clock pessimism              0.335    29.890    
                         clock uncertainty           -0.035    29.854    
    SLICE_X6Y27          FDRE (Setup_fdre_C_D)        0.109    29.963    data_1_p2_reg[15]
  -------------------------------------------------------------------
                         required time                         29.963    
                         arrival time                         -12.852    
  -------------------------------------------------------------------
                         slack                                 17.111    

Slack (MET) :             17.187ns  (required time - arrival time)
  Source:                 coef_p1_reg[1]/C
                            (rising edge-triggered cell FDRE clocked by clk_pin_p  {rise@0.000ns fall@12.500ns period=25.000ns})
  Destination:            data_1_p2_reg[14]/D
                            (rising edge-triggered cell FDRE clocked by clk_pin_p  {rise@0.000ns fall@12.500ns period=25.000ns})
  Path Group:             clk_pin_p
  Path Type:              Setup (Max at Slow Process Corner)
  Requirement:            25.000ns  (clk_pin_p rise@25.000ns - clk_pin_p rise@0.000ns)
  Data Path Delay:        7.839ns  (logic 2.645ns (33.740%)  route 5.194ns (66.260%))
  Logic Levels:           8  (CARRY4=4 LUT3=1 LUT4=1 LUT6=2)
  Clock Path Skew:        -0.047ns (DCD - SCD + CPR)
    Destination Clock Delay (DCD):    4.554ns = ( 29.554 - 25.000 ) 
    Source Clock Delay      (SCD):    4.937ns
    Clock Pessimism Removal (CPR):    0.335ns
  Clock Uncertainty:      0.035ns  ((TSJ^2 + TIJ^2)^1/2 + DJ) / 2 + PE
    Total System Jitter     (TSJ):    0.071ns
    Total Input Jitter      (TIJ):    0.000ns
    Discrete Jitter          (DJ):    0.000ns
    Phase Error              (PE):    0.000ns

    Location             Delay type                Incr(ns)  Path(ns)    Netlist Resource(s)
  -------------------------------------------------------------------    -------------------
                         (clock clk_pin_p rise edge)
                                                      0.000     0.000 r  
    C15                                               0.000     0.000 r  clk (IN)
                         net (fo=0)                   0.000     0.000    clk
    C15                  IBUF (Prop_ibuf_I_O)         0.935     0.935 r  clk_IBUF_inst/O
                         net (fo=1, routed)           2.273     3.208    clk_IBUF
    BUFGCTRL_X0Y16       BUFG (Prop_bufg_I_O)         0.096     3.304 r  clk_IBUF_BUFG_inst/O
                         net (fo=58, routed)          1.632     4.937    clk_IBUF_BUFG
    SLICE_X1Y33          FDRE                                         r  coef_p1_reg[1]/C
  -------------------------------------------------------------------    -------------------
    SLICE_X1Y33          FDRE (Prop_fdre_C_Q)         0.456     5.393 r  coef_p1_reg[1]/Q
                         net (fo=34, routed)          2.880     8.273    coef_p1_reg_n_0_[1]
    SLICE_X1Y25          LUT6 (Prop_lut6_I2_O)        0.124     8.397 r  data_1_p2[11]_i_36/O
                         net (fo=2, routed)           0.643     9.039    data_1_p2[11]_i_36_n_0
    SLICE_X4Y25          LUT6 (Prop_lut6_I0_O)        0.124     9.163 r  data_1_p2[11]_i_40/O
                         net (fo=1, routed)           0.000     9.163    data_1_p2[11]_i_40_n_0
    SLICE_X4Y25          CARRY4 (Prop_carry4_S[0]_O[2])
                                                      0.547     9.710 r  data_1_p2_reg[11]_i_13/O[2]
                         net (fo=2, routed)           0.849    10.560    data_1_p2_reg[11]_i_13_n_5
    SLICE_X6Y25          LUT3 (Prop_lut3_I2_O)        0.331    10.891 r  data_1_p2[7]_i_2/O
                         net (fo=2, routed)           0.822    11.713    data_1_p2[7]_i_2_n_0
    SLICE_X6Y25          LUT4 (Prop_lut4_I3_O)        0.331    12.044 r  data_1_p2[7]_i_6/O
                         net (fo=1, routed)           0.000    12.044    data_1_p2[7]_i_6_n_0
    SLICE_X6Y25          CARRY4 (Prop_carry4_S[3]_CO[3])
                                                      0.376    12.420 r  data_1_p2_reg[7]_i_1/CO[3]
                         net (fo=1, routed)           0.000    12.420    data_1_p2_reg[7]_i_1_n_0
    SLICE_X6Y26          CARRY4 (Prop_carry4_CI_CO[3])
                                                      0.117    12.537 r  data_1_p2_reg[11]_i_1/CO[3]
                         net (fo=1, routed)           0.000    12.537    data_1_p2_reg[11]_i_1_n_0
    SLICE_X6Y27          CARRY4 (Prop_carry4_CI_O[2])
                                                      0.239    12.776 r  data_1_p2_reg[15]_i_2/O[2]
                         net (fo=1, routed)           0.000    12.776    data_1_p20[14]
    SLICE_X6Y27          FDRE                                         r  data_1_p2_reg[14]/D
  -------------------------------------------------------------------    -------------------

                         (clock clk_pin_p rise edge)
                                                     25.000    25.000 r  
    C15                                               0.000    25.000 r  clk (IN)
                         net (fo=0)                   0.000    25.000    clk
    C15                  IBUF (Prop_ibuf_I_O)         0.802    25.802 r  clk_IBUF_inst/O
                         net (fo=1, routed)           2.155    27.957    clk_IBUF
    BUFGCTRL_X0Y16       BUFG (Prop_bufg_I_O)         0.091    28.048 r  clk_IBUF_BUFG_inst/O
                         net (fo=58, routed)          1.506    29.554    clk_IBUF_BUFG
    SLICE_X6Y27          FDRE                                         r  data_1_p2_reg[14]/C
                         clock pessimism              0.335    29.890    
                         clock uncertainty           -0.035    29.854    
    SLICE_X6Y27          FDRE (Setup_fdre_C_D)        0.109    29.963    data_1_p2_reg[14]
  -------------------------------------------------------------------
                         required time                         29.963    
                         arrival time                         -12.776    
  -------------------------------------------------------------------
                         slack                                 17.187    

Slack (MET) :             17.207ns  (required time - arrival time)
  Source:                 coef_p1_reg[1]/C
                            (rising edge-triggered cell FDRE clocked by clk_pin_p  {rise@0.000ns fall@12.500ns period=25.000ns})
  Destination:            data_1_p2_reg[12]/D
                            (rising edge-triggered cell FDRE clocked by clk_pin_p  {rise@0.000ns fall@12.500ns period=25.000ns})
  Path Group:             clk_pin_p
  Path Type:              Setup (Max at Slow Process Corner)
  Requirement:            25.000ns  (clk_pin_p rise@25.000ns - clk_pin_p rise@0.000ns)
  Data Path Delay:        7.819ns  (logic 2.625ns (33.570%)  route 5.194ns (66.430%))
  Logic Levels:           8  (CARRY4=4 LUT3=1 LUT4=1 LUT6=2)
  Clock Path Skew:        -0.047ns (DCD - SCD + CPR)
    Destination Clock Delay (DCD):    4.554ns = ( 29.554 - 25.000 ) 
    Source Clock Delay      (SCD):    4.937ns
    Clock Pessimism Removal (CPR):    0.335ns
  Clock Uncertainty:      0.035ns  ((TSJ^2 + TIJ^2)^1/2 + DJ) / 2 + PE
    Total System Jitter     (TSJ):    0.071ns
    Total Input Jitter      (TIJ):    0.000ns
    Discrete Jitter          (DJ):    0.000ns
    Phase Error              (PE):    0.000ns

    Location             Delay type                Incr(ns)  Path(ns)    Netlist Resource(s)
  -------------------------------------------------------------------    -------------------
                         (clock clk_pin_p rise edge)
                                                      0.000     0.000 r  
    C15                                               0.000     0.000 r  clk (IN)
                         net (fo=0)                   0.000     0.000    clk
    C15                  IBUF (Prop_ibuf_I_O)         0.935     0.935 r  clk_IBUF_inst/O
                         net (fo=1, routed)           2.273     3.208    clk_IBUF
    BUFGCTRL_X0Y16       BUFG (Prop_bufg_I_O)         0.096     3.304 r  clk_IBUF_BUFG_inst/O
                         net (fo=58, routed)          1.632     4.937    clk_IBUF_BUFG
    SLICE_X1Y33          FDRE                                         r  coef_p1_reg[1]/C
  -------------------------------------------------------------------    -------------------
    SLICE_X1Y33          FDRE (Prop_fdre_C_Q)         0.456     5.393 r  coef_p1_reg[1]/Q
                         net (fo=34, routed)          2.880     8.273    coef_p1_reg_n_0_[1]
    SLICE_X1Y25          LUT6 (Prop_lut6_I2_O)        0.124     8.397 r  data_1_p2[11]_i_36/O
                         net (fo=2, routed)           0.643     9.039    data_1_p2[11]_i_36_n_0
    SLICE_X4Y25          LUT6 (Prop_lut6_I0_O)        0.124     9.163 r  data_1_p2[11]_i_40/O
                         net (fo=1, routed)           0.000     9.163    data_1_p2[11]_i_40_n_0
    SLICE_X4Y25          CARRY4 (Prop_carry4_S[0]_O[2])
                                                      0.547     9.710 r  data_1_p2_reg[11]_i_13/O[2]
                         net (fo=2, routed)           0.849    10.560    data_1_p2_reg[11]_i_13_n_5
    SLICE_X6Y25          LUT3 (Prop_lut3_I2_O)        0.331    10.891 r  data_1_p2[7]_i_2/O
                         net (fo=2, routed)           0.822    11.713    data_1_p2[7]_i_2_n_0
    SLICE_X6Y25          LUT4 (Prop_lut4_I3_O)        0.331    12.044 r  data_1_p2[7]_i_6/O
                         net (fo=1, routed)           0.000    12.044    data_1_p2[7]_i_6_n_0
    SLICE_X6Y25          CARRY4 (Prop_carry4_S[3]_CO[3])
                                                      0.376    12.420 r  data_1_p2_reg[7]_i_1/CO[3]
                         net (fo=1, routed)           0.000    12.420    data_1_p2_reg[7]_i_1_n_0
    SLICE_X6Y26          CARRY4 (Prop_carry4_CI_CO[3])
                                                      0.117    12.537 r  data_1_p2_reg[11]_i_1/CO[3]
                         net (fo=1, routed)           0.000    12.537    data_1_p2_reg[11]_i_1_n_0
    SLICE_X6Y27          CARRY4 (Prop_carry4_CI_O[0])
                                                      0.219    12.756 r  data_1_p2_reg[15]_i_2/O[0]
                         net (fo=1, routed)           0.000    12.756    data_1_p20[12]
    SLICE_X6Y27          FDRE                                         r  data_1_p2_reg[12]/D
  -------------------------------------------------------------------    -------------------

                         (clock clk_pin_p rise edge)
                                                     25.000    25.000 r  
    C15                                               0.000    25.000 r  clk (IN)
                         net (fo=0)                   0.000    25.000    clk
    C15                  IBUF (Prop_ibuf_I_O)         0.802    25.802 r  clk_IBUF_inst/O
                         net (fo=1, routed)           2.155    27.957    clk_IBUF
    BUFGCTRL_X0Y16       BUFG (Prop_bufg_I_O)         0.091    28.048 r  clk_IBUF_BUFG_inst/O
                         net (fo=58, routed)          1.506    29.554    clk_IBUF_BUFG
    SLICE_X6Y27          FDRE                                         r  data_1_p2_reg[12]/C
                         clock pessimism              0.335    29.890    
                         clock uncertainty           -0.035    29.854    
    SLICE_X6Y27          FDRE (Setup_fdre_C_D)        0.109    29.963    data_1_p2_reg[12]
  -------------------------------------------------------------------
                         required time                         29.963    
                         arrival time                         -12.756    
  -------------------------------------------------------------------
                         slack                                 17.207    

Slack (MET) :             17.219ns  (required time - arrival time)
  Source:                 coef_p1_reg[1]/C
                            (rising edge-triggered cell FDRE clocked by clk_pin_p  {rise@0.000ns fall@12.500ns period=25.000ns})
  Destination:            data_1_p2_reg[9]/D
                            (rising edge-triggered cell FDRE clocked by clk_pin_p  {rise@0.000ns fall@12.500ns period=25.000ns})
  Path Group:             clk_pin_p
  Path Type:              Setup (Max at Slow Process Corner)
  Requirement:            25.000ns  (clk_pin_p rise@25.000ns - clk_pin_p rise@0.000ns)
  Data Path Delay:        7.806ns  (logic 2.612ns (33.460%)  route 5.194ns (66.540%))
  Logic Levels:           7  (CARRY4=3 LUT3=1 LUT4=1 LUT6=2)
  Clock Path Skew:        -0.048ns (DCD - SCD + CPR)
    Destination Clock Delay (DCD):    4.553ns = ( 29.553 - 25.000 ) 
    Source Clock Delay      (SCD):    4.937ns
    Clock Pessimism Removal (CPR):    0.335ns
  Clock Uncertainty:      0.035ns  ((TSJ^2 + TIJ^2)^1/2 + DJ) / 2 + PE
    Total System Jitter     (TSJ):    0.071ns
    Total Input Jitter      (TIJ):    0.000ns
    Discrete Jitter          (DJ):    0.000ns
    Phase Error              (PE):    0.000ns

    Location             Delay type                Incr(ns)  Path(ns)    Netlist Resource(s)
  -------------------------------------------------------------------    -------------------
                         (clock clk_pin_p rise edge)
                                                      0.000     0.000 r  
    C15                                               0.000     0.000 r  clk (IN)
                         net (fo=0)                   0.000     0.000    clk
    C15                  IBUF (Prop_ibuf_I_O)         0.935     0.935 r  clk_IBUF_inst/O
                         net (fo=1, routed)           2.273     3.208    clk_IBUF
    BUFGCTRL_X0Y16       BUFG (Prop_bufg_I_O)         0.096     3.304 r  clk_IBUF_BUFG_inst/O
                         net (fo=58, routed)          1.632     4.937    clk_IBUF_BUFG
    SLICE_X1Y33          FDRE                                         r  coef_p1_reg[1]/C
  -------------------------------------------------------------------    -------------------
    SLICE_X1Y33          FDRE (Prop_fdre_C_Q)         0.456     5.393 r  coef_p1_reg[1]/Q
                         net (fo=34, routed)          2.880     8.273    coef_p1_reg_n_0_[1]
    SLICE_X1Y25          LUT6 (Prop_lut6_I2_O)        0.124     8.397 r  data_1_p2[11]_i_36/O
                         net (fo=2, routed)           0.643     9.039    data_1_p2[11]_i_36_n_0
    SLICE_X4Y25          LUT6 (Prop_lut6_I0_O)        0.124     9.163 r  data_1_p2[11]_i_40/O
                         net (fo=1, routed)           0.000     9.163    data_1_p2[11]_i_40_n_0
    SLICE_X4Y25          CARRY4 (Prop_carry4_S[0]_O[2])
                                                      0.547     9.710 r  data_1_p2_reg[11]_i_13/O[2]
                         net (fo=2, routed)           0.849    10.560    data_1_p2_reg[11]_i_13_n_5
    SLICE_X6Y25          LUT3 (Prop_lut3_I2_O)        0.331    10.891 r  data_1_p2[7]_i_2/O
                         net (fo=2, routed)           0.822    11.713    data_1_p2[7]_i_2_n_0
    SLICE_X6Y25          LUT4 (Prop_lut4_I3_O)        0.331    12.044 r  data_1_p2[7]_i_6/O
                         net (fo=1, routed)           0.000    12.044    data_1_p2[7]_i_6_n_0
    SLICE_X6Y25          CARRY4 (Prop_carry4_S[3]_CO[3])
                                                      0.376    12.420 r  data_1_p2_reg[7]_i_1/CO[3]
                         net (fo=1, routed)           0.000    12.420    data_1_p2_reg[7]_i_1_n_0
    SLICE_X6Y26          CARRY4 (Prop_carry4_CI_O[1])
                                                      0.323    12.743 r  data_1_p2_reg[11]_i_1/O[1]
                         net (fo=1, routed)           0.000    12.743    data_1_p20[9]
    SLICE_X6Y26          FDRE                                         r  data_1_p2_reg[9]/D
  -------------------------------------------------------------------    -------------------

                         (clock clk_pin_p rise edge)
                                                     25.000    25.000 r  
    C15                                               0.000    25.000 r  clk (IN)
                         net (fo=0)                   0.000    25.000    clk
    C15                  IBUF (Prop_ibuf_I_O)         0.802    25.802 r  clk_IBUF_inst/O
                         net (fo=1, routed)           2.155    27.957    clk_IBUF
    BUFGCTRL_X0Y16       BUFG (Prop_bufg_I_O)         0.091    28.048 r  clk_IBUF_BUFG_inst/O
                         net (fo=58, routed)          1.505    29.553    clk_IBUF_BUFG
    SLICE_X6Y26          FDRE                                         r  data_1_p2_reg[9]/C
                         clock pessimism              0.335    29.889    
                         clock uncertainty           -0.035    29.853    
    SLICE_X6Y26          FDRE (Setup_fdre_C_D)        0.109    29.962    data_1_p2_reg[9]
  -------------------------------------------------------------------
                         required time                         29.962    
                         arrival time                         -12.743    
  -------------------------------------------------------------------
                         slack                                 17.219    

Slack (MET) :             17.227ns  (required time - arrival time)
  Source:                 coef_p1_reg[1]/C
                            (rising edge-triggered cell FDRE clocked by clk_pin_p  {rise@0.000ns fall@12.500ns period=25.000ns})
  Destination:            data_1_p2_reg[11]/D
                            (rising edge-triggered cell FDRE clocked by clk_pin_p  {rise@0.000ns fall@12.500ns period=25.000ns})
  Path Group:             clk_pin_p
  Path Type:              Setup (Max at Slow Process Corner)
  Requirement:            25.000ns  (clk_pin_p rise@25.000ns - clk_pin_p rise@0.000ns)
  Data Path Delay:        7.798ns  (logic 2.604ns (33.392%)  route 5.194ns (66.608%))
  Logic Levels:           7  (CARRY4=3 LUT3=1 LUT4=1 LUT6=2)
  Clock Path Skew:        -0.048ns (DCD - SCD + CPR)
    Destination Clock Delay (DCD):    4.553ns = ( 29.553 - 25.000 ) 
    Source Clock Delay      (SCD):    4.937ns
    Clock Pessimism Removal (CPR):    0.335ns
  Clock Uncertainty:      0.035ns  ((TSJ^2 + TIJ^2)^1/2 + DJ) / 2 + PE
    Total System Jitter     (TSJ):    0.071ns
    Total Input Jitter      (TIJ):    0.000ns
    Discrete Jitter          (DJ):    0.000ns
    Phase Error              (PE):    0.000ns

    Location             Delay type                Incr(ns)  Path(ns)    Netlist Resource(s)
  -------------------------------------------------------------------    -------------------
                         (clock clk_pin_p rise edge)
                                                      0.000     0.000 r  
    C15                                               0.000     0.000 r  clk (IN)
                         net (fo=0)                   0.000     0.000    clk
    C15                  IBUF (Prop_ibuf_I_O)         0.935     0.935 r  clk_IBUF_inst/O
                         net (fo=1, routed)           2.273     3.208    clk_IBUF
    BUFGCTRL_X0Y16       BUFG (Prop_bufg_I_O)         0.096     3.304 r  clk_IBUF_BUFG_inst/O
                         net (fo=58, routed)          1.632     4.937    clk_IBUF_BUFG
    SLICE_X1Y33          FDRE                                         r  coef_p1_reg[1]/C
  -------------------------------------------------------------------    -------------------
    SLICE_X1Y33          FDRE (Prop_fdre_C_Q)         0.456     5.393 r  coef_p1_reg[1]/Q
                         net (fo=34, routed)          2.880     8.273    coef_p1_reg_n_0_[1]
    SLICE_X1Y25          LUT6 (Prop_lut6_I2_O)        0.124     8.397 r  data_1_p2[11]_i_36/O
                         net (fo=2, routed)           0.643     9.039    data_1_p2[11]_i_36_n_0
    SLICE_X4Y25          LUT6 (Prop_lut6_I0_O)        0.124     9.163 r  data_1_p2[11]_i_40/O
                         net (fo=1, routed)           0.000     9.163    data_1_p2[11]_i_40_n_0
    SLICE_X4Y25          CARRY4 (Prop_carry4_S[0]_O[2])
                                                      0.547     9.710 r  data_1_p2_reg[11]_i_13/O[2]
                         net (fo=2, routed)           0.849    10.560    data_1_p2_reg[11]_i_13_n_5
    SLICE_X6Y25          LUT3 (Prop_lut3_I2_O)        0.331    10.891 r  data_1_p2[7]_i_2/O
                         net (fo=2, routed)           0.822    11.713    data_1_p2[7]_i_2_n_0
    SLICE_X6Y25          LUT4 (Prop_lut4_I3_O)        0.331    12.044 r  data_1_p2[7]_i_6/O
                         net (fo=1, routed)           0.000    12.044    data_1_p2[7]_i_6_n_0
    SLICE_X6Y25          CARRY4 (Prop_carry4_S[3]_CO[3])
                                                      0.376    12.420 r  data_1_p2_reg[7]_i_1/CO[3]
                         net (fo=1, routed)           0.000    12.420    data_1_p2_reg[7]_i_1_n_0
    SLICE_X6Y26          CARRY4 (Prop_carry4_CI_O[3])
                                                      0.315    12.735 r  data_1_p2_reg[11]_i_1/O[3]
                         net (fo=1, routed)           0.000    12.735    data_1_p20[11]
    SLICE_X6Y26          FDRE                                         r  data_1_p2_reg[11]/D
  -------------------------------------------------------------------    -------------------

                         (clock clk_pin_p rise edge)
                                                     25.000    25.000 r  
    C15                                               0.000    25.000 r  clk (IN)
                         net (fo=0)                   0.000    25.000    clk
    C15                  IBUF (Prop_ibuf_I_O)         0.802    25.802 r  clk_IBUF_inst/O
                         net (fo=1, routed)           2.155    27.957    clk_IBUF
    BUFGCTRL_X0Y16       BUFG (Prop_bufg_I_O)         0.091    28.048 r  clk_IBUF_BUFG_inst/O
                         net (fo=58, routed)          1.505    29.553    clk_IBUF_BUFG
    SLICE_X6Y26          FDRE                                         r  data_1_p2_reg[11]/C
                         clock pessimism              0.335    29.889    
                         clock uncertainty           -0.035    29.853    
    SLICE_X6Y26          FDRE (Setup_fdre_C_D)        0.109    29.962    data_1_p2_reg[11]
  -------------------------------------------------------------------
                         required time                         29.962    
                         arrival time                         -12.735    
  -------------------------------------------------------------------
                         slack                                 17.227    

Slack (MET) :             17.303ns  (required time - arrival time)
  Source:                 coef_p1_reg[1]/C
                            (rising edge-triggered cell FDRE clocked by clk_pin_p  {rise@0.000ns fall@12.500ns period=25.000ns})
  Destination:            data_1_p2_reg[10]/D
                            (rising edge-triggered cell FDRE clocked by clk_pin_p  {rise@0.000ns fall@12.500ns period=25.000ns})
  Path Group:             clk_pin_p
  Path Type:              Setup (Max at Slow Process Corner)
  Requirement:            25.000ns  (clk_pin_p rise@25.000ns - clk_pin_p rise@0.000ns)
  Data Path Delay:        7.722ns  (logic 2.528ns (32.736%)  route 5.194ns (67.264%))
  Logic Levels:           7  (CARRY4=3 LUT3=1 LUT4=1 LUT6=2)
  Clock Path Skew:        -0.048ns (DCD - SCD + CPR)
    Destination Clock Delay (DCD):    4.553ns = ( 29.553 - 25.000 ) 
    Source Clock Delay      (SCD):    4.937ns
    Clock Pessimism Removal (CPR):    0.335ns
  Clock Uncertainty:      0.035ns  ((TSJ^2 + TIJ^2)^1/2 + DJ) / 2 + PE
    Total System Jitter     (TSJ):    0.071ns
    Total Input Jitter      (TIJ):    0.000ns
    Discrete Jitter          (DJ):    0.000ns
    Phase Error              (PE):    0.000ns

    Location             Delay type                Incr(ns)  Path(ns)    Netlist Resource(s)
  -------------------------------------------------------------------    -------------------
                         (clock clk_pin_p rise edge)
                                                      0.000     0.000 r  
    C15                                               0.000     0.000 r  clk (IN)
                         net (fo=0)                   0.000     0.000    clk
    C15                  IBUF (Prop_ibuf_I_O)         0.935     0.935 r  clk_IBUF_inst/O
                         net (fo=1, routed)           2.273     3.208    clk_IBUF
    BUFGCTRL_X0Y16       BUFG (Prop_bufg_I_O)         0.096     3.304 r  clk_IBUF_BUFG_inst/O
                         net (fo=58, routed)          1.632     4.937    clk_IBUF_BUFG
    SLICE_X1Y33          FDRE                                         r  coef_p1_reg[1]/C
  -------------------------------------------------------------------    -------------------
    SLICE_X1Y33          FDRE (Prop_fdre_C_Q)         0.456     5.393 r  coef_p1_reg[1]/Q
                         net (fo=34, routed)          2.880     8.273    coef_p1_reg_n_0_[1]
    SLICE_X1Y25          LUT6 (Prop_lut6_I2_O)        0.124     8.397 r  data_1_p2[11]_i_36/O
                         net (fo=2, routed)           0.643     9.039    data_1_p2[11]_i_36_n_0
    SLICE_X4Y25          LUT6 (Prop_lut6_I0_O)        0.124     9.163 r  data_1_p2[11]_i_40/O
                         net (fo=1, routed)           0.000     9.163    data_1_p2[11]_i_40_n_0
    SLICE_X4Y25          CARRY4 (Prop_carry4_S[0]_O[2])
                                                      0.547     9.710 r  data_1_p2_reg[11]_i_13/O[2]
                         net (fo=2, routed)           0.849    10.560    data_1_p2_reg[11]_i_13_n_5
    SLICE_X6Y25          LUT3 (Prop_lut3_I2_O)        0.331    10.891 r  data_1_p2[7]_i_2/O
                         net (fo=2, routed)           0.822    11.713    data_1_p2[7]_i_2_n_0
    SLICE_X6Y25          LUT4 (Prop_lut4_I3_O)        0.331    12.044 r  data_1_p2[7]_i_6/O
                         net (fo=1, routed)           0.000    12.044    data_1_p2[7]_i_6_n_0
    SLICE_X6Y25          CARRY4 (Prop_carry4_S[3]_CO[3])
                                                      0.376    12.420 r  data_1_p2_reg[7]_i_1/CO[3]
                         net (fo=1, routed)           0.000    12.420    data_1_p2_reg[7]_i_1_n_0
    SLICE_X6Y26          CARRY4 (Prop_carry4_CI_O[2])
                                                      0.239    12.659 r  data_1_p2_reg[11]_i_1/O[2]
                         net (fo=1, routed)           0.000    12.659    data_1_p20[10]
    SLICE_X6Y26          FDRE                                         r  data_1_p2_reg[10]/D
  -------------------------------------------------------------------    -------------------

                         (clock clk_pin_p rise edge)
                                                     25.000    25.000 r  
    C15                                               0.000    25.000 r  clk (IN)
                         net (fo=0)                   0.000    25.000    clk
    C15                  IBUF (Prop_ibuf_I_O)         0.802    25.802 r  clk_IBUF_inst/O
                         net (fo=1, routed)           2.155    27.957    clk_IBUF
    BUFGCTRL_X0Y16       BUFG (Prop_bufg_I_O)         0.091    28.048 r  clk_IBUF_BUFG_inst/O
                         net (fo=58, routed)          1.505    29.553    clk_IBUF_BUFG
    SLICE_X6Y26          FDRE                                         r  data_1_p2_reg[10]/C
                         clock pessimism              0.335    29.889    
                         clock uncertainty           -0.035    29.853    
    SLICE_X6Y26          FDRE (Setup_fdre_C_D)        0.109    29.962    data_1_p2_reg[10]
  -------------------------------------------------------------------
                         required time                         29.962    
                         arrival time                         -12.659    
  -------------------------------------------------------------------
                         slack                                 17.303    

Slack (MET) :             17.323ns  (required time - arrival time)
  Source:                 coef_p1_reg[1]/C
                            (rising edge-triggered cell FDRE clocked by clk_pin_p  {rise@0.000ns fall@12.500ns period=25.000ns})
  Destination:            data_1_p2_reg[8]/D
                            (rising edge-triggered cell FDRE clocked by clk_pin_p  {rise@0.000ns fall@12.500ns period=25.000ns})
  Path Group:             clk_pin_p
  Path Type:              Setup (Max at Slow Process Corner)
  Requirement:            25.000ns  (clk_pin_p rise@25.000ns - clk_pin_p rise@0.000ns)
  Data Path Delay:        7.702ns  (logic 2.508ns (32.561%)  route 5.194ns (67.439%))
  Logic Levels:           7  (CARRY4=3 LUT3=1 LUT4=1 LUT6=2)
  Clock Path Skew:        -0.048ns (DCD - SCD + CPR)
    Destination Clock Delay (DCD):    4.553ns = ( 29.553 - 25.000 ) 
    Source Clock Delay      (SCD):    4.937ns
    Clock Pessimism Removal (CPR):    0.335ns
  Clock Uncertainty:      0.035ns  ((TSJ^2 + TIJ^2)^1/2 + DJ) / 2 + PE
    Total System Jitter     (TSJ):    0.071ns
    Total Input Jitter      (TIJ):    0.000ns
    Discrete Jitter          (DJ):    0.000ns
    Phase Error              (PE):    0.000ns

    Location             Delay type                Incr(ns)  Path(ns)    Netlist Resource(s)
  -------------------------------------------------------------------    -------------------
                         (clock clk_pin_p rise edge)
                                                      0.000     0.000 r  
    C15                                               0.000     0.000 r  clk (IN)
                         net (fo=0)                   0.000     0.000    clk
    C15                  IBUF (Prop_ibuf_I_O)         0.935     0.935 r  clk_IBUF_inst/O
                         net (fo=1, routed)           2.273     3.208    clk_IBUF
    BUFGCTRL_X0Y16       BUFG (Prop_bufg_I_O)         0.096     3.304 r  clk_IBUF_BUFG_inst/O
                         net (fo=58, routed)          1.632     4.937    clk_IBUF_BUFG
    SLICE_X1Y33          FDRE                                         r  coef_p1_reg[1]/C
  -------------------------------------------------------------------    -------------------
    SLICE_X1Y33          FDRE (Prop_fdre_C_Q)         0.456     5.393 r  coef_p1_reg[1]/Q
                         net (fo=34, routed)          2.880     8.273    coef_p1_reg_n_0_[1]
    SLICE_X1Y25          LUT6 (Prop_lut6_I2_O)        0.124     8.397 r  data_1_p2[11]_i_36/O
                         net (fo=2, routed)           0.643     9.039    data_1_p2[11]_i_36_n_0
    SLICE_X4Y25          LUT6 (Prop_lut6_I0_O)        0.124     9.163 r  data_1_p2[11]_i_40/O
                         net (fo=1, routed)           0.000     9.163    data_1_p2[11]_i_40_n_0
    SLICE_X4Y25          CARRY4 (Prop_carry4_S[0]_O[2])
                                                      0.547     9.710 r  data_1_p2_reg[11]_i_13/O[2]
                         net (fo=2, routed)           0.849    10.560    data_1_p2_reg[11]_i_13_n_5
    SLICE_X6Y25          LUT3 (Prop_lut3_I2_O)        0.331    10.891 r  data_1_p2[7]_i_2/O
                         net (fo=2, routed)           0.822    11.713    data_1_p2[7]_i_2_n_0
    SLICE_X6Y25          LUT4 (Prop_lut4_I3_O)        0.331    12.044 r  data_1_p2[7]_i_6/O
                         net (fo=1, routed)           0.000    12.044    data_1_p2[7]_i_6_n_0
    SLICE_X6Y25          CARRY4 (Prop_carry4_S[3]_CO[3])
                                                      0.376    12.420 r  data_1_p2_reg[7]_i_1/CO[3]
                         net (fo=1, routed)           0.000    12.420    data_1_p2_reg[7]_i_1_n_0
    SLICE_X6Y26          CARRY4 (Prop_carry4_CI_O[0])
                                                      0.219    12.639 r  data_1_p2_reg[11]_i_1/O[0]
                         net (fo=1, routed)           0.000    12.639    data_1_p20[8]
    SLICE_X6Y26          FDRE                                         r  data_1_p2_reg[8]/D
  -------------------------------------------------------------------    -------------------

                         (clock clk_pin_p rise edge)
                                                     25.000    25.000 r  
    C15                                               0.000    25.000 r  clk (IN)
                         net (fo=0)                   0.000    25.000    clk
    C15                  IBUF (Prop_ibuf_I_O)         0.802    25.802 r  clk_IBUF_inst/O
                         net (fo=1, routed)           2.155    27.957    clk_IBUF
    BUFGCTRL_X0Y16       BUFG (Prop_bufg_I_O)         0.091    28.048 r  clk_IBUF_BUFG_inst/O
                         net (fo=58, routed)          1.505    29.553    clk_IBUF_BUFG
    SLICE_X6Y26          FDRE                                         r  data_1_p2_reg[8]/C
                         clock pessimism              0.335    29.889    
                         clock uncertainty           -0.035    29.853    
    SLICE_X6Y26          FDRE (Setup_fdre_C_D)        0.109    29.962    data_1_p2_reg[8]
  -------------------------------------------------------------------
                         required time                         29.962    
                         arrival time                         -12.639    
  -------------------------------------------------------------------
                         slack                                 17.323    

Slack (MET) :             17.661ns  (required time - arrival time)
  Source:                 coef_p1_reg[1]/C
                            (rising edge-triggered cell FDRE clocked by clk_pin_p  {rise@0.000ns fall@12.500ns period=25.000ns})
  Destination:            data_1_p2_reg[7]/D
                            (rising edge-triggered cell FDRE clocked by clk_pin_p  {rise@0.000ns fall@12.500ns period=25.000ns})
  Path Group:             clk_pin_p
  Path Type:              Setup (Max at Slow Process Corner)
  Requirement:            25.000ns  (clk_pin_p rise@25.000ns - clk_pin_p rise@0.000ns)
  Data Path Delay:        7.362ns  (logic 2.168ns (29.447%)  route 5.194ns (70.553%))
  Logic Levels:           6  (CARRY4=2 LUT3=1 LUT4=1 LUT6=2)
  Clock Path Skew:        -0.050ns (DCD - SCD + CPR)
    Destination Clock Delay (DCD):    4.551ns = ( 29.551 - 25.000 ) 
    Source Clock Delay      (SCD):    4.937ns
    Clock Pessimism Removal (CPR):    0.335ns
  Clock Uncertainty:      0.035ns  ((TSJ^2 + TIJ^2)^1/2 + DJ) / 2 + PE
    Total System Jitter     (TSJ):    0.071ns
    Total Input Jitter      (TIJ):    0.000ns
    Discrete Jitter          (DJ):    0.000ns
    Phase Error              (PE):    0.000ns

    Location             Delay type                Incr(ns)  Path(ns)    Netlist Resource(s)
  -------------------------------------------------------------------    -------------------
                         (clock clk_pin_p rise edge)
                                                      0.000     0.000 r  
    C15                                               0.000     0.000 r  clk (IN)
                         net (fo=0)                   0.000     0.000    clk
    C15                  IBUF (Prop_ibuf_I_O)         0.935     0.935 r  clk_IBUF_inst/O
                         net (fo=1, routed)           2.273     3.208    clk_IBUF
    BUFGCTRL_X0Y16       BUFG (Prop_bufg_I_O)         0.096     3.304 r  clk_IBUF_BUFG_inst/O
                         net (fo=58, routed)          1.632     4.937    clk_IBUF_BUFG
    SLICE_X1Y33          FDRE                                         r  coef_p1_reg[1]/C
  -------------------------------------------------------------------    -------------------
    SLICE_X1Y33          FDRE (Prop_fdre_C_Q)         0.456     5.393 r  coef_p1_reg[1]/Q
                         net (fo=34, routed)          2.880     8.273    coef_p1_reg_n_0_[1]
    SLICE_X1Y25          LUT6 (Prop_lut6_I2_O)        0.124     8.397 r  data_1_p2[11]_i_36/O
                         net (fo=2, routed)           0.643     9.039    data_1_p2[11]_i_36_n_0
    SLICE_X4Y25          LUT6 (Prop_lut6_I0_O)        0.124     9.163 r  data_1_p2[11]_i_40/O
                         net (fo=1, routed)           0.000     9.163    data_1_p2[11]_i_40_n_0
    SLICE_X4Y25          CARRY4 (Prop_carry4_S[0]_O[2])
                                                      0.547     9.710 r  data_1_p2_reg[11]_i_13/O[2]
                         net (fo=2, routed)           0.849    10.560    data_1_p2_reg[11]_i_13_n_5
    SLICE_X6Y25          LUT3 (Prop_lut3_I2_O)        0.331    10.891 r  data_1_p2[7]_i_2/O
                         net (fo=2, routed)           0.822    11.713    data_1_p2[7]_i_2_n_0
    SLICE_X6Y25          LUT4 (Prop_lut4_I3_O)        0.331    12.044 r  data_1_p2[7]_i_6/O
                         net (fo=1, routed)           0.000    12.044    data_1_p2[7]_i_6_n_0
    SLICE_X6Y25          CARRY4 (Prop_carry4_S[3]_O[3])
                                                      0.255    12.299 r  data_1_p2_reg[7]_i_1/O[3]
                         net (fo=1, routed)           0.000    12.299    data_1_p20[7]
    SLICE_X6Y25          FDRE                                         r  data_1_p2_reg[7]/D
  -------------------------------------------------------------------    -------------------

                         (clock clk_pin_p rise edge)
                                                     25.000    25.000 r  
    C15                                               0.000    25.000 r  clk (IN)
                         net (fo=0)                   0.000    25.000    clk
    C15                  IBUF (Prop_ibuf_I_O)         0.802    25.802 r  clk_IBUF_inst/O
                         net (fo=1, routed)           2.155    27.957    clk_IBUF
    BUFGCTRL_X0Y16       BUFG (Prop_bufg_I_O)         0.091    28.048 r  clk_IBUF_BUFG_inst/O
                         net (fo=58, routed)          1.503    29.551    clk_IBUF_BUFG
    SLICE_X6Y25          FDRE                                         r  data_1_p2_reg[7]/C
                         clock pessimism              0.335    29.887    
                         clock uncertainty           -0.035    29.851    
    SLICE_X6Y25          FDRE (Setup_fdre_C_D)        0.109    29.960    data_1_p2_reg[7]
  -------------------------------------------------------------------
                         required time                         29.960    
                         arrival time                         -12.299    
  -------------------------------------------------------------------
                         slack                                 17.661    

Slack (MET) :             18.245ns  (required time - arrival time)
  Source:                 coef_p1_reg[2]/C
                            (rising edge-triggered cell FDRE clocked by clk_pin_p  {rise@0.000ns fall@12.500ns period=25.000ns})
  Destination:            data_2_p2_reg[13]/D
                            (rising edge-triggered cell FDRE clocked by clk_pin_p  {rise@0.000ns fall@12.500ns period=25.000ns})
  Path Group:             clk_pin_p
  Path Type:              Setup (Max at Slow Process Corner)
  Requirement:            25.000ns  (clk_pin_p rise@25.000ns - clk_pin_p rise@0.000ns)
  Data Path Delay:        6.802ns  (logic 2.695ns (39.623%)  route 4.107ns (60.377%))
  Logic Levels:           7  (CARRY4=4 LUT3=1 LUT6=2)
  Clock Path Skew:        -0.027ns (DCD - SCD + CPR)
    Destination Clock Delay (DCD):    4.560ns = ( 29.560 - 25.000 ) 
    Source Clock Delay      (SCD):    4.937ns
    Clock Pessimism Removal (CPR):    0.349ns
  Clock Uncertainty:      0.035ns  ((TSJ^2 + TIJ^2)^1/2 + DJ) / 2 + PE
    Total System Jitter     (TSJ):    0.071ns
    Total Input Jitter      (TIJ):    0.000ns
    Discrete Jitter          (DJ):    0.000ns
    Phase Error              (PE):    0.000ns

    Location             Delay type                Incr(ns)  Path(ns)    Netlist Resource(s)
  -------------------------------------------------------------------    -------------------
                         (clock clk_pin_p rise edge)
                                                      0.000     0.000 r  
    C15                                               0.000     0.000 r  clk (IN)
                         net (fo=0)                   0.000     0.000    clk
    C15                  IBUF (Prop_ibuf_I_O)         0.935     0.935 r  clk_IBUF_inst/O
                         net (fo=1, routed)           2.273     3.208    clk_IBUF
    BUFGCTRL_X0Y16       BUFG (Prop_bufg_I_O)         0.096     3.304 r  clk_IBUF_BUFG_inst/O
                         net (fo=58, routed)          1.632     4.937    clk_IBUF_BUFG
    SLICE_X0Y33          FDRE                                         r  coef_p1_reg[2]/C
  -------------------------------------------------------------------    -------------------
    SLICE_X0Y33          FDRE (Prop_fdre_C_Q)         0.456     5.393 r  coef_p1_reg[2]/Q
                         net (fo=32, routed)          1.639     7.032    coef_p1_reg_n_0_[2]
    SLICE_X5Y31          LUT6 (Prop_lut6_I0_O)        0.124     7.156 r  data_2_p2[11]_i_33/O
                         net (fo=2, routed)           0.880     8.036    data_2_p2[11]_i_33_n_0
    SLICE_X3Y30          LUT6 (Prop_lut6_I0_O)        0.124     8.160 r  data_2_p2[11]_i_37/O
                         net (fo=1, routed)           0.000     8.160    data_2_p2[11]_i_37_n_0
    SLICE_X3Y30          CARRY4 (Prop_carry4_S[3]_CO[3])
                                                      0.401     8.561 r  data_2_p2_reg[11]_i_13/CO[3]
                         net (fo=1, routed)           0.000     8.561    data_2_p2_reg[11]_i_13_n_0
    SLICE_X3Y31          CARRY4 (Prop_carry4_CI_O[0])
                                                      0.222     8.783 r  data_2_p2_reg[11]_i_11/O[0]
                         net (fo=2, routed)           0.957     9.739    data_2_p2_reg[11]_i_11_n_7
    SLICE_X2Y30          LUT3 (Prop_lut3_I2_O)        0.321    10.060 r  data_2_p2[11]_i_4/O
                         net (fo=2, routed)           0.631    10.691    data_2_p2[11]_i_4_n_0
    SLICE_X2Y30          CARRY4 (Prop_carry4_DI[1]_CO[3])
                                                      0.724    11.415 r  data_2_p2_reg[11]_i_1/CO[3]
                         net (fo=1, routed)           0.000    11.415    data_2_p2_reg[11]_i_1_n_0
    SLICE_X2Y31          CARRY4 (Prop_carry4_CI_O[1])
                                                      0.323    11.738 r  data_2_p2_reg[15]_i_1/O[1]
                         net (fo=1, routed)           0.000    11.738    data_2_p20[13]
    SLICE_X2Y31          FDRE                                         r  data_2_p2_reg[13]/D
  -------------------------------------------------------------------    -------------------

                         (clock clk_pin_p rise edge)
                                                     25.000    25.000 r  
    C15                                               0.000    25.000 r  clk (IN)
                         net (fo=0)                   0.000    25.000    clk
    C15                  IBUF (Prop_ibuf_I_O)         0.802    25.802 r  clk_IBUF_inst/O
                         net (fo=1, routed)           2.155    27.957    clk_IBUF
    BUFGCTRL_X0Y16       BUFG (Prop_bufg_I_O)         0.091    28.048 r  clk_IBUF_BUFG_inst/O
                         net (fo=58, routed)          1.512    29.560    clk_IBUF_BUFG
    SLICE_X2Y31          FDRE                                         r  data_2_p2_reg[13]/C
                         clock pessimism              0.349    29.910    
                         clock uncertainty           -0.035    29.874    
    SLICE_X2Y31          FDRE (Setup_fdre_C_D)        0.109    29.983    data_2_p2_reg[13]
  -------------------------------------------------------------------
                         required time                         29.983    
                         arrival time                         -11.738    
  -------------------------------------------------------------------
                         slack                                 18.245    





Min Delay Paths
--------------------------------------------------------------------------------------
Slack (MET) :             0.260ns  (arrival time - required time)
  Source:                 data_valid_p1_reg/C
                            (rising edge-triggered cell FDRE clocked by clk_pin_p  {rise@0.000ns fall@12.500ns period=25.000ns})
  Destination:            data_valid_p2_reg/D
                            (rising edge-triggered cell FDRE clocked by clk_pin_p  {rise@0.000ns fall@12.500ns period=25.000ns})
  Path Group:             clk_pin_p
  Path Type:              Hold (Min at Fast Process Corner)
  Requirement:            0.000ns  (clk_pin_p rise@0.000ns - clk_pin_p rise@0.000ns)
  Data Path Delay:        0.326ns  (logic 0.141ns (43.208%)  route 0.185ns (56.792%))
  Logic Levels:           0  
  Clock Path Skew:        0.000ns (DCD - SCD - CPR)
    Destination Clock Delay (DCD):    2.109ns
    Source Clock Delay      (SCD):    1.584ns
    Clock Pessimism Removal (CPR):    0.525ns

    Location             Delay type                Incr(ns)  Path(ns)    Netlist Resource(s)
  -------------------------------------------------------------------    -------------------
                         (clock clk_pin_p rise edge)
                                                      0.000     0.000 r  
    C15                                               0.000     0.000 r  clk (IN)
                         net (fo=0)                   0.000     0.000    clk
    C15                  IBUF (Prop_ibuf_I_O)         0.164     0.164 r  clk_IBUF_inst/O
                         net (fo=1, routed)           0.802     0.966    clk_IBUF
    BUFGCTRL_X0Y16       BUFG (Prop_bufg_I_O)         0.026     0.992 r  clk_IBUF_BUFG_inst/O
                         net (fo=58, routed)          0.593     1.584    clk_IBUF_BUFG
    SLICE_X0Y35          FDRE                                         r  data_valid_p1_reg/C
  -------------------------------------------------------------------    -------------------
    SLICE_X0Y35          FDRE (Prop_fdre_C_Q)         0.141     1.725 r  data_valid_p1_reg/Q
                         net (fo=2, routed)           0.185     1.911    data_valid_p1
    SLICE_X0Y35          FDRE                                         r  data_valid_p2_reg/D
  -------------------------------------------------------------------    -------------------

                         (clock clk_pin_p rise edge)
                                                      0.000     0.000 r  
    C15                                               0.000     0.000 r  clk (IN)
                         net (fo=0)                   0.000     0.000    clk
    C15                  IBUF (Prop_ibuf_I_O)         0.353     0.353 r  clk_IBUF_inst/O
                         net (fo=1, routed)           0.865     1.218    clk_IBUF
    BUFGCTRL_X0Y16       BUFG (Prop_bufg_I_O)         0.029     1.247 r  clk_IBUF_BUFG_inst/O
                         net (fo=58, routed)          0.863     2.109    clk_IBUF_BUFG
    SLICE_X0Y35          FDRE                                         r  data_valid_p2_reg/C
                         clock pessimism             -0.525     1.584    
    SLICE_X0Y35          FDRE (Hold_fdre_C_D)         0.066     1.650    data_valid_p2_reg
  -------------------------------------------------------------------
                         required time                         -1.650    
                         arrival time                           1.911    
  -------------------------------------------------------------------
                         slack                                  0.260    

Slack (MET) :             0.374ns  (arrival time - required time)
  Source:                 data_1_p1_reg[2]/C
                            (rising edge-triggered cell FDRE clocked by clk_pin_p  {rise@0.000ns fall@12.500ns period=25.000ns})
  Destination:            data_1_p2_reg[2]/D
                            (rising edge-triggered cell FDRE clocked by clk_pin_p  {rise@0.000ns fall@12.500ns period=25.000ns})
  Path Group:             clk_pin_p
  Path Type:              Hold (Min at Fast Process Corner)
  Requirement:            0.000ns  (clk_pin_p rise@0.000ns - clk_pin_p rise@0.000ns)
  Data Path Delay:        0.511ns  (logic 0.252ns (49.345%)  route 0.259ns (50.655%))
  Logic Levels:           2  (CARRY4=1 LUT6=1)
  Clock Path Skew:        0.032ns (DCD - SCD - CPR)
    Destination Clock Delay (DCD):    2.096ns
    Source Clock Delay      (SCD):    1.575ns
    Clock Pessimism Removal (CPR):    0.489ns

    Location             Delay type                Incr(ns)  Path(ns)    Netlist Resource(s)
  -------------------------------------------------------------------    -------------------
                         (clock clk_pin_p rise edge)
                                                      0.000     0.000 r  
    C15                                               0.000     0.000 r  clk (IN)
                         net (fo=0)                   0.000     0.000    clk
    C15                  IBUF (Prop_ibuf_I_O)         0.164     0.164 r  clk_IBUF_inst/O
                         net (fo=1, routed)           0.802     0.966    clk_IBUF
    BUFGCTRL_X0Y16       BUFG (Prop_bufg_I_O)         0.026     0.992 r  clk_IBUF_BUFG_inst/O
                         net (fo=58, routed)          0.584     1.575    clk_IBUF_BUFG
    SLICE_X1Y24          FDRE                                         r  data_1_p1_reg[2]/C
  -------------------------------------------------------------------    -------------------
    SLICE_X1Y24          FDRE (Prop_fdre_C_Q)         0.141     1.716 r  data_1_p1_reg[2]/Q
                         net (fo=16, routed)          0.259     1.975    data_1_p1_reg_n_0_[2]
    SLICE_X4Y24          LUT6 (Prop_lut6_I5_O)        0.045     2.020 r  data_1_p2[2]_i_6/O
                         net (fo=1, routed)           0.000     2.020    data_1_p2[2]_i_6_n_0
    SLICE_X4Y24          CARRY4 (Prop_carry4_S[2]_O[2])
                                                      0.066     2.086 r  data_1_p2_reg[2]_i_1/O[2]
                         net (fo=1, routed)           0.000     2.086    data_1_p20[2]
    SLICE_X4Y24          FDRE                                         r  data_1_p2_reg[2]/D
  -------------------------------------------------------------------    -------------------

                         (clock clk_pin_p rise edge)
                                                      0.000     0.000 r  
    C15                                               0.000     0.000 r  clk (IN)
                         net (fo=0)                   0.000     0.000    clk
    C15                  IBUF (Prop_ibuf_I_O)         0.353     0.353 r  clk_IBUF_inst/O
                         net (fo=1, routed)           0.865     1.218    clk_IBUF
    BUFGCTRL_X0Y16       BUFG (Prop_bufg_I_O)         0.029     1.247 r  clk_IBUF_BUFG_inst/O
                         net (fo=58, routed)          0.850     2.096    clk_IBUF_BUFG
    SLICE_X4Y24          FDRE                                         r  data_1_p2_reg[2]/C
                         clock pessimism             -0.489     1.607    
    SLICE_X4Y24          FDRE (Hold_fdre_C_D)         0.105     1.712    data_1_p2_reg[2]
  -------------------------------------------------------------------
                         required time                         -1.712    
                         arrival time                           2.086    
  -------------------------------------------------------------------
                         slack                                  0.374    

Slack (MET) :             0.422ns  (arrival time - required time)
  Source:                 data_2_p1_reg[1]/C
                            (rising edge-triggered cell FDRE clocked by clk_pin_p  {rise@0.000ns fall@12.500ns period=25.000ns})
  Destination:            data_2_p2_reg[1]/D
                            (rising edge-triggered cell FDRE clocked by clk_pin_p  {rise@0.000ns fall@12.500ns period=25.000ns})
  Path Group:             clk_pin_p
  Path Type:              Hold (Min at Fast Process Corner)
  Requirement:            0.000ns  (clk_pin_p rise@0.000ns - clk_pin_p rise@0.000ns)
  Data Path Delay:        0.542ns  (logic 0.251ns (46.281%)  route 0.291ns (53.719%))
  Logic Levels:           2  (CARRY4=1 LUT4=1)
  Clock Path Skew:        0.015ns (DCD - SCD - CPR)
    Destination Clock Delay (DCD):    2.103ns
    Source Clock Delay      (SCD):    1.578ns
    Clock Pessimism Removal (CPR):    0.510ns

    Location             Delay type                Incr(ns)  Path(ns)    Netlist Resource(s)
  -------------------------------------------------------------------    -------------------
                         (clock clk_pin_p rise edge)
                                                      0.000     0.000 r  
    C15                                               0.000     0.000 r  clk (IN)
                         net (fo=0)                   0.000     0.000    clk
    C15                  IBUF (Prop_ibuf_I_O)         0.164     0.164 r  clk_IBUF_inst/O
                         net (fo=1, routed)           0.802     0.966    clk_IBUF
    BUFGCTRL_X0Y16       BUFG (Prop_bufg_I_O)         0.026     0.992 r  clk_IBUF_BUFG_inst/O
                         net (fo=58, routed)          0.587     1.578    clk_IBUF_BUFG
    SLICE_X0Y27          FDRE                                         r  data_2_p1_reg[1]/C
  -------------------------------------------------------------------    -------------------
    SLICE_X0Y27          FDRE (Prop_fdre_C_Q)         0.141     1.719 r  data_2_p1_reg[1]/Q
                         net (fo=19, routed)          0.291     2.011    data_2_p1_reg_n_0_[1]
    SLICE_X3Y29          LUT4 (Prop_lut4_I1_O)        0.045     2.056 r  data_2_p2[2]_i_7/O
                         net (fo=1, routed)           0.000     2.056    data_2_p2[2]_i_7_n_0
    SLICE_X3Y29          CARRY4 (Prop_carry4_S[1]_O[1])
                                                      0.065     2.121 r  data_2_p2_reg[2]_i_1/O[1]
                         net (fo=1, routed)           0.000     2.121    data_2_p20[1]
    SLICE_X3Y29          FDRE                                         r  data_2_p2_reg[1]/D
  -------------------------------------------------------------------    -------------------

                         (clock clk_pin_p rise edge)
                                                      0.000     0.000 r  
    C15                                               0.000     0.000 r  clk (IN)
                         net (fo=0)                   0.000     0.000    clk
    C15                  IBUF (Prop_ibuf_I_O)         0.353     0.353 r  clk_IBUF_inst/O
                         net (fo=1, routed)           0.865     1.218    clk_IBUF
    BUFGCTRL_X0Y16       BUFG (Prop_bufg_I_O)         0.029     1.247 r  clk_IBUF_BUFG_inst/O
                         net (fo=58, routed)          0.857     2.103    clk_IBUF_BUFG
    SLICE_X3Y29          FDRE                                         r  data_2_p2_reg[1]/C
                         clock pessimism             -0.510     1.593    
    SLICE_X3Y29          FDRE (Hold_fdre_C_D)         0.105     1.698    data_2_p2_reg[1]
  -------------------------------------------------------------------
                         required time                         -1.698    
                         arrival time                           2.121    
  -------------------------------------------------------------------
                         slack                                  0.422    

Slack (MET) :             0.454ns  (arrival time - required time)
  Source:                 data_1_p1_reg[0]/C
                            (rising edge-triggered cell FDRE clocked by clk_pin_p  {rise@0.000ns fall@12.500ns period=25.000ns})
  Destination:            data_1_p2_reg[1]/D
                            (rising edge-triggered cell FDRE clocked by clk_pin_p  {rise@0.000ns fall@12.500ns period=25.000ns})
  Path Group:             clk_pin_p
  Path Type:              Hold (Min at Fast Process Corner)
  Requirement:            0.000ns  (clk_pin_p rise@0.000ns - clk_pin_p rise@0.000ns)
  Data Path Delay:        0.591ns  (logic 0.251ns (42.481%)  route 0.340ns (57.519%))
  Logic Levels:           2  (CARRY4=1 LUT4=1)
  Clock Path Skew:        0.032ns (DCD - SCD - CPR)
    Destination Clock Delay (DCD):    2.096ns
    Source Clock Delay      (SCD):    1.575ns
    Clock Pessimism Removal (CPR):    0.489ns

    Location             Delay type                Incr(ns)  Path(ns)    Netlist Resource(s)
  -------------------------------------------------------------------    -------------------
                         (clock clk_pin_p rise edge)
                                                      0.000     0.000 r  
    C15                                               0.000     0.000 r  clk (IN)
                         net (fo=0)                   0.000     0.000    clk
    C15                  IBUF (Prop_ibuf_I_O)         0.164     0.164 r  clk_IBUF_inst/O
                         net (fo=1, routed)           0.802     0.966    clk_IBUF
    BUFGCTRL_X0Y16       BUFG (Prop_bufg_I_O)         0.026     0.992 r  clk_IBUF_BUFG_inst/O
                         net (fo=58, routed)          0.584     1.575    clk_IBUF_BUFG
    SLICE_X1Y24          FDRE                                         r  data_1_p1_reg[0]/C
  -------------------------------------------------------------------    -------------------
    SLICE_X1Y24          FDRE (Prop_fdre_C_Q)         0.141     1.716 r  data_1_p1_reg[0]/Q
                         net (fo=13, routed)          0.340     2.056    data_1_p1_reg_n_0_[0]
    SLICE_X4Y24          LUT4 (Prop_lut4_I3_O)        0.045     2.101 r  data_1_p2[2]_i_7/O
                         net (fo=1, routed)           0.000     2.101    data_1_p2[2]_i_7_n_0
    SLICE_X4Y24          CARRY4 (Prop_carry4_S[1]_O[1])
                                                      0.065     2.166 r  data_1_p2_reg[2]_i_1/O[1]
                         net (fo=1, routed)           0.000     2.166    data_1_p20[1]
    SLICE_X4Y24          FDRE                                         r  data_1_p2_reg[1]/D
  -------------------------------------------------------------------    -------------------

                         (clock clk_pin_p rise edge)
                                                      0.000     0.000 r  
    C15                                               0.000     0.000 r  clk (IN)
                         net (fo=0)                   0.000     0.000    clk
    C15                  IBUF (Prop_ibuf_I_O)         0.353     0.353 r  clk_IBUF_inst/O
                         net (fo=1, routed)           0.865     1.218    clk_IBUF
    BUFGCTRL_X0Y16       BUFG (Prop_bufg_I_O)         0.029     1.247 r  clk_IBUF_BUFG_inst/O
                         net (fo=58, routed)          0.850     2.096    clk_IBUF_BUFG
    SLICE_X4Y24          FDRE                                         r  data_1_p2_reg[1]/C
                         clock pessimism             -0.489     1.607    
    SLICE_X4Y24          FDRE (Hold_fdre_C_D)         0.105     1.712    data_1_p2_reg[1]
  -------------------------------------------------------------------
                         required time                         -1.712    
                         arrival time                           2.166    
  -------------------------------------------------------------------
                         slack                                  0.454    

Slack (MET) :             0.469ns  (arrival time - required time)
  Source:                 data_2_p1_reg[1]/C
                            (rising edge-triggered cell FDRE clocked by clk_pin_p  {rise@0.000ns fall@12.500ns period=25.000ns})
  Destination:            data_2_p2_reg[2]/D
                            (rising edge-triggered cell FDRE clocked by clk_pin_p  {rise@0.000ns fall@12.500ns period=25.000ns})
  Path Group:             clk_pin_p
  Path Type:              Hold (Min at Fast Process Corner)
  Requirement:            0.000ns  (clk_pin_p rise@0.000ns - clk_pin_p rise@0.000ns)
  Data Path Delay:        0.589ns  (logic 0.298ns (50.566%)  route 0.291ns (49.434%))
  Logic Levels:           2  (CARRY4=1 LUT2=1)
  Clock Path Skew:        0.015ns (DCD - SCD - CPR)
    Destination Clock Delay (DCD):    2.103ns
    Source Clock Delay      (SCD):    1.578ns
    Clock Pessimism Removal (CPR):    0.510ns

    Location             Delay type                Incr(ns)  Path(ns)    Netlist Resource(s)
  -------------------------------------------------------------------    -------------------
                         (clock clk_pin_p rise edge)
                                                      0.000     0.000 r  
    C15                                               0.000     0.000 r  clk (IN)
                         net (fo=0)                   0.000     0.000    clk
    C15                  IBUF (Prop_ibuf_I_O)         0.164     0.164 r  clk_IBUF_inst/O
                         net (fo=1, routed)           0.802     0.966    clk_IBUF
    BUFGCTRL_X0Y16       BUFG (Prop_bufg_I_O)         0.026     0.992 r  clk_IBUF_BUFG_inst/O
                         net (fo=58, routed)          0.587     1.578    clk_IBUF_BUFG
    SLICE_X0Y27          FDRE                                         r  data_2_p1_reg[1]/C
  -------------------------------------------------------------------    -------------------
    SLICE_X0Y27          FDRE (Prop_fdre_C_Q)         0.141     1.719 r  data_2_p1_reg[1]/Q
                         net (fo=19, routed)          0.291     2.011    data_2_p1_reg_n_0_[1]
    SLICE_X3Y29          LUT2 (Prop_lut2_I1_O)        0.043     2.054 r  data_2_p2[2]_i_4/O
                         net (fo=1, routed)           0.000     2.054    data_2_p2[2]_i_4_n_0
    SLICE_X3Y29          CARRY4 (Prop_carry4_DI[1]_O[2])
                                                      0.114     2.168 r  data_2_p2_reg[2]_i_1/O[2]
                         net (fo=1, routed)           0.000     2.168    data_2_p20[2]
    SLICE_X3Y29          FDRE                                         r  data_2_p2_reg[2]/D
  -------------------------------------------------------------------    -------------------

                         (clock clk_pin_p rise edge)
                                                      0.000     0.000 r  
    C15                                               0.000     0.000 r  clk (IN)
                         net (fo=0)                   0.000     0.000    clk
    C15                  IBUF (Prop_ibuf_I_O)         0.353     0.353 r  clk_IBUF_inst/O
                         net (fo=1, routed)           0.865     1.218    clk_IBUF
    BUFGCTRL_X0Y16       BUFG (Prop_bufg_I_O)         0.029     1.247 r  clk_IBUF_BUFG_inst/O
                         net (fo=58, routed)          0.857     2.103    clk_IBUF_BUFG
    SLICE_X3Y29          FDRE                                         r  data_2_p2_reg[2]/C
                         clock pessimism             -0.510     1.593    
    SLICE_X3Y29          FDRE (Hold_fdre_C_D)         0.105     1.698    data_2_p2_reg[2]
  -------------------------------------------------------------------
                         required time                         -1.698    
                         arrival time                           2.168    
  -------------------------------------------------------------------
                         slack                                  0.469    

Slack (MET) :             0.470ns  (arrival time - required time)
  Source:                 data_1_p1_reg[0]/C
                            (rising edge-triggered cell FDRE clocked by clk_pin_p  {rise@0.000ns fall@12.500ns period=25.000ns})
  Destination:            data_1_p2_reg[0]/D
                            (rising edge-triggered cell FDRE clocked by clk_pin_p  {rise@0.000ns fall@12.500ns period=25.000ns})
  Path Group:             clk_pin_p
  Path Type:              Hold (Min at Fast Process Corner)
  Requirement:            0.000ns  (clk_pin_p rise@0.000ns - clk_pin_p rise@0.000ns)
  Data Path Delay:        0.607ns  (logic 0.256ns (42.190%)  route 0.351ns (57.810%))
  Logic Levels:           2  (CARRY4=1 LUT2=1)
  Clock Path Skew:        0.032ns (DCD - SCD - CPR)
    Destination Clock Delay (DCD):    2.096ns
    Source Clock Delay      (SCD):    1.575ns
    Clock Pessimism Removal (CPR):    0.489ns

    Location             Delay type                Incr(ns)  Path(ns)    Netlist Resource(s)
  -------------------------------------------------------------------    -------------------
                         (clock clk_pin_p rise edge)
                                                      0.000     0.000 r  
    C15                                               0.000     0.000 r  clk (IN)
                         net (fo=0)                   0.000     0.000    clk
    C15                  IBUF (Prop_ibuf_I_O)         0.164     0.164 r  clk_IBUF_inst/O
                         net (fo=1, routed)           0.802     0.966    clk_IBUF
    BUFGCTRL_X0Y16       BUFG (Prop_bufg_I_O)         0.026     0.992 r  clk_IBUF_BUFG_inst/O
                         net (fo=58, routed)          0.584     1.575    clk_IBUF_BUFG
    SLICE_X1Y24          FDRE                                         r  data_1_p1_reg[0]/C
  -------------------------------------------------------------------    -------------------
    SLICE_X1Y24          FDRE (Prop_fdre_C_Q)         0.141     1.716 r  data_1_p1_reg[0]/Q
                         net (fo=13, routed)          0.351     2.067    data_1_p1_reg_n_0_[0]
    SLICE_X4Y24          LUT2 (Prop_lut2_I0_O)        0.045     2.112 r  data_1_p2[2]_i_8/O
                         net (fo=1, routed)           0.000     2.112    data_1_p2[2]_i_8_n_0
    SLICE_X4Y24          CARRY4 (Prop_carry4_S[0]_O[0])
                                                      0.070     2.182 r  data_1_p2_reg[2]_i_1/O[0]
                         net (fo=1, routed)           0.000     2.182    data_1_p20[0]
    SLICE_X4Y24          FDRE                                         r  data_1_p2_reg[0]/D
  -------------------------------------------------------------------    -------------------

                         (clock clk_pin_p rise edge)
                                                      0.000     0.000 r  
    C15                                               0.000     0.000 r  clk (IN)
                         net (fo=0)                   0.000     0.000    clk
    C15                  IBUF (Prop_ibuf_I_O)         0.353     0.353 r  clk_IBUF_inst/O
                         net (fo=1, routed)           0.865     1.218    clk_IBUF
    BUFGCTRL_X0Y16       BUFG (Prop_bufg_I_O)         0.029     1.247 r  clk_IBUF_BUFG_inst/O
                         net (fo=58, routed)          0.850     2.096    clk_IBUF_BUFG
    SLICE_X4Y24          FDRE                                         r  data_1_p2_reg[0]/C
                         clock pessimism             -0.489     1.607    
    SLICE_X4Y24          FDRE (Hold_fdre_C_D)         0.105     1.712    data_1_p2_reg[0]
  -------------------------------------------------------------------
                         required time                         -1.712    
                         arrival time                           2.182    
  -------------------------------------------------------------------
                         slack                                  0.470    

Slack (MET) :             0.553ns  (arrival time - required time)
  Source:                 data_2_p1_reg[0]/C
                            (rising edge-triggered cell FDRE clocked by clk_pin_p  {rise@0.000ns fall@12.500ns period=25.000ns})
  Destination:            data_2_p2_reg[0]/D
                            (rising edge-triggered cell FDRE clocked by clk_pin_p  {rise@0.000ns fall@12.500ns period=25.000ns})
  Path Group:             clk_pin_p
  Path Type:              Hold (Min at Fast Process Corner)
  Requirement:            0.000ns  (clk_pin_p rise@0.000ns - clk_pin_p rise@0.000ns)
  Data Path Delay:        0.673ns  (logic 0.256ns (38.014%)  route 0.417ns (61.986%))
  Logic Levels:           2  (CARRY4=1 LUT2=1)
  Clock Path Skew:        0.015ns (DCD - SCD - CPR)
    Destination Clock Delay (DCD):    2.103ns
    Source Clock Delay      (SCD):    1.578ns
    Clock Pessimism Removal (CPR):    0.510ns

    Location             Delay type                Incr(ns)  Path(ns)    Netlist Resource(s)
  -------------------------------------------------------------------    -------------------
                         (clock clk_pin_p rise edge)
                                                      0.000     0.000 r  
    C15                                               0.000     0.000 r  clk (IN)
                         net (fo=0)                   0.000     0.000    clk
    C15                  IBUF (Prop_ibuf_I_O)         0.164     0.164 r  clk_IBUF_inst/O
                         net (fo=1, routed)           0.802     0.966    clk_IBUF
    BUFGCTRL_X0Y16       BUFG (Prop_bufg_I_O)         0.026     0.992 r  clk_IBUF_BUFG_inst/O
                         net (fo=58, routed)          0.587     1.578    clk_IBUF_BUFG
    SLICE_X1Y27          FDRE                                         r  data_2_p1_reg[0]/C
  -------------------------------------------------------------------    -------------------
    SLICE_X1Y27          FDRE (Prop_fdre_C_Q)         0.141     1.719 r  data_2_p1_reg[0]/Q
                         net (fo=13, routed)          0.417     2.137    data_2_p1_reg_n_0_[0]
    SLICE_X3Y29          LUT2 (Prop_lut2_I0_O)        0.045     2.182 r  data_2_p2[2]_i_8/O
                         net (fo=1, routed)           0.000     2.182    data_2_p2[2]_i_8_n_0
    SLICE_X3Y29          CARRY4 (Prop_carry4_S[0]_O[0])
                                                      0.070     2.252 r  data_2_p2_reg[2]_i_1/O[0]
                         net (fo=1, routed)           0.000     2.252    data_2_p20[0]
    SLICE_X3Y29          FDRE                                         r  data_2_p2_reg[0]/D
  -------------------------------------------------------------------    -------------------

                         (clock clk_pin_p rise edge)
                                                      0.000     0.000 r  
    C15                                               0.000     0.000 r  clk (IN)
                         net (fo=0)                   0.000     0.000    clk
    C15                  IBUF (Prop_ibuf_I_O)         0.353     0.353 r  clk_IBUF_inst/O
                         net (fo=1, routed)           0.865     1.218    clk_IBUF
    BUFGCTRL_X0Y16       BUFG (Prop_bufg_I_O)         0.029     1.247 r  clk_IBUF_BUFG_inst/O
                         net (fo=58, routed)          0.857     2.103    clk_IBUF_BUFG
    SLICE_X3Y29          FDRE                                         r  data_2_p2_reg[0]/C
                         clock pessimism             -0.510     1.593    
    SLICE_X3Y29          FDRE (Hold_fdre_C_D)         0.105     1.698    data_2_p2_reg[0]
  -------------------------------------------------------------------
                         required time                         -1.698    
                         arrival time                           2.252    
  -------------------------------------------------------------------
                         slack                                  0.553    

Slack (MET) :             0.625ns  (arrival time - required time)
  Source:                 coef_p1_reg[4]/C
                            (rising edge-triggered cell FDRE clocked by clk_pin_p  {rise@0.000ns fall@12.500ns period=25.000ns})
  Destination:            data_2_p2_reg[14]/D
                            (rising edge-triggered cell FDRE clocked by clk_pin_p  {rise@0.000ns fall@12.500ns period=25.000ns})
  Path Group:             clk_pin_p
  Path Type:              Hold (Min at Fast Process Corner)
  Requirement:            0.000ns  (clk_pin_p rise@0.000ns - clk_pin_p rise@0.000ns)
  Data Path Delay:        0.771ns  (logic 0.515ns (66.785%)  route 0.256ns (33.215%))
  Logic Levels:           4  (CARRY4=2 LUT3=1 LUT6=1)
  Clock Path Skew:        0.012ns (DCD - SCD - CPR)
    Destination Clock Delay (DCD):    2.105ns
    Source Clock Delay      (SCD):    1.583ns
    Clock Pessimism Removal (CPR):    0.510ns

    Location             Delay type                Incr(ns)  Path(ns)    Netlist Resource(s)
  -------------------------------------------------------------------    -------------------
                         (clock clk_pin_p rise edge)
                                                      0.000     0.000 r  
    C15                                               0.000     0.000 r  clk (IN)
                         net (fo=0)                   0.000     0.000    clk
    C15                  IBUF (Prop_ibuf_I_O)         0.164     0.164 r  clk_IBUF_inst/O
                         net (fo=1, routed)           0.802     0.966    clk_IBUF
    BUFGCTRL_X0Y16       BUFG (Prop_bufg_I_O)         0.026     0.992 r  clk_IBUF_BUFG_inst/O
                         net (fo=58, routed)          0.592     1.583    clk_IBUF_BUFG
    SLICE_X0Y33          FDRE                                         r  coef_p1_reg[4]/C
  -------------------------------------------------------------------    -------------------
    SLICE_X0Y33          FDRE (Prop_fdre_C_Q)         0.141     1.724 r  coef_p1_reg[4]/Q
                         net (fo=34, routed)          0.144     1.868    coef_p1_reg_n_0_[4]
    SLICE_X1Y31          LUT6 (Prop_lut6_I5_O)        0.045     1.913 r  data_2_p2[15]_i_23/O
                         net (fo=1, routed)           0.000     1.913    data_2_p2[15]_i_23_n_0
    SLICE_X1Y31          CARRY4 (Prop_carry4_S[0]_CO[2])
                                                      0.154     2.067 r  data_2_p2_reg[15]_i_11/CO[2]
                         net (fo=2, routed)           0.113     2.180    data_2_p2_reg[15]_i_11_n_1
    SLICE_X2Y31          LUT3 (Prop_lut3_I0_O)        0.110     2.290 r  data_2_p2[15]_i_5/O
                         net (fo=1, routed)           0.000     2.290    data_2_p2[15]_i_5_n_0
    SLICE_X2Y31          CARRY4 (Prop_carry4_S[2]_O[2])
                                                      0.065     2.355 r  data_2_p2_reg[15]_i_1/O[2]
                         net (fo=1, routed)           0.000     2.355    data_2_p20[14]
    SLICE_X2Y31          FDRE                                         r  data_2_p2_reg[14]/D
  -------------------------------------------------------------------    -------------------

                         (clock clk_pin_p rise edge)
                                                      0.000     0.000 r  
    C15                                               0.000     0.000 r  clk (IN)
                         net (fo=0)                   0.000     0.000    clk
    C15                  IBUF (Prop_ibuf_I_O)         0.353     0.353 r  clk_IBUF_inst/O
                         net (fo=1, routed)           0.865     1.218    clk_IBUF
    BUFGCTRL_X0Y16       BUFG (Prop_bufg_I_O)         0.029     1.247 r  clk_IBUF_BUFG_inst/O
                         net (fo=58, routed)          0.859     2.105    clk_IBUF_BUFG
    SLICE_X2Y31          FDRE                                         r  data_2_p2_reg[14]/C
                         clock pessimism             -0.510     1.595    
    SLICE_X2Y31          FDRE (Hold_fdre_C_D)         0.134     1.729    data_2_p2_reg[14]
  -------------------------------------------------------------------
                         required time                         -1.729    
                         arrival time                           2.355    
  -------------------------------------------------------------------
                         slack                                  0.625    

Slack (MET) :             0.661ns  (arrival time - required time)
  Source:                 coef_p1_reg[4]/C
                            (rising edge-triggered cell FDRE clocked by clk_pin_p  {rise@0.000ns fall@12.500ns period=25.000ns})
  Destination:            data_2_p2_reg[15]/D
                            (rising edge-triggered cell FDRE clocked by clk_pin_p  {rise@0.000ns fall@12.500ns period=25.000ns})
  Path Group:             clk_pin_p
  Path Type:              Hold (Min at Fast Process Corner)
  Requirement:            0.000ns  (clk_pin_p rise@0.000ns - clk_pin_p rise@0.000ns)
  Data Path Delay:        0.807ns  (logic 0.551ns (68.267%)  route 0.256ns (31.733%))
  Logic Levels:           4  (CARRY4=2 LUT3=1 LUT6=1)
  Clock Path Skew:        0.012ns (DCD - SCD - CPR)
    Destination Clock Delay (DCD):    2.105ns
    Source Clock Delay      (SCD):    1.583ns
    Clock Pessimism Removal (CPR):    0.510ns

    Location             Delay type                Incr(ns)  Path(ns)    Netlist Resource(s)
  -------------------------------------------------------------------    -------------------
                         (clock clk_pin_p rise edge)
                                                      0.000     0.000 r  
    C15                                               0.000     0.000 r  clk (IN)
                         net (fo=0)                   0.000     0.000    clk
    C15                  IBUF (Prop_ibuf_I_O)         0.164     0.164 r  clk_IBUF_inst/O
                         net (fo=1, routed)           0.802     0.966    clk_IBUF
    BUFGCTRL_X0Y16       BUFG (Prop_bufg_I_O)         0.026     0.992 r  clk_IBUF_BUFG_inst/O
                         net (fo=58, routed)          0.592     1.583    clk_IBUF_BUFG
    SLICE_X0Y33          FDRE                                         r  coef_p1_reg[4]/C
  -------------------------------------------------------------------    -------------------
    SLICE_X0Y33          FDRE (Prop_fdre_C_Q)         0.141     1.724 r  coef_p1_reg[4]/Q
                         net (fo=34, routed)          0.144     1.868    coef_p1_reg_n_0_[4]
    SLICE_X1Y31          LUT6 (Prop_lut6_I5_O)        0.045     1.913 r  data_2_p2[15]_i_23/O
                         net (fo=1, routed)           0.000     1.913    data_2_p2[15]_i_23_n_0
    SLICE_X1Y31          CARRY4 (Prop_carry4_S[0]_CO[2])
                                                      0.154     2.067 r  data_2_p2_reg[15]_i_11/CO[2]
                         net (fo=2, routed)           0.113     2.180    data_2_p2_reg[15]_i_11_n_1
    SLICE_X2Y31          LUT3 (Prop_lut3_I0_O)        0.110     2.290 r  data_2_p2[15]_i_5/O
                         net (fo=1, routed)           0.000     2.290    data_2_p2[15]_i_5_n_0
    SLICE_X2Y31          CARRY4 (Prop_carry4_S[2]_O[3])
                                                      0.101     2.391 r  data_2_p2_reg[15]_i_1/O[3]
                         net (fo=1, routed)           0.000     2.391    data_2_p20[15]
    SLICE_X2Y31          FDRE                                         r  data_2_p2_reg[15]/D
  -------------------------------------------------------------------    -------------------

                         (clock clk_pin_p rise edge)
                                                      0.000     0.000 r  
    C15                                               0.000     0.000 r  clk (IN)
                         net (fo=0)                   0.000     0.000    clk
    C15                  IBUF (Prop_ibuf_I_O)         0.353     0.353 r  clk_IBUF_inst/O
                         net (fo=1, routed)           0.865     1.218    clk_IBUF
    BUFGCTRL_X0Y16       BUFG (Prop_bufg_I_O)         0.029     1.247 r  clk_IBUF_BUFG_inst/O
                         net (fo=58, routed)          0.859     2.105    clk_IBUF_BUFG
    SLICE_X2Y31          FDRE                                         r  data_2_p2_reg[15]/C
                         clock pessimism             -0.510     1.595    
    SLICE_X2Y31          FDRE (Hold_fdre_C_D)         0.134     1.729    data_2_p2_reg[15]
  -------------------------------------------------------------------
                         required time                         -1.729    
                         arrival time                           2.391    
  -------------------------------------------------------------------
                         slack                                  0.661    

Slack (MET) :             0.678ns  (arrival time - required time)
  Source:                 coef_p1_reg[4]/C
                            (rising edge-triggered cell FDRE clocked by clk_pin_p  {rise@0.000ns fall@12.500ns period=25.000ns})
  Destination:            data_2_p2_reg[7]/D
                            (rising edge-triggered cell FDRE clocked by clk_pin_p  {rise@0.000ns fall@12.500ns period=25.000ns})
  Path Group:             clk_pin_p
  Path Type:              Hold (Min at Fast Process Corner)
  Requirement:            0.000ns  (clk_pin_p rise@0.000ns - clk_pin_p rise@0.000ns)
  Data Path Delay:        0.822ns  (logic 0.427ns (51.974%)  route 0.395ns (48.026%))
  Logic Levels:           4  (CARRY4=2 LUT4=1 LUT6=1)
  Clock Path Skew:        0.010ns (DCD - SCD - CPR)
    Destination Clock Delay (DCD):    2.103ns
    Source Clock Delay      (SCD):    1.583ns
    Clock Pessimism Removal (CPR):    0.510ns

    Location             Delay type                Incr(ns)  Path(ns)    Netlist Resource(s)
  -------------------------------------------------------------------    -------------------
                         (clock clk_pin_p rise edge)
                                                      0.000     0.000 r  
    C15                                               0.000     0.000 r  clk (IN)
                         net (fo=0)                   0.000     0.000    clk
    C15                  IBUF (Prop_ibuf_I_O)         0.164     0.164 r  clk_IBUF_inst/O
                         net (fo=1, routed)           0.802     0.966    clk_IBUF
    BUFGCTRL_X0Y16       BUFG (Prop_bufg_I_O)         0.026     0.992 r  clk_IBUF_BUFG_inst/O
                         net (fo=58, routed)          0.592     1.583    clk_IBUF_BUFG
    SLICE_X0Y33          FDRE                                         r  coef_p1_reg[4]/C
  -------------------------------------------------------------------    -------------------
    SLICE_X0Y33          FDRE (Prop_fdre_C_Q)         0.141     1.724 r  coef_p1_reg[4]/Q
                         net (fo=34, routed)          0.225     1.949    coef_p1_reg_n_0_[4]
    SLICE_X1Y30          LUT6 (Prop_lut6_I1_O)        0.045     1.994 r  data_2_p2[11]_i_21/O
                         net (fo=1, routed)           0.000     1.994    data_2_p2[11]_i_21_n_0
    SLICE_X1Y30          CARRY4 (Prop_carry4_S[0]_O[0])
                                                      0.070     2.064 r  data_2_p2_reg[11]_i_10/O[0]
                         net (fo=2, routed)           0.170     2.234    data_2_p2_reg[11]_i_10_n_7
    SLICE_X2Y29          LUT4 (Prop_lut4_I1_O)        0.107     2.341 r  data_2_p2[7]_i_6/O
                         net (fo=1, routed)           0.000     2.341    data_2_p2[7]_i_6_n_0
    SLICE_X2Y29          CARRY4 (Prop_carry4_S[3]_O[3])
                                                      0.064     2.405 r  data_2_p2_reg[7]_i_1/O[3]
                         net (fo=1, routed)           0.000     2.405    data_2_p20[7]
    SLICE_X2Y29          FDRE                                         r  data_2_p2_reg[7]/D
  -------------------------------------------------------------------    -------------------

                         (clock clk_pin_p rise edge)
                                                      0.000     0.000 r  
    C15                                               0.000     0.000 r  clk (IN)
                         net (fo=0)                   0.000     0.000    clk
    C15                  IBUF (Prop_ibuf_I_O)         0.353     0.353 r  clk_IBUF_inst/O
                         net (fo=1, routed)           0.865     1.218    clk_IBUF
    BUFGCTRL_X0Y16       BUFG (Prop_bufg_I_O)         0.029     1.247 r  clk_IBUF_BUFG_inst/O
                         net (fo=58, routed)          0.857     2.103    clk_IBUF_BUFG
    SLICE_X2Y29          FDRE                                         r  data_2_p2_reg[7]/C
                         clock pessimism             -0.510     1.593    
    SLICE_X2Y29          FDRE (Hold_fdre_C_D)         0.134     1.727    data_2_p2_reg[7]
  -------------------------------------------------------------------
                         required time                         -1.727    
                         arrival time                           2.405    
  -------------------------------------------------------------------
                         slack                                  0.678    





Pulse Width Checks
--------------------------------------------------------------------------------------
Clock Name:         clk_pin_p
Waveform(ns):       { 0.000 12.500 }
Period(ns):         25.000
Sources:            { clk }

Check Type        Corner  Lib Pin  Reference Pin  Required(ns)  Actual(ns)  Slack(ns)  Location        Pin
Min Period        n/a     BUFG/I   n/a            2.155         25.000      22.845     BUFGCTRL_X0Y16  clk_IBUF_BUFG_inst/I
Min Period        n/a     FDRE/C   n/a            1.000         25.000      24.000     SLICE_X1Y33     coef_p1_reg[0]/C
Min Period        n/a     FDRE/C   n/a            1.000         25.000      24.000     SLICE_X1Y33     coef_p1_reg[1]/C
Min Period        n/a     FDRE/C   n/a            1.000         25.000      24.000     SLICE_X0Y33     coef_p1_reg[2]/C
Min Period        n/a     FDRE/C   n/a            1.000         25.000      24.000     SLICE_X0Y33     coef_p1_reg[3]/C
Min Period        n/a     FDRE/C   n/a            1.000         25.000      24.000     SLICE_X0Y33     coef_p1_reg[4]/C
Min Period        n/a     FDRE/C   n/a            1.000         25.000      24.000     SLICE_X0Y33     coef_p1_reg[5]/C
Min Period        n/a     FDRE/C   n/a            1.000         25.000      24.000     SLICE_X0Y34     coef_p1_reg[6]/C
Min Period        n/a     FDRE/C   n/a            1.000         25.000      24.000     SLICE_X1Y31     coef_p1_reg[7]/C
Min Period        n/a     FDRE/C   n/a            1.000         25.000      24.000     SLICE_X1Y24     data_1_p1_reg[0]/C
Low Pulse Width   Slow    FDRE/C   n/a            0.500         12.500      12.000     SLICE_X1Y33     coef_p1_reg[0]/C
Low Pulse Width   Fast    FDRE/C   n/a            0.500         12.500      12.000     SLICE_X1Y33     coef_p1_reg[0]/C
Low Pulse Width   Slow    FDRE/C   n/a            0.500         12.500      12.000     SLICE_X1Y33     coef_p1_reg[1]/C
Low Pulse Width   Fast    FDRE/C   n/a            0.500         12.500      12.000     SLICE_X1Y33     coef_p1_reg[1]/C
Low Pulse Width   Slow    FDRE/C   n/a            0.500         12.500      12.000     SLICE_X0Y33     coef_p1_reg[2]/C
Low Pulse Width   Fast    FDRE/C   n/a            0.500         12.500      12.000     SLICE_X0Y33     coef_p1_reg[2]/C
Low Pulse Width   Slow    FDRE/C   n/a            0.500         12.500      12.000     SLICE_X0Y33     coef_p1_reg[3]/C
Low Pulse Width   Fast    FDRE/C   n/a            0.500         12.500      12.000     SLICE_X0Y33     coef_p1_reg[3]/C
Low Pulse Width   Slow    FDRE/C   n/a            0.500         12.500      12.000     SLICE_X0Y33     coef_p1_reg[4]/C
Low Pulse Width   Fast    FDRE/C   n/a            0.500         12.500      12.000     SLICE_X0Y33     coef_p1_reg[4]/C
High Pulse Width  Slow    FDRE/C   n/a            0.500         12.500      12.000     SLICE_X1Y33     coef_p1_reg[0]/C
High Pulse Width  Fast    FDRE/C   n/a            0.500         12.500      12.000     SLICE_X1Y33     coef_p1_reg[0]/C
High Pulse Width  Slow    FDRE/C   n/a            0.500         12.500      12.000     SLICE_X1Y33     coef_p1_reg[1]/C
High Pulse Width  Fast    FDRE/C   n/a            0.500         12.500      12.000     SLICE_X1Y33     coef_p1_reg[1]/C
High Pulse Width  Slow    FDRE/C   n/a            0.500         12.500      12.000     SLICE_X0Y33     coef_p1_reg[2]/C
High Pulse Width  Fast    FDRE/C   n/a            0.500         12.500      12.000     SLICE_X0Y33     coef_p1_reg[2]/C
High Pulse Width  Slow    FDRE/C   n/a            0.500         12.500      12.000     SLICE_X0Y33     coef_p1_reg[3]/C
High Pulse Width  Fast    FDRE/C   n/a            0.500         12.500      12.000     SLICE_X0Y33     coef_p1_reg[3]/C
High Pulse Width  Slow    FDRE/C   n/a            0.500         12.500      12.000     SLICE_X0Y33     coef_p1_reg[4]/C
High Pulse Width  Fast    FDRE/C   n/a            0.500         12.500      12.000     SLICE_X0Y33     coef_p1_reg[4]/C



--------------------------------------------------------------------------------------
Path Group:  (none)
From Clock:  clk_pin_p
  To Clock:  

Max Delay            33 Endpoints
Min Delay            33 Endpoints
--------------------------------------------------------------------------------------


Max Delay Paths
--------------------------------------------------------------------------------------
Slack:                    inf
  Source:                 data_valid_p2_reg/C
                            (rising edge-triggered cell FDRE clocked by clk_pin_p  {rise@0.000ns fall@12.500ns period=25.000ns})
  Destination:            out_valid
                            (output port)
  Path Group:             (none)
  Path Type:              Max at Slow Process Corner
  Data Path Delay:        9.068ns  (logic 3.069ns (33.844%)  route 5.999ns (66.156%))
  Logic Levels:           1  (OBUF=1)
  Clock Uncertainty:      0.025ns  ((TSJ^2 + TIJ^2)^1/2 + DJ) / 2 + PE
    Total System Jitter     (TSJ):    0.050ns
    Total Input Jitter      (TIJ):    0.000ns
    Discrete Jitter          (DJ):    0.000ns
    Phase Error              (PE):    0.000ns

    Location             Delay type                Incr(ns)  Path(ns)    Netlist Resource(s)
  -------------------------------------------------------------------    -------------------
                         (clock clk_pin_p rise edge)
                                                      0.000     0.000 r  
    C15                                               0.000     0.000 r  clk (IN)
                         net (fo=0)                   0.000     0.000    clk
    C15                  IBUF (Prop_ibuf_I_O)         0.935     0.935 r  clk_IBUF_inst/O
                         net (fo=1, routed)           2.273     3.208    clk_IBUF
    BUFGCTRL_X0Y16       BUFG (Prop_bufg_I_O)         0.096     3.304 r  clk_IBUF_BUFG_inst/O
                         net (fo=58, routed)          1.635     4.940    clk_IBUF_BUFG
    SLICE_X0Y35          FDRE                                         r  data_valid_p2_reg/C
  -------------------------------------------------------------------    -------------------
    SLICE_X0Y35          FDRE (Prop_fdre_C_Q)         0.456     5.396 r  data_valid_p2_reg/Q
                         net (fo=1, routed)           5.999    11.395    out_valid_OBUF
    A14                  OBUF (Prop_obuf_I_O)         2.613    14.008 r  out_valid_OBUF_inst/O
                         net (fo=0)                   0.000    14.008    out_valid
    A14                                                               r  out_valid (OUT)
  -------------------------------------------------------------------    -------------------

Slack:                    inf
  Source:                 data_2_p2_reg[14]/C
                            (rising edge-triggered cell FDRE clocked by clk_pin_p  {rise@0.000ns fall@12.500ns period=25.000ns})
  Destination:            data_out_2[14]
                            (output port)
  Path Group:             (none)
  Path Type:              Max at Slow Process Corner
  Data Path Delay:        5.251ns  (logic 3.134ns (59.692%)  route 2.117ns (40.308%))
  Logic Levels:           1  (OBUF=1)
  Clock Uncertainty:      0.025ns  ((TSJ^2 + TIJ^2)^1/2 + DJ) / 2 + PE
    Total System Jitter     (TSJ):    0.050ns
    Total Input Jitter      (TIJ):    0.000ns
    Discrete Jitter          (DJ):    0.000ns
    Phase Error              (PE):    0.000ns

    Location             Delay type                Incr(ns)  Path(ns)    Netlist Resource(s)
  -------------------------------------------------------------------    -------------------
                         (clock clk_pin_p rise edge)
                                                      0.000     0.000 r  
    C15                                               0.000     0.000 r  clk (IN)
                         net (fo=0)                   0.000     0.000    clk
    C15                  IBUF (Prop_ibuf_I_O)         0.935     0.935 r  clk_IBUF_inst/O
                         net (fo=1, routed)           2.273     3.208    clk_IBUF
    BUFGCTRL_X0Y16       BUFG (Prop_bufg_I_O)         0.096     3.304 r  clk_IBUF_BUFG_inst/O
                         net (fo=58, routed)          1.629     4.934    clk_IBUF_BUFG
    SLICE_X2Y31          FDRE                                         r  data_2_p2_reg[14]/C
  -------------------------------------------------------------------    -------------------
    SLICE_X2Y31          FDRE (Prop_fdre_C_Q)         0.518     5.452 r  data_2_p2_reg[14]/Q
                         net (fo=1, routed)           2.117     7.568    data_out_2_OBUF[14]
    G18                  OBUF (Prop_obuf_I_O)         2.616    10.185 r  data_out_2_OBUF[14]_inst/O
                         net (fo=0)                   0.000    10.185    data_out_2[14]
    G18                                                               r  data_out_2[14] (OUT)
  -------------------------------------------------------------------    -------------------

Slack:                    inf
  Source:                 data_2_p2_reg[15]/C
                            (rising edge-triggered cell FDRE clocked by clk_pin_p  {rise@0.000ns fall@12.500ns period=25.000ns})
  Destination:            data_out_2[15]
                            (output port)
  Path Group:             (none)
  Path Type:              Max at Slow Process Corner
  Data Path Delay:        5.248ns  (logic 3.139ns (59.819%)  route 2.109ns (40.181%))
  Logic Levels:           1  (OBUF=1)
  Clock Uncertainty:      0.025ns  ((TSJ^2 + TIJ^2)^1/2 + DJ) / 2 + PE
    Total System Jitter     (TSJ):    0.050ns
    Total Input Jitter      (TIJ):    0.000ns
    Discrete Jitter          (DJ):    0.000ns
    Phase Error              (PE):    0.000ns

    Location             Delay type                Incr(ns)  Path(ns)    Netlist Resource(s)
  -------------------------------------------------------------------    -------------------
                         (clock clk_pin_p rise edge)
                                                      0.000     0.000 r  
    C15                                               0.000     0.000 r  clk (IN)
                         net (fo=0)                   0.000     0.000    clk
    C15                  IBUF (Prop_ibuf_I_O)         0.935     0.935 r  clk_IBUF_inst/O
                         net (fo=1, routed)           2.273     3.208    clk_IBUF
    BUFGCTRL_X0Y16       BUFG (Prop_bufg_I_O)         0.096     3.304 r  clk_IBUF_BUFG_inst/O
                         net (fo=58, routed)          1.629     4.934    clk_IBUF_BUFG
    SLICE_X2Y31          FDRE                                         r  data_2_p2_reg[15]/C
  -------------------------------------------------------------------    -------------------
    SLICE_X2Y31          FDRE (Prop_fdre_C_Q)         0.518     5.452 r  data_2_p2_reg[15]/Q
                         net (fo=1, routed)           2.109     7.560    data_out_2_OBUF[15]
    D19                  OBUF (Prop_obuf_I_O)         2.621    10.181 r  data_out_2_OBUF[15]_inst/O
                         net (fo=0)                   0.000    10.181    data_out_2[15]
    D19                                                               r  data_out_2[15] (OUT)
  -------------------------------------------------------------------    -------------------

Slack:                    inf
  Source:                 data_2_p2_reg[13]/C
                            (rising edge-triggered cell FDRE clocked by clk_pin_p  {rise@0.000ns fall@12.500ns period=25.000ns})
  Destination:            data_out_2[13]
                            (output port)
  Path Group:             (none)
  Path Type:              Max at Slow Process Corner
  Data Path Delay:        5.222ns  (logic 3.133ns (59.994%)  route 2.089ns (40.006%))
  Logic Levels:           1  (OBUF=1)
  Clock Uncertainty:      0.025ns  ((TSJ^2 + TIJ^2)^1/2 + DJ) / 2 + PE
    Total System Jitter     (TSJ):    0.050ns
    Total Input Jitter      (TIJ):    0.000ns
    Discrete Jitter          (DJ):    0.000ns
    Phase Error              (PE):    0.000ns

    Location             Delay type                Incr(ns)  Path(ns)    Netlist Resource(s)
  -------------------------------------------------------------------    -------------------
                         (clock clk_pin_p rise edge)
                                                      0.000     0.000 r  
    C15                                               0.000     0.000 r  clk (IN)
                         net (fo=0)                   0.000     0.000    clk
    C15                  IBUF (Prop_ibuf_I_O)         0.935     0.935 r  clk_IBUF_inst/O
                         net (fo=1, routed)           2.273     3.208    clk_IBUF
    BUFGCTRL_X0Y16       BUFG (Prop_bufg_I_O)         0.096     3.304 r  clk_IBUF_BUFG_inst/O
                         net (fo=58, routed)          1.629     4.934    clk_IBUF_BUFG
    SLICE_X2Y31          FDRE                                         r  data_2_p2_reg[13]/C
  -------------------------------------------------------------------    -------------------
    SLICE_X2Y31          FDRE (Prop_fdre_C_Q)         0.518     5.452 r  data_2_p2_reg[13]/Q
                         net (fo=1, routed)           2.089     7.541    data_out_2_OBUF[13]
    F18                  OBUF (Prop_obuf_I_O)         2.615    10.156 r  data_out_2_OBUF[13]_inst/O
                         net (fo=0)                   0.000    10.156    data_out_2[13]
    F18                                                               r  data_out_2[13] (OUT)
  -------------------------------------------------------------------    -------------------

Slack:                    inf
  Source:                 data_2_p2_reg[10]/C
                            (rising edge-triggered cell FDRE clocked by clk_pin_p  {rise@0.000ns fall@12.500ns period=25.000ns})
  Destination:            data_out_2[10]
                            (output port)
  Path Group:             (none)
  Path Type:              Max at Slow Process Corner
  Data Path Delay:        5.221ns  (logic 3.130ns (59.961%)  route 2.090ns (40.039%))
  Logic Levels:           1  (OBUF=1)
  Clock Uncertainty:      0.025ns  ((TSJ^2 + TIJ^2)^1/2 + DJ) / 2 + PE
    Total System Jitter     (TSJ):    0.050ns
    Total Input Jitter      (TIJ):    0.000ns
    Discrete Jitter          (DJ):    0.000ns
    Phase Error              (PE):    0.000ns

    Location             Delay type                Incr(ns)  Path(ns)    Netlist Resource(s)
  -------------------------------------------------------------------    -------------------
                         (clock clk_pin_p rise edge)
                                                      0.000     0.000 r  
    C15                                               0.000     0.000 r  clk (IN)
                         net (fo=0)                   0.000     0.000    clk
    C15                  IBUF (Prop_ibuf_I_O)         0.935     0.935 r  clk_IBUF_inst/O
                         net (fo=1, routed)           2.273     3.208    clk_IBUF
    BUFGCTRL_X0Y16       BUFG (Prop_bufg_I_O)         0.096     3.304 r  clk_IBUF_BUFG_inst/O
                         net (fo=58, routed)          1.628     4.933    clk_IBUF_BUFG
    SLICE_X2Y30          FDRE                                         r  data_2_p2_reg[10]/C
  -------------------------------------------------------------------    -------------------
    SLICE_X2Y30          FDRE (Prop_fdre_C_Q)         0.518     5.451 r  data_2_p2_reg[10]/Q
                         net (fo=1, routed)           2.090     7.541    data_out_2_OBUF[10]
    H19                  OBUF (Prop_obuf_I_O)         2.612    10.153 r  data_out_2_OBUF[10]_inst/O
                         net (fo=0)                   0.000    10.153    data_out_2[10]
    H19                                                               r  data_out_2[10] (OUT)
  -------------------------------------------------------------------    -------------------

Slack:                    inf
  Source:                 data_2_p2_reg[12]/C
                            (rising edge-triggered cell FDRE clocked by clk_pin_p  {rise@0.000ns fall@12.500ns period=25.000ns})
  Destination:            data_out_2[12]
                            (output port)
  Path Group:             (none)
  Path Type:              Max at Slow Process Corner
  Data Path Delay:        5.215ns  (logic 3.146ns (60.328%)  route 2.069ns (39.672%))
  Logic Levels:           1  (OBUF=1)
  Clock Uncertainty:      0.025ns  ((TSJ^2 + TIJ^2)^1/2 + DJ) / 2 + PE
    Total System Jitter     (TSJ):    0.050ns
    Total Input Jitter      (TIJ):    0.000ns
    Discrete Jitter          (DJ):    0.000ns
    Phase Error              (PE):    0.000ns

    Location             Delay type                Incr(ns)  Path(ns)    Netlist Resource(s)
  -------------------------------------------------------------------    -------------------
                         (clock clk_pin_p rise edge)
                                                      0.000     0.000 r  
    C15                                               0.000     0.000 r  clk (IN)
                         net (fo=0)                   0.000     0.000    clk
    C15                  IBUF (Prop_ibuf_I_O)         0.935     0.935 r  clk_IBUF_inst/O
                         net (fo=1, routed)           2.273     3.208    clk_IBUF
    BUFGCTRL_X0Y16       BUFG (Prop_bufg_I_O)         0.096     3.304 r  clk_IBUF_BUFG_inst/O
                         net (fo=58, routed)          1.629     4.934    clk_IBUF_BUFG
    SLICE_X2Y31          FDRE                                         r  data_2_p2_reg[12]/C
  -------------------------------------------------------------------    -------------------
    SLICE_X2Y31          FDRE (Prop_fdre_C_Q)         0.518     5.452 r  data_2_p2_reg[12]/Q
                         net (fo=1, routed)           2.069     7.521    data_out_2_OBUF[12]
    E18                  OBUF (Prop_obuf_I_O)         2.628    10.149 r  data_out_2_OBUF[12]_inst/O
                         net (fo=0)                   0.000    10.149    data_out_2[12]
    E18                                                               r  data_out_2[12] (OUT)
  -------------------------------------------------------------------    -------------------

Slack:                    inf
  Source:                 data_2_p2_reg[11]/C
                            (rising edge-triggered cell FDRE clocked by clk_pin_p  {rise@0.000ns fall@12.500ns period=25.000ns})
  Destination:            data_out_2[11]
                            (output port)
  Path Group:             (none)
  Path Type:              Max at Slow Process Corner
  Data Path Delay:        5.195ns  (logic 3.141ns (60.452%)  route 2.055ns (39.548%))
  Logic Levels:           1  (OBUF=1)
  Clock Uncertainty:      0.025ns  ((TSJ^2 + TIJ^2)^1/2 + DJ) / 2 + PE
    Total System Jitter     (TSJ):    0.050ns
    Total Input Jitter      (TIJ):    0.000ns
    Discrete Jitter          (DJ):    0.000ns
    Phase Error              (PE):    0.000ns

    Location             Delay type                Incr(ns)  Path(ns)    Netlist Resource(s)
  -------------------------------------------------------------------    -------------------
                         (clock clk_pin_p rise edge)
                                                      0.000     0.000 r  
    C15                                               0.000     0.000 r  clk (IN)
                         net (fo=0)                   0.000     0.000    clk
    C15                  IBUF (Prop_ibuf_I_O)         0.935     0.935 r  clk_IBUF_inst/O
                         net (fo=1, routed)           2.273     3.208    clk_IBUF
    BUFGCTRL_X0Y16       BUFG (Prop_bufg_I_O)         0.096     3.304 r  clk_IBUF_BUFG_inst/O
                         net (fo=58, routed)          1.628     4.933    clk_IBUF_BUFG
    SLICE_X2Y30          FDRE                                         r  data_2_p2_reg[11]/C
  -------------------------------------------------------------------    -------------------
    SLICE_X2Y30          FDRE (Prop_fdre_C_Q)         0.518     5.451 r  data_2_p2_reg[11]/Q
                         net (fo=1, routed)           2.055     7.505    data_out_2_OBUF[11]
    E19                  OBUF (Prop_obuf_I_O)         2.623    10.128 r  data_out_2_OBUF[11]_inst/O
                         net (fo=0)                   0.000    10.128    data_out_2[11]
    E19                                                               r  data_out_2[11] (OUT)
  -------------------------------------------------------------------    -------------------

Slack:                    inf
  Source:                 data_1_p2_reg[0]/C
                            (rising edge-triggered cell FDRE clocked by clk_pin_p  {rise@0.000ns fall@12.500ns period=25.000ns})
  Destination:            data_out_1[0]
                            (output port)
  Path Group:             (none)
  Path Type:              Max at Slow Process Corner
  Data Path Delay:        5.093ns  (logic 3.055ns (59.982%)  route 2.038ns (40.018%))
  Logic Levels:           1  (OBUF=1)
  Clock Uncertainty:      0.025ns  ((TSJ^2 + TIJ^2)^1/2 + DJ) / 2 + PE
    Total System Jitter     (TSJ):    0.050ns
    Total Input Jitter      (TIJ):    0.000ns
    Discrete Jitter          (DJ):    0.000ns
    Phase Error              (PE):    0.000ns

    Location             Delay type                Incr(ns)  Path(ns)    Netlist Resource(s)
  -------------------------------------------------------------------    -------------------
                         (clock clk_pin_p rise edge)
                                                      0.000     0.000 r  
    C15                                               0.000     0.000 r  clk (IN)
                         net (fo=0)                   0.000     0.000    clk
    C15                  IBUF (Prop_ibuf_I_O)         0.935     0.935 r  clk_IBUF_inst/O
                         net (fo=1, routed)           2.273     3.208    clk_IBUF
    BUFGCTRL_X0Y16       BUFG (Prop_bufg_I_O)         0.096     3.304 r  clk_IBUF_BUFG_inst/O
                         net (fo=58, routed)          1.617     4.922    clk_IBUF_BUFG
    SLICE_X4Y24          FDRE                                         r  data_1_p2_reg[0]/C
  -------------------------------------------------------------------    -------------------
    SLICE_X4Y24          FDRE (Prop_fdre_C_Q)         0.456     5.378 r  data_1_p2_reg[0]/Q
                         net (fo=1, routed)           2.038     7.416    data_out_1_OBUF[0]
    T17                  OBUF (Prop_obuf_I_O)         2.599    10.015 r  data_out_1_OBUF[0]_inst/O
                         net (fo=0)                   0.000    10.015    data_out_1[0]
    T17                                                               r  data_out_1[0] (OUT)
  -------------------------------------------------------------------    -------------------

Slack:                    inf
  Source:                 data_2_p2_reg[9]/C
                            (rising edge-triggered cell FDRE clocked by clk_pin_p  {rise@0.000ns fall@12.500ns period=25.000ns})
  Destination:            data_out_2[9]
                            (output port)
  Path Group:             (none)
  Path Type:              Max at Slow Process Corner
  Data Path Delay:        5.049ns  (logic 3.135ns (62.092%)  route 1.914ns (37.908%))
  Logic Levels:           1  (OBUF=1)
  Clock Uncertainty:      0.025ns  ((TSJ^2 + TIJ^2)^1/2 + DJ) / 2 + PE
    Total System Jitter     (TSJ):    0.050ns
    Total Input Jitter      (TIJ):    0.000ns
    Discrete Jitter          (DJ):    0.000ns
    Phase Error              (PE):    0.000ns

    Location             Delay type                Incr(ns)  Path(ns)    Netlist Resource(s)
  -------------------------------------------------------------------    -------------------
                         (clock clk_pin_p rise edge)
                                                      0.000     0.000 r  
    C15                                               0.000     0.000 r  clk (IN)
                         net (fo=0)                   0.000     0.000    clk
    C15                  IBUF (Prop_ibuf_I_O)         0.935     0.935 r  clk_IBUF_inst/O
                         net (fo=1, routed)           2.273     3.208    clk_IBUF
    BUFGCTRL_X0Y16       BUFG (Prop_bufg_I_O)         0.096     3.304 r  clk_IBUF_BUFG_inst/O
                         net (fo=58, routed)          1.628     4.933    clk_IBUF_BUFG
    SLICE_X2Y30          FDRE                                         r  data_2_p2_reg[9]/C
  -------------------------------------------------------------------    -------------------
    SLICE_X2Y30          FDRE (Prop_fdre_C_Q)         0.518     5.451 r  data_2_p2_reg[9]/Q
                         net (fo=1, routed)           1.914     7.365    data_out_2_OBUF[9]
    G19                  OBUF (Prop_obuf_I_O)         2.617     9.981 r  data_out_2_OBUF[9]_inst/O
                         net (fo=0)                   0.000     9.981    data_out_2[9]
    G19                                                               r  data_out_2[9] (OUT)
  -------------------------------------------------------------------    -------------------

Slack:                    inf
  Source:                 data_2_p2_reg[7]/C
                            (rising edge-triggered cell FDRE clocked by clk_pin_p  {rise@0.000ns fall@12.500ns period=25.000ns})
  Destination:            data_out_2[7]
                            (output port)
  Path Group:             (none)
  Path Type:              Max at Slow Process Corner
  Data Path Delay:        5.048ns  (logic 3.140ns (62.209%)  route 1.908ns (37.791%))
  Logic Levels:           1  (OBUF=1)
  Clock Uncertainty:      0.025ns  ((TSJ^2 + TIJ^2)^1/2 + DJ) / 2 + PE
    Total System Jitter     (TSJ):    0.050ns
    Total Input Jitter      (TIJ):    0.000ns
    Discrete Jitter          (DJ):    0.000ns
    Phase Error              (PE):    0.000ns

    Location             Delay type                Incr(ns)  Path(ns)    Netlist Resource(s)
  -------------------------------------------------------------------    -------------------
                         (clock clk_pin_p rise edge)
                                                      0.000     0.000 r  
    C15                                               0.000     0.000 r  clk (IN)
                         net (fo=0)                   0.000     0.000    clk
    C15                  IBUF (Prop_ibuf_I_O)         0.935     0.935 r  clk_IBUF_inst/O
                         net (fo=1, routed)           2.273     3.208    clk_IBUF
    BUFGCTRL_X0Y16       BUFG (Prop_bufg_I_O)         0.096     3.304 r  clk_IBUF_BUFG_inst/O
                         net (fo=58, routed)          1.627     4.932    clk_IBUF_BUFG
    SLICE_X2Y29          FDRE                                         r  data_2_p2_reg[7]/C
  -------------------------------------------------------------------    -------------------
    SLICE_X2Y29          FDRE (Prop_fdre_C_Q)         0.518     5.450 r  data_2_p2_reg[7]/Q
                         net (fo=1, routed)           1.908     7.357    data_out_2_OBUF[7]
    G17                  OBUF (Prop_obuf_I_O)         2.622     9.979 r  data_out_2_OBUF[7]_inst/O
                         net (fo=0)                   0.000     9.979    data_out_2[7]
    G17                                                               r  data_out_2[7] (OUT)
  -------------------------------------------------------------------    -------------------





Min Delay Paths
--------------------------------------------------------------------------------------
Slack:                    inf
  Source:                 data_2_p2_reg[0]/C
                            (rising edge-triggered cell FDRE clocked by clk_pin_p  {rise@0.000ns fall@12.500ns period=25.000ns})
  Destination:            data_out_2[0]
                            (output port)
  Path Group:             (none)
  Path Type:              Min at Fast Process Corner
  Data Path Delay:        1.642ns  (logic 1.247ns (75.935%)  route 0.395ns (24.065%))
  Logic Levels:           1  (OBUF=1)
  Clock Uncertainty:      0.025ns  ((TSJ^2 + TIJ^2)^1/2 + DJ) / 2 + PE
    Total System Jitter     (TSJ):    0.050ns
    Total Input Jitter      (TIJ):    0.000ns
    Discrete Jitter          (DJ):    0.000ns
    Phase Error              (PE):    0.000ns

    Location             Delay type                Incr(ns)  Path(ns)    Netlist Resource(s)
  -------------------------------------------------------------------    -------------------
                         (clock clk_pin_p rise edge)
                                                      0.000     0.000 r  
    C15                                               0.000     0.000 r  clk (IN)
                         net (fo=0)                   0.000     0.000    clk
    C15                  IBUF (Prop_ibuf_I_O)         0.164     0.164 r  clk_IBUF_inst/O
                         net (fo=1, routed)           0.802     0.966    clk_IBUF
    BUFGCTRL_X0Y16       BUFG (Prop_bufg_I_O)         0.026     0.992 r  clk_IBUF_BUFG_inst/O
                         net (fo=58, routed)          0.588     1.579    clk_IBUF_BUFG
    SLICE_X3Y29          FDRE                                         r  data_2_p2_reg[0]/C
  -------------------------------------------------------------------    -------------------
    SLICE_X3Y29          FDRE (Prop_fdre_C_Q)         0.141     1.720 r  data_2_p2_reg[0]/Q
                         net (fo=1, routed)           0.395     2.116    data_out_2_OBUF[0]
    N18                  OBUF (Prop_obuf_I_O)         1.106     3.221 r  data_out_2_OBUF[0]_inst/O
                         net (fo=0)                   0.000     3.221    data_out_2[0]
    N18                                                               r  data_out_2[0] (OUT)
  -------------------------------------------------------------------    -------------------

Slack:                    inf
  Source:                 data_2_p2_reg[3]/C
                            (rising edge-triggered cell FDRE clocked by clk_pin_p  {rise@0.000ns fall@12.500ns period=25.000ns})
  Destination:            data_out_2[3]
                            (output port)
  Path Group:             (none)
  Path Type:              Min at Fast Process Corner
  Data Path Delay:        1.643ns  (logic 1.276ns (77.655%)  route 0.367ns (22.345%))
  Logic Levels:           1  (OBUF=1)
  Clock Uncertainty:      0.025ns  ((TSJ^2 + TIJ^2)^1/2 + DJ) / 2 + PE
    Total System Jitter     (TSJ):    0.050ns
    Total Input Jitter      (TIJ):    0.000ns
    Discrete Jitter          (DJ):    0.000ns
    Phase Error              (PE):    0.000ns

    Location             Delay type                Incr(ns)  Path(ns)    Netlist Resource(s)
  -------------------------------------------------------------------    -------------------
                         (clock clk_pin_p rise edge)
                                                      0.000     0.000 r  
    C15                                               0.000     0.000 r  clk (IN)
                         net (fo=0)                   0.000     0.000    clk
    C15                  IBUF (Prop_ibuf_I_O)         0.164     0.164 r  clk_IBUF_inst/O
                         net (fo=1, routed)           0.802     0.966    clk_IBUF
    BUFGCTRL_X0Y16       BUFG (Prop_bufg_I_O)         0.026     0.992 r  clk_IBUF_BUFG_inst/O
                         net (fo=58, routed)          0.588     1.579    clk_IBUF_BUFG
    SLICE_X0Y29          FDRE                                         r  data_2_p2_reg[3]/C
  -------------------------------------------------------------------    -------------------
    SLICE_X0Y29          FDRE (Prop_fdre_C_Q)         0.141     1.720 r  data_2_p2_reg[3]/Q
                         net (fo=1, routed)           0.367     2.088    data_out_2_OBUF[3]
    J18                  OBUF (Prop_obuf_I_O)         1.135     3.222 r  data_out_2_OBUF[3]_inst/O
                         net (fo=0)                   0.000     3.222    data_out_2[3]
    J18                                                               r  data_out_2[3] (OUT)
  -------------------------------------------------------------------    -------------------

Slack:                    inf
  Source:                 data_1_p2_reg[13]/C
                            (rising edge-triggered cell FDRE clocked by clk_pin_p  {rise@0.000ns fall@12.500ns period=25.000ns})
  Destination:            data_out_1[13]
                            (output port)
  Path Group:             (none)
  Path Type:              Min at Fast Process Corner
  Data Path Delay:        1.651ns  (logic 1.277ns (77.370%)  route 0.374ns (22.630%))
  Logic Levels:           1  (OBUF=1)
  Clock Uncertainty:      0.025ns  ((TSJ^2 + TIJ^2)^1/2 + DJ) / 2 + PE
    Total System Jitter     (TSJ):    0.050ns
    Total Input Jitter      (TIJ):    0.000ns
    Discrete Jitter          (DJ):    0.000ns
    Phase Error              (PE):    0.000ns

    Location             Delay type                Incr(ns)  Path(ns)    Netlist Resource(s)
  -------------------------------------------------------------------    -------------------
                         (clock clk_pin_p rise edge)
                                                      0.000     0.000 r  
    C15                                               0.000     0.000 r  clk (IN)
                         net (fo=0)                   0.000     0.000    clk
    C15                  IBUF (Prop_ibuf_I_O)         0.164     0.164 r  clk_IBUF_inst/O
                         net (fo=1, routed)           0.802     0.966    clk_IBUF
    BUFGCTRL_X0Y16       BUFG (Prop_bufg_I_O)         0.026     0.992 r  clk_IBUF_BUFG_inst/O
                         net (fo=58, routed)          0.585     1.576    clk_IBUF_BUFG
    SLICE_X6Y27          FDRE                                         r  data_1_p2_reg[13]/C
  -------------------------------------------------------------------    -------------------
    SLICE_X6Y27          FDRE (Prop_fdre_C_Q)         0.164     1.740 r  data_1_p2_reg[13]/Q
                         net (fo=1, routed)           0.374     2.114    data_out_1_OBUF[13]
    R19                  OBUF (Prop_obuf_I_O)         1.113     3.228 r  data_out_1_OBUF[13]_inst/O
                         net (fo=0)                   0.000     3.228    data_out_1[13]
    R19                                                               r  data_out_1[13] (OUT)
  -------------------------------------------------------------------    -------------------

Slack:                    inf
  Source:                 data_1_p2_reg[10]/C
                            (rising edge-triggered cell FDRE clocked by clk_pin_p  {rise@0.000ns fall@12.500ns period=25.000ns})
  Destination:            data_out_1[10]
                            (output port)
  Path Group:             (none)
  Path Type:              Min at Fast Process Corner
  Data Path Delay:        1.654ns  (logic 1.305ns (78.871%)  route 0.350ns (21.129%))
  Logic Levels:           1  (OBUF=1)
  Clock Uncertainty:      0.025ns  ((TSJ^2 + TIJ^2)^1/2 + DJ) / 2 + PE
    Total System Jitter     (TSJ):    0.050ns
    Total Input Jitter      (TIJ):    0.000ns
    Discrete Jitter          (DJ):    0.000ns
    Phase Error              (PE):    0.000ns

    Location             Delay type                Incr(ns)  Path(ns)    Netlist Resource(s)
  -------------------------------------------------------------------    -------------------
                         (clock clk_pin_p rise edge)
                                                      0.000     0.000 r  
    C15                                               0.000     0.000 r  clk (IN)
                         net (fo=0)                   0.000     0.000    clk
    C15                  IBUF (Prop_ibuf_I_O)         0.164     0.164 r  clk_IBUF_inst/O
                         net (fo=1, routed)           0.802     0.966    clk_IBUF
    BUFGCTRL_X0Y16       BUFG (Prop_bufg_I_O)         0.026     0.992 r  clk_IBUF_BUFG_inst/O
                         net (fo=58, routed)          0.583     1.574    clk_IBUF_BUFG
    SLICE_X6Y26          FDRE                                         r  data_1_p2_reg[10]/C
  -------------------------------------------------------------------    -------------------
    SLICE_X6Y26          FDRE (Prop_fdre_C_Q)         0.164     1.738 r  data_1_p2_reg[10]/Q
                         net (fo=1, routed)           0.350     2.088    data_out_1_OBUF[10]
    L17                  OBUF (Prop_obuf_I_O)         1.141     3.229 r  data_out_1_OBUF[10]_inst/O
                         net (fo=0)                   0.000     3.229    data_out_1[10]
    L17                                                               r  data_out_1[10] (OUT)
  -------------------------------------------------------------------    -------------------

Slack:                    inf
  Source:                 data_2_p2_reg[2]/C
                            (rising edge-triggered cell FDRE clocked by clk_pin_p  {rise@0.000ns fall@12.500ns period=25.000ns})
  Destination:            data_out_2[2]
                            (output port)
  Path Group:             (none)
  Path Type:              Min at Fast Process Corner
  Data Path Delay:        1.651ns  (logic 1.255ns (75.990%)  route 0.396ns (24.010%))
  Logic Levels:           1  (OBUF=1)
  Clock Uncertainty:      0.025ns  ((TSJ^2 + TIJ^2)^1/2 + DJ) / 2 + PE
    Total System Jitter     (TSJ):    0.050ns
    Total Input Jitter      (TIJ):    0.000ns
    Discrete Jitter          (DJ):    0.000ns
    Phase Error              (PE):    0.000ns

    Location             Delay type                Incr(ns)  Path(ns)    Netlist Resource(s)
  -------------------------------------------------------------------    -------------------
                         (clock clk_pin_p rise edge)
                                                      0.000     0.000 r  
    C15                                               0.000     0.000 r  clk (IN)
                         net (fo=0)                   0.000     0.000    clk
    C15                  IBUF (Prop_ibuf_I_O)         0.164     0.164 r  clk_IBUF_inst/O
                         net (fo=1, routed)           0.802     0.966    clk_IBUF
    BUFGCTRL_X0Y16       BUFG (Prop_bufg_I_O)         0.026     0.992 r  clk_IBUF_BUFG_inst/O
                         net (fo=58, routed)          0.588     1.579    clk_IBUF_BUFG
    SLICE_X3Y29          FDRE                                         r  data_2_p2_reg[2]/C
  -------------------------------------------------------------------    -------------------
    SLICE_X3Y29          FDRE (Prop_fdre_C_Q)         0.141     1.720 r  data_2_p2_reg[2]/Q
                         net (fo=1, routed)           0.396     2.117    data_out_2_OBUF[2]
    L18                  OBUF (Prop_obuf_I_O)         1.114     3.230 r  data_out_2_OBUF[2]_inst/O
                         net (fo=0)                   0.000     3.230    data_out_2[2]
    L18                                                               r  data_out_2[2] (OUT)
  -------------------------------------------------------------------    -------------------

Slack:                    inf
  Source:                 data_1_p2_reg[12]/C
                            (rising edge-triggered cell FDRE clocked by clk_pin_p  {rise@0.000ns fall@12.500ns period=25.000ns})
  Destination:            data_out_1[12]
                            (output port)
  Path Group:             (none)
  Path Type:              Min at Fast Process Corner
  Data Path Delay:        1.657ns  (logic 1.282ns (77.353%)  route 0.375ns (22.647%))
  Logic Levels:           1  (OBUF=1)
  Clock Uncertainty:      0.025ns  ((TSJ^2 + TIJ^2)^1/2 + DJ) / 2 + PE
    Total System Jitter     (TSJ):    0.050ns
    Total Input Jitter      (TIJ):    0.000ns
    Discrete Jitter          (DJ):    0.000ns
    Phase Error              (PE):    0.000ns

    Location             Delay type                Incr(ns)  Path(ns)    Netlist Resource(s)
  -------------------------------------------------------------------    -------------------
                         (clock clk_pin_p rise edge)
                                                      0.000     0.000 r  
    C15                                               0.000     0.000 r  clk (IN)
                         net (fo=0)                   0.000     0.000    clk
    C15                  IBUF (Prop_ibuf_I_O)         0.164     0.164 r  clk_IBUF_inst/O
                         net (fo=1, routed)           0.802     0.966    clk_IBUF
    BUFGCTRL_X0Y16       BUFG (Prop_bufg_I_O)         0.026     0.992 r  clk_IBUF_BUFG_inst/O
                         net (fo=58, routed)          0.585     1.576    clk_IBUF_BUFG
    SLICE_X6Y27          FDRE                                         r  data_1_p2_reg[12]/C
  -------------------------------------------------------------------    -------------------
    SLICE_X6Y27          FDRE (Prop_fdre_C_Q)         0.164     1.740 r  data_1_p2_reg[12]/Q
                         net (fo=1, routed)           0.375     2.116    data_out_1_OBUF[12]
    M18                  OBUF (Prop_obuf_I_O)         1.118     3.234 r  data_out_1_OBUF[12]_inst/O
                         net (fo=0)                   0.000     3.234    data_out_1[12]
    M18                                                               r  data_out_1[12] (OUT)
  -------------------------------------------------------------------    -------------------

Slack:                    inf
  Source:                 data_1_p2_reg[3]/C
                            (rising edge-triggered cell FDRE clocked by clk_pin_p  {rise@0.000ns fall@12.500ns period=25.000ns})
  Destination:            data_out_1[3]
                            (output port)
  Path Group:             (none)
  Path Type:              Min at Fast Process Corner
  Data Path Delay:        1.664ns  (logic 1.260ns (75.746%)  route 0.403ns (24.254%))
  Logic Levels:           1  (OBUF=1)
  Clock Uncertainty:      0.025ns  ((TSJ^2 + TIJ^2)^1/2 + DJ) / 2 + PE
    Total System Jitter     (TSJ):    0.050ns
    Total Input Jitter      (TIJ):    0.000ns
    Discrete Jitter          (DJ):    0.000ns
    Phase Error              (PE):    0.000ns

    Location             Delay type                Incr(ns)  Path(ns)    Netlist Resource(s)
  -------------------------------------------------------------------    -------------------
                         (clock clk_pin_p rise edge)
                                                      0.000     0.000 r  
    C15                                               0.000     0.000 r  clk (IN)
                         net (fo=0)                   0.000     0.000    clk
    C15                  IBUF (Prop_ibuf_I_O)         0.164     0.164 r  clk_IBUF_inst/O
                         net (fo=1, routed)           0.802     0.966    clk_IBUF
    BUFGCTRL_X0Y16       BUFG (Prop_bufg_I_O)         0.026     0.992 r  clk_IBUF_BUFG_inst/O
                         net (fo=58, routed)          0.584     1.575    clk_IBUF_BUFG
    SLICE_X3Y24          FDRE                                         r  data_1_p2_reg[3]/C
  -------------------------------------------------------------------    -------------------
    SLICE_X3Y24          FDRE (Prop_fdre_C_Q)         0.141     1.716 r  data_1_p2_reg[3]/Q
                         net (fo=1, routed)           0.403     2.120    data_out_1_OBUF[3]
    V19                  OBUF (Prop_obuf_I_O)         1.119     3.239 r  data_out_1_OBUF[3]_inst/O
                         net (fo=0)                   0.000     3.239    data_out_1[3]
    V19                                                               r  data_out_1[3] (OUT)
  -------------------------------------------------------------------    -------------------

Slack:                    inf
  Source:                 data_1_p2_reg[11]/C
                            (rising edge-triggered cell FDRE clocked by clk_pin_p  {rise@0.000ns fall@12.500ns period=25.000ns})
  Destination:            data_out_1[11]
                            (output port)
  Path Group:             (none)
  Path Type:              Min at Fast Process Corner
  Data Path Delay:        1.670ns  (logic 1.293ns (77.422%)  route 0.377ns (22.578%))
  Logic Levels:           1  (OBUF=1)
  Clock Uncertainty:      0.025ns  ((TSJ^2 + TIJ^2)^1/2 + DJ) / 2 + PE
    Total System Jitter     (TSJ):    0.050ns
    Total Input Jitter      (TIJ):    0.000ns
    Discrete Jitter          (DJ):    0.000ns
    Phase Error              (PE):    0.000ns

    Location             Delay type                Incr(ns)  Path(ns)    Netlist Resource(s)
  -------------------------------------------------------------------    -------------------
                         (clock clk_pin_p rise edge)
                                                      0.000     0.000 r  
    C15                                               0.000     0.000 r  clk (IN)
                         net (fo=0)                   0.000     0.000    clk
    C15                  IBUF (Prop_ibuf_I_O)         0.164     0.164 r  clk_IBUF_inst/O
                         net (fo=1, routed)           0.802     0.966    clk_IBUF
    BUFGCTRL_X0Y16       BUFG (Prop_bufg_I_O)         0.026     0.992 r  clk_IBUF_BUFG_inst/O
                         net (fo=58, routed)          0.583     1.574    clk_IBUF_BUFG
    SLICE_X6Y26          FDRE                                         r  data_1_p2_reg[11]/C
  -------------------------------------------------------------------    -------------------
    SLICE_X6Y26          FDRE (Prop_fdre_C_Q)         0.164     1.738 r  data_1_p2_reg[11]/Q
                         net (fo=1, routed)           0.377     2.116    data_out_1_OBUF[11]
    M19                  OBUF (Prop_obuf_I_O)         1.129     3.244 r  data_out_1_OBUF[11]_inst/O
                         net (fo=0)                   0.000     3.244    data_out_1[11]
    M19                                                               r  data_out_1[11] (OUT)
  -------------------------------------------------------------------    -------------------

Slack:                    inf
  Source:                 data_1_p2_reg[1]/C
                            (rising edge-triggered cell FDRE clocked by clk_pin_p  {rise@0.000ns fall@12.500ns period=25.000ns})
  Destination:            data_out_1[1]
                            (output port)
  Path Group:             (none)
  Path Type:              Min at Fast Process Corner
  Data Path Delay:        1.675ns  (logic 1.257ns (75.038%)  route 0.418ns (24.962%))
  Logic Levels:           1  (OBUF=1)
  Clock Uncertainty:      0.025ns  ((TSJ^2 + TIJ^2)^1/2 + DJ) / 2 + PE
    Total System Jitter     (TSJ):    0.050ns
    Total Input Jitter      (TIJ):    0.000ns
    Discrete Jitter          (DJ):    0.000ns
    Phase Error              (PE):    0.000ns

    Location             Delay type                Incr(ns)  Path(ns)    Netlist Resource(s)
  -------------------------------------------------------------------    -------------------
                         (clock clk_pin_p rise edge)
                                                      0.000     0.000 r  
    C15                                               0.000     0.000 r  clk (IN)
                         net (fo=0)                   0.000     0.000    clk
    C15                  IBUF (Prop_ibuf_I_O)         0.164     0.164 r  clk_IBUF_inst/O
                         net (fo=1, routed)           0.802     0.966    clk_IBUF
    BUFGCTRL_X0Y16       BUFG (Prop_bufg_I_O)         0.026     0.992 r  clk_IBUF_BUFG_inst/O
                         net (fo=58, routed)          0.582     1.573    clk_IBUF_BUFG
    SLICE_X4Y24          FDRE                                         r  data_1_p2_reg[1]/C
  -------------------------------------------------------------------    -------------------
    SLICE_X4Y24          FDRE (Prop_fdre_C_Q)         0.141     1.714 r  data_1_p2_reg[1]/Q
                         net (fo=1, routed)           0.418     2.133    data_out_1_OBUF[1]
    W19                  OBUF (Prop_obuf_I_O)         1.116     3.249 r  data_out_1_OBUF[1]_inst/O
                         net (fo=0)                   0.000     3.249    data_out_1[1]
    W19                                                               r  data_out_1[1] (OUT)
  -------------------------------------------------------------------    -------------------

Slack:                    inf
  Source:                 data_1_p2_reg[14]/C
                            (rising edge-triggered cell FDRE clocked by clk_pin_p  {rise@0.000ns fall@12.500ns period=25.000ns})
  Destination:            data_out_1[14]
                            (output port)
  Path Group:             (none)
  Path Type:              Min at Fast Process Corner
  Data Path Delay:        1.676ns  (logic 1.271ns (75.800%)  route 0.406ns (24.200%))
  Logic Levels:           1  (OBUF=1)
  Clock Uncertainty:      0.025ns  ((TSJ^2 + TIJ^2)^1/2 + DJ) / 2 + PE
    Total System Jitter     (TSJ):    0.050ns
    Total Input Jitter      (TIJ):    0.000ns
    Discrete Jitter          (DJ):    0.000ns
    Phase Error              (PE):    0.000ns

    Location             Delay type                Incr(ns)  Path(ns)    Netlist Resource(s)
  -------------------------------------------------------------------    -------------------
                         (clock clk_pin_p rise edge)
                                                      0.000     0.000 r  
    C15                                               0.000     0.000 r  clk (IN)
                         net (fo=0)                   0.000     0.000    clk
    C15                  IBUF (Prop_ibuf_I_O)         0.164     0.164 r  clk_IBUF_inst/O
                         net (fo=1, routed)           0.802     0.966    clk_IBUF
    BUFGCTRL_X0Y16       BUFG (Prop_bufg_I_O)         0.026     0.992 r  clk_IBUF_BUFG_inst/O
                         net (fo=58, routed)          0.585     1.576    clk_IBUF_BUFG
    SLICE_X6Y27          FDRE                                         r  data_1_p2_reg[14]/C
  -------------------------------------------------------------------    -------------------
    SLICE_X6Y27          FDRE (Prop_fdre_C_Q)         0.164     1.740 r  data_1_p2_reg[14]/Q
                         net (fo=1, routed)           0.406     2.146    data_out_1_OBUF[14]
    P19                  OBUF (Prop_obuf_I_O)         1.107     3.253 r  data_out_1_OBUF[14]_inst/O
                         net (fo=0)                   0.000     3.253    data_out_1[14]
    P19                                                               r  data_out_1[14] (OUT)
  -------------------------------------------------------------------    -------------------





--------------------------------------------------------------------------------------
Path Group:  (none)
From Clock:  
  To Clock:  clk_pin_p

Max Delay            83 Endpoints
Min Delay            83 Endpoints
--------------------------------------------------------------------------------------


Max Delay Paths
--------------------------------------------------------------------------------------
Slack:                    inf
  Source:                 rst
                            (input port)
  Destination:            data_1_p2_reg[0]/CE
                            (rising edge-triggered cell FDRE clocked by clk_pin_p  {rise@0.000ns fall@12.500ns period=25.000ns})
  Path Group:             (none)
  Path Type:              Setup (Max at Slow Process Corner)
  Data Path Delay:        6.834ns  (logic 1.083ns (15.851%)  route 5.750ns (84.149%))
  Logic Levels:           2  (IBUF=1 LUT2=1)
  Clock Path Skew:        4.551ns (DCD - SCD + CPR)
    Destination Clock Delay (DCD):    4.551ns
    Source Clock Delay      (SCD):    0.000ns
    Clock Pessimism Removal (CPR):    0.000ns
  Clock Uncertainty:      0.025ns  ((TSJ^2 + TIJ^2)^1/2 + DJ) / 2 + PE
    Total System Jitter     (TSJ):    0.050ns
    Total Input Jitter      (TIJ):    0.000ns
    Discrete Jitter          (DJ):    0.000ns
    Phase Error              (PE):    0.000ns

    Location             Delay type                Incr(ns)  Path(ns)    Netlist Resource(s)
  -------------------------------------------------------------------    -------------------
    A15                                               0.000     0.000 f  rst (IN)
                         net (fo=0)                   0.000     0.000    rst
    A15                  IBUF (Prop_ibuf_I_O)         0.933     0.933 f  rst_IBUF_inst/O
                         net (fo=4, routed)           3.883     4.817    rst_IBUF
    SLICE_X0Y35          LUT2 (Prop_lut2_I1_O)        0.150     4.967 r  data_1_p2[15]_i_1/O
                         net (fo=32, routed)          1.867     6.834    data_1_p2[15]_i_1_n_0
    SLICE_X4Y24          FDRE                                         r  data_1_p2_reg[0]/CE
  -------------------------------------------------------------------    -------------------

                         (clock clk_pin_p rise edge)
                                                      0.000     0.000 r  
    C15                                               0.000     0.000 r  clk (IN)
                         net (fo=0)                   0.000     0.000    clk
    C15                  IBUF (Prop_ibuf_I_O)         0.802     0.802 r  clk_IBUF_inst/O
                         net (fo=1, routed)           2.155     2.957    clk_IBUF
    BUFGCTRL_X0Y16       BUFG (Prop_bufg_I_O)         0.091     3.048 r  clk_IBUF_BUFG_inst/O
                         net (fo=58, routed)          1.503     4.551    clk_IBUF_BUFG
    SLICE_X4Y24          FDRE                                         r  data_1_p2_reg[0]/C

Slack:                    inf
  Source:                 rst
                            (input port)
  Destination:            data_1_p2_reg[1]/CE
                            (rising edge-triggered cell FDRE clocked by clk_pin_p  {rise@0.000ns fall@12.500ns period=25.000ns})
  Path Group:             (none)
  Path Type:              Setup (Max at Slow Process Corner)
  Data Path Delay:        6.834ns  (logic 1.083ns (15.851%)  route 5.750ns (84.149%))
  Logic Levels:           2  (IBUF=1 LUT2=1)
  Clock Path Skew:        4.551ns (DCD - SCD + CPR)
    Destination Clock Delay (DCD):    4.551ns
    Source Clock Delay      (SCD):    0.000ns
    Clock Pessimism Removal (CPR):    0.000ns
  Clock Uncertainty:      0.025ns  ((TSJ^2 + TIJ^2)^1/2 + DJ) / 2 + PE
    Total System Jitter     (TSJ):    0.050ns
    Total Input Jitter      (TIJ):    0.000ns
    Discrete Jitter          (DJ):    0.000ns
    Phase Error              (PE):    0.000ns

    Location             Delay type                Incr(ns)  Path(ns)    Netlist Resource(s)
  -------------------------------------------------------------------    -------------------
    A15                                               0.000     0.000 f  rst (IN)
                         net (fo=0)                   0.000     0.000    rst
    A15                  IBUF (Prop_ibuf_I_O)         0.933     0.933 f  rst_IBUF_inst/O
                         net (fo=4, routed)           3.883     4.817    rst_IBUF
    SLICE_X0Y35          LUT2 (Prop_lut2_I1_O)        0.150     4.967 r  data_1_p2[15]_i_1/O
                         net (fo=32, routed)          1.867     6.834    data_1_p2[15]_i_1_n_0
    SLICE_X4Y24          FDRE                                         r  data_1_p2_reg[1]/CE
  -------------------------------------------------------------------    -------------------

                         (clock clk_pin_p rise edge)
                                                      0.000     0.000 r  
    C15                                               0.000     0.000 r  clk (IN)
                         net (fo=0)                   0.000     0.000    clk
    C15                  IBUF (Prop_ibuf_I_O)         0.802     0.802 r  clk_IBUF_inst/O
                         net (fo=1, routed)           2.155     2.957    clk_IBUF
    BUFGCTRL_X0Y16       BUFG (Prop_bufg_I_O)         0.091     3.048 r  clk_IBUF_BUFG_inst/O
                         net (fo=58, routed)          1.503     4.551    clk_IBUF_BUFG
    SLICE_X4Y24          FDRE                                         r  data_1_p2_reg[1]/C

Slack:                    inf
  Source:                 rst
                            (input port)
  Destination:            data_1_p2_reg[2]/CE
                            (rising edge-triggered cell FDRE clocked by clk_pin_p  {rise@0.000ns fall@12.500ns period=25.000ns})
  Path Group:             (none)
  Path Type:              Setup (Max at Slow Process Corner)
  Data Path Delay:        6.834ns  (logic 1.083ns (15.851%)  route 5.750ns (84.149%))
  Logic Levels:           2  (IBUF=1 LUT2=1)
  Clock Path Skew:        4.551ns (DCD - SCD + CPR)
    Destination Clock Delay (DCD):    4.551ns
    Source Clock Delay      (SCD):    0.000ns
    Clock Pessimism Removal (CPR):    0.000ns
  Clock Uncertainty:      0.025ns  ((TSJ^2 + TIJ^2)^1/2 + DJ) / 2 + PE
    Total System Jitter     (TSJ):    0.050ns
    Total Input Jitter      (TIJ):    0.000ns
    Discrete Jitter          (DJ):    0.000ns
    Phase Error              (PE):    0.000ns

    Location             Delay type                Incr(ns)  Path(ns)    Netlist Resource(s)
  -------------------------------------------------------------------    -------------------
    A15                                               0.000     0.000 f  rst (IN)
                         net (fo=0)                   0.000     0.000    rst
    A15                  IBUF (Prop_ibuf_I_O)         0.933     0.933 f  rst_IBUF_inst/O
                         net (fo=4, routed)           3.883     4.817    rst_IBUF
    SLICE_X0Y35          LUT2 (Prop_lut2_I1_O)        0.150     4.967 r  data_1_p2[15]_i_1/O
                         net (fo=32, routed)          1.867     6.834    data_1_p2[15]_i_1_n_0
    SLICE_X4Y24          FDRE                                         r  data_1_p2_reg[2]/CE
  -------------------------------------------------------------------    -------------------

                         (clock clk_pin_p rise edge)
                                                      0.000     0.000 r  
    C15                                               0.000     0.000 r  clk (IN)
                         net (fo=0)                   0.000     0.000    clk
    C15                  IBUF (Prop_ibuf_I_O)         0.802     0.802 r  clk_IBUF_inst/O
                         net (fo=1, routed)           2.155     2.957    clk_IBUF
    BUFGCTRL_X0Y16       BUFG (Prop_bufg_I_O)         0.091     3.048 r  clk_IBUF_BUFG_inst/O
                         net (fo=58, routed)          1.503     4.551    clk_IBUF_BUFG
    SLICE_X4Y24          FDRE                                         r  data_1_p2_reg[2]/C

Slack:                    inf
  Source:                 rst
                            (input port)
  Destination:            data_1_p2_reg[4]/CE
                            (rising edge-triggered cell FDRE clocked by clk_pin_p  {rise@0.000ns fall@12.500ns period=25.000ns})
  Path Group:             (none)
  Path Type:              Setup (Max at Slow Process Corner)
  Data Path Delay:        6.663ns  (logic 1.083ns (16.258%)  route 5.580ns (83.742%))
  Logic Levels:           2  (IBUF=1 LUT2=1)
  Clock Path Skew:        4.551ns (DCD - SCD + CPR)
    Destination Clock Delay (DCD):    4.551ns
    Source Clock Delay      (SCD):    0.000ns
    Clock Pessimism Removal (CPR):    0.000ns
  Clock Uncertainty:      0.025ns  ((TSJ^2 + TIJ^2)^1/2 + DJ) / 2 + PE
    Total System Jitter     (TSJ):    0.050ns
    Total Input Jitter      (TIJ):    0.000ns
    Discrete Jitter          (DJ):    0.000ns
    Phase Error              (PE):    0.000ns

    Location             Delay type                Incr(ns)  Path(ns)    Netlist Resource(s)
  -------------------------------------------------------------------    -------------------
    A15                                               0.000     0.000 f  rst (IN)
                         net (fo=0)                   0.000     0.000    rst
    A15                  IBUF (Prop_ibuf_I_O)         0.933     0.933 f  rst_IBUF_inst/O
                         net (fo=4, routed)           3.883     4.817    rst_IBUF
    SLICE_X0Y35          LUT2 (Prop_lut2_I1_O)        0.150     4.967 r  data_1_p2[15]_i_1/O
                         net (fo=32, routed)          1.696     6.663    data_1_p2[15]_i_1_n_0
    SLICE_X6Y25          FDRE                                         r  data_1_p2_reg[4]/CE
  -------------------------------------------------------------------    -------------------

                         (clock clk_pin_p rise edge)
                                                      0.000     0.000 r  
    C15                                               0.000     0.000 r  clk (IN)
                         net (fo=0)                   0.000     0.000    clk
    C15                  IBUF (Prop_ibuf_I_O)         0.802     0.802 r  clk_IBUF_inst/O
                         net (fo=1, routed)           2.155     2.957    clk_IBUF
    BUFGCTRL_X0Y16       BUFG (Prop_bufg_I_O)         0.091     3.048 r  clk_IBUF_BUFG_inst/O
                         net (fo=58, routed)          1.503     4.551    clk_IBUF_BUFG
    SLICE_X6Y25          FDRE                                         r  data_1_p2_reg[4]/C

Slack:                    inf
  Source:                 rst
                            (input port)
  Destination:            data_1_p2_reg[5]/CE
                            (rising edge-triggered cell FDRE clocked by clk_pin_p  {rise@0.000ns fall@12.500ns period=25.000ns})
  Path Group:             (none)
  Path Type:              Setup (Max at Slow Process Corner)
  Data Path Delay:        6.663ns  (logic 1.083ns (16.258%)  route 5.580ns (83.742%))
  Logic Levels:           2  (IBUF=1 LUT2=1)
  Clock Path Skew:        4.551ns (DCD - SCD + CPR)
    Destination Clock Delay (DCD):    4.551ns
    Source Clock Delay      (SCD):    0.000ns
    Clock Pessimism Removal (CPR):    0.000ns
  Clock Uncertainty:      0.025ns  ((TSJ^2 + TIJ^2)^1/2 + DJ) / 2 + PE
    Total System Jitter     (TSJ):    0.050ns
    Total Input Jitter      (TIJ):    0.000ns
    Discrete Jitter          (DJ):    0.000ns
    Phase Error              (PE):    0.000ns

    Location             Delay type                Incr(ns)  Path(ns)    Netlist Resource(s)
  -------------------------------------------------------------------    -------------------
    A15                                               0.000     0.000 f  rst (IN)
                         net (fo=0)                   0.000     0.000    rst
    A15                  IBUF (Prop_ibuf_I_O)         0.933     0.933 f  rst_IBUF_inst/O
                         net (fo=4, routed)           3.883     4.817    rst_IBUF
    SLICE_X0Y35          LUT2 (Prop_lut2_I1_O)        0.150     4.967 r  data_1_p2[15]_i_1/O
                         net (fo=32, routed)          1.696     6.663    data_1_p2[15]_i_1_n_0
    SLICE_X6Y25          FDRE                                         r  data_1_p2_reg[5]/CE
  -------------------------------------------------------------------    -------------------

                         (clock clk_pin_p rise edge)
                                                      0.000     0.000 r  
    C15                                               0.000     0.000 r  clk (IN)
                         net (fo=0)                   0.000     0.000    clk
    C15                  IBUF (Prop_ibuf_I_O)         0.802     0.802 r  clk_IBUF_inst/O
                         net (fo=1, routed)           2.155     2.957    clk_IBUF
    BUFGCTRL_X0Y16       BUFG (Prop_bufg_I_O)         0.091     3.048 r  clk_IBUF_BUFG_inst/O
                         net (fo=58, routed)          1.503     4.551    clk_IBUF_BUFG
    SLICE_X6Y25          FDRE                                         r  data_1_p2_reg[5]/C

Slack:                    inf
  Source:                 rst
                            (input port)
  Destination:            data_1_p2_reg[6]/CE
                            (rising edge-triggered cell FDRE clocked by clk_pin_p  {rise@0.000ns fall@12.500ns period=25.000ns})
  Path Group:             (none)
  Path Type:              Setup (Max at Slow Process Corner)
  Data Path Delay:        6.663ns  (logic 1.083ns (16.258%)  route 5.580ns (83.742%))
  Logic Levels:           2  (IBUF=1 LUT2=1)
  Clock Path Skew:        4.551ns (DCD - SCD + CPR)
    Destination Clock Delay (DCD):    4.551ns
    Source Clock Delay      (SCD):    0.000ns
    Clock Pessimism Removal (CPR):    0.000ns
  Clock Uncertainty:      0.025ns  ((TSJ^2 + TIJ^2)^1/2 + DJ) / 2 + PE
    Total System Jitter     (TSJ):    0.050ns
    Total Input Jitter      (TIJ):    0.000ns
    Discrete Jitter          (DJ):    0.000ns
    Phase Error              (PE):    0.000ns

    Location             Delay type                Incr(ns)  Path(ns)    Netlist Resource(s)
  -------------------------------------------------------------------    -------------------
    A15                                               0.000     0.000 f  rst (IN)
                         net (fo=0)                   0.000     0.000    rst
    A15                  IBUF (Prop_ibuf_I_O)         0.933     0.933 f  rst_IBUF_inst/O
                         net (fo=4, routed)           3.883     4.817    rst_IBUF
    SLICE_X0Y35          LUT2 (Prop_lut2_I1_O)        0.150     4.967 r  data_1_p2[15]_i_1/O
                         net (fo=32, routed)          1.696     6.663    data_1_p2[15]_i_1_n_0
    SLICE_X6Y25          FDRE                                         r  data_1_p2_reg[6]/CE
  -------------------------------------------------------------------    -------------------

                         (clock clk_pin_p rise edge)
                                                      0.000     0.000 r  
    C15                                               0.000     0.000 r  clk (IN)
                         net (fo=0)                   0.000     0.000    clk
    C15                  IBUF (Prop_ibuf_I_O)         0.802     0.802 r  clk_IBUF_inst/O
                         net (fo=1, routed)           2.155     2.957    clk_IBUF
    BUFGCTRL_X0Y16       BUFG (Prop_bufg_I_O)         0.091     3.048 r  clk_IBUF_BUFG_inst/O
                         net (fo=58, routed)          1.503     4.551    clk_IBUF_BUFG
    SLICE_X6Y25          FDRE                                         r  data_1_p2_reg[6]/C

Slack:                    inf
  Source:                 rst
                            (input port)
  Destination:            data_1_p2_reg[7]/CE
                            (rising edge-triggered cell FDRE clocked by clk_pin_p  {rise@0.000ns fall@12.500ns period=25.000ns})
  Path Group:             (none)
  Path Type:              Setup (Max at Slow Process Corner)
  Data Path Delay:        6.663ns  (logic 1.083ns (16.258%)  route 5.580ns (83.742%))
  Logic Levels:           2  (IBUF=1 LUT2=1)
  Clock Path Skew:        4.551ns (DCD - SCD + CPR)
    Destination Clock Delay (DCD):    4.551ns
    Source Clock Delay      (SCD):    0.000ns
    Clock Pessimism Removal (CPR):    0.000ns
  Clock Uncertainty:      0.025ns  ((TSJ^2 + TIJ^2)^1/2 + DJ) / 2 + PE
    Total System Jitter     (TSJ):    0.050ns
    Total Input Jitter      (TIJ):    0.000ns
    Discrete Jitter          (DJ):    0.000ns
    Phase Error              (PE):    0.000ns

    Location             Delay type                Incr(ns)  Path(ns)    Netlist Resource(s)
  -------------------------------------------------------------------    -------------------
    A15                                               0.000     0.000 f  rst (IN)
                         net (fo=0)                   0.000     0.000    rst
    A15                  IBUF (Prop_ibuf_I_O)         0.933     0.933 f  rst_IBUF_inst/O
                         net (fo=4, routed)           3.883     4.817    rst_IBUF
    SLICE_X0Y35          LUT2 (Prop_lut2_I1_O)        0.150     4.967 r  data_1_p2[15]_i_1/O
                         net (fo=32, routed)          1.696     6.663    data_1_p2[15]_i_1_n_0
    SLICE_X6Y25          FDRE                                         r  data_1_p2_reg[7]/CE
  -------------------------------------------------------------------    -------------------

                         (clock clk_pin_p rise edge)
                                                      0.000     0.000 r  
    C15                                               0.000     0.000 r  clk (IN)
                         net (fo=0)                   0.000     0.000    clk
    C15                  IBUF (Prop_ibuf_I_O)         0.802     0.802 r  clk_IBUF_inst/O
                         net (fo=1, routed)           2.155     2.957    clk_IBUF
    BUFGCTRL_X0Y16       BUFG (Prop_bufg_I_O)         0.091     3.048 r  clk_IBUF_BUFG_inst/O
                         net (fo=58, routed)          1.503     4.551    clk_IBUF_BUFG
    SLICE_X6Y25          FDRE                                         r  data_1_p2_reg[7]/C

Slack:                    inf
  Source:                 rst
                            (input port)
  Destination:            data_1_p2_reg[3]/CE
                            (rising edge-triggered cell FDRE clocked by clk_pin_p  {rise@0.000ns fall@12.500ns period=25.000ns})
  Path Group:             (none)
  Path Type:              Setup (Max at Slow Process Corner)
  Data Path Delay:        6.393ns  (logic 1.083ns (16.942%)  route 5.310ns (83.058%))
  Logic Levels:           2  (IBUF=1 LUT2=1)
  Clock Path Skew:        4.553ns (DCD - SCD + CPR)
    Destination Clock Delay (DCD):    4.553ns
    Source Clock Delay      (SCD):    0.000ns
    Clock Pessimism Removal (CPR):    0.000ns
  Clock Uncertainty:      0.025ns  ((TSJ^2 + TIJ^2)^1/2 + DJ) / 2 + PE
    Total System Jitter     (TSJ):    0.050ns
    Total Input Jitter      (TIJ):    0.000ns
    Discrete Jitter          (DJ):    0.000ns
    Phase Error              (PE):    0.000ns

    Location             Delay type                Incr(ns)  Path(ns)    Netlist Resource(s)
  -------------------------------------------------------------------    -------------------
    A15                                               0.000     0.000 f  rst (IN)
                         net (fo=0)                   0.000     0.000    rst
    A15                  IBUF (Prop_ibuf_I_O)         0.933     0.933 f  rst_IBUF_inst/O
                         net (fo=4, routed)           3.883     4.817    rst_IBUF
    SLICE_X0Y35          LUT2 (Prop_lut2_I1_O)        0.150     4.967 r  data_1_p2[15]_i_1/O
                         net (fo=32, routed)          1.427     6.393    data_1_p2[15]_i_1_n_0
    SLICE_X3Y24          FDRE                                         r  data_1_p2_reg[3]/CE
  -------------------------------------------------------------------    -------------------

                         (clock clk_pin_p rise edge)
                                                      0.000     0.000 r  
    C15                                               0.000     0.000 r  clk (IN)
                         net (fo=0)                   0.000     0.000    clk
    C15                  IBUF (Prop_ibuf_I_O)         0.802     0.802 r  clk_IBUF_inst/O
                         net (fo=1, routed)           2.155     2.957    clk_IBUF
    BUFGCTRL_X0Y16       BUFG (Prop_bufg_I_O)         0.091     3.048 r  clk_IBUF_BUFG_inst/O
                         net (fo=58, routed)          1.505     4.553    clk_IBUF_BUFG
    SLICE_X3Y24          FDRE                                         r  data_1_p2_reg[3]/C

Slack:                    inf
  Source:                 rst
                            (input port)
  Destination:            data_1_p1_reg[0]/CE
                            (rising edge-triggered cell FDRE clocked by clk_pin_p  {rise@0.000ns fall@12.500ns period=25.000ns})
  Path Group:             (none)
  Path Type:              Setup (Max at Slow Process Corner)
  Data Path Delay:        6.363ns  (logic 1.057ns (16.615%)  route 5.306ns (83.385%))
  Logic Levels:           2  (IBUF=1 LUT2=1)
  Clock Path Skew:        4.553ns (DCD - SCD + CPR)
    Destination Clock Delay (DCD):    4.553ns
    Source Clock Delay      (SCD):    0.000ns
    Clock Pessimism Removal (CPR):    0.000ns
  Clock Uncertainty:      0.025ns  ((TSJ^2 + TIJ^2)^1/2 + DJ) / 2 + PE
    Total System Jitter     (TSJ):    0.050ns
    Total Input Jitter      (TIJ):    0.000ns
    Discrete Jitter          (DJ):    0.000ns
    Phase Error              (PE):    0.000ns

    Location             Delay type                Incr(ns)  Path(ns)    Netlist Resource(s)
  -------------------------------------------------------------------    -------------------
    A15                                               0.000     0.000 f  rst (IN)
                         net (fo=0)                   0.000     0.000    rst
    A15                  IBUF (Prop_ibuf_I_O)         0.933     0.933 f  rst_IBUF_inst/O
                         net (fo=4, routed)           3.883     4.817    rst_IBUF
    SLICE_X0Y35          LUT2 (Prop_lut2_I1_O)        0.124     4.941 r  coef_p1[7]_i_1/O
                         net (fo=24, routed)          1.422     6.363    coef_p1[7]_i_1_n_0
    SLICE_X1Y24          FDRE                                         r  data_1_p1_reg[0]/CE
  -------------------------------------------------------------------    -------------------

                         (clock clk_pin_p rise edge)
                                                      0.000     0.000 r  
    C15                                               0.000     0.000 r  clk (IN)
                         net (fo=0)                   0.000     0.000    clk
    C15                  IBUF (Prop_ibuf_I_O)         0.802     0.802 r  clk_IBUF_inst/O
                         net (fo=1, routed)           2.155     2.957    clk_IBUF
    BUFGCTRL_X0Y16       BUFG (Prop_bufg_I_O)         0.091     3.048 r  clk_IBUF_BUFG_inst/O
                         net (fo=58, routed)          1.505     4.553    clk_IBUF_BUFG
    SLICE_X1Y24          FDRE                                         r  data_1_p1_reg[0]/C

Slack:                    inf
  Source:                 rst
                            (input port)
  Destination:            data_1_p1_reg[1]/CE
                            (rising edge-triggered cell FDRE clocked by clk_pin_p  {rise@0.000ns fall@12.500ns period=25.000ns})
  Path Group:             (none)
  Path Type:              Setup (Max at Slow Process Corner)
  Data Path Delay:        6.363ns  (logic 1.057ns (16.615%)  route 5.306ns (83.385%))
  Logic Levels:           2  (IBUF=1 LUT2=1)
  Clock Path Skew:        4.553ns (DCD - SCD + CPR)
    Destination Clock Delay (DCD):    4.553ns
    Source Clock Delay      (SCD):    0.000ns
    Clock Pessimism Removal (CPR):    0.000ns
  Clock Uncertainty:      0.025ns  ((TSJ^2 + TIJ^2)^1/2 + DJ) / 2 + PE
    Total System Jitter     (TSJ):    0.050ns
    Total Input Jitter      (TIJ):    0.000ns
    Discrete Jitter          (DJ):    0.000ns
    Phase Error              (PE):    0.000ns

    Location             Delay type                Incr(ns)  Path(ns)    Netlist Resource(s)
  -------------------------------------------------------------------    -------------------
    A15                                               0.000     0.000 f  rst (IN)
                         net (fo=0)                   0.000     0.000    rst
    A15                  IBUF (Prop_ibuf_I_O)         0.933     0.933 f  rst_IBUF_inst/O
                         net (fo=4, routed)           3.883     4.817    rst_IBUF
    SLICE_X0Y35          LUT2 (Prop_lut2_I1_O)        0.124     4.941 r  coef_p1[7]_i_1/O
                         net (fo=24, routed)          1.422     6.363    coef_p1[7]_i_1_n_0
    SLICE_X1Y24          FDRE                                         r  data_1_p1_reg[1]/CE
  -------------------------------------------------------------------    -------------------

                         (clock clk_pin_p rise edge)
                                                      0.000     0.000 r  
    C15                                               0.000     0.000 r  clk (IN)
                         net (fo=0)                   0.000     0.000    clk
    C15                  IBUF (Prop_ibuf_I_O)         0.802     0.802 r  clk_IBUF_inst/O
                         net (fo=1, routed)           2.155     2.957    clk_IBUF
    BUFGCTRL_X0Y16       BUFG (Prop_bufg_I_O)         0.091     3.048 r  clk_IBUF_BUFG_inst/O
                         net (fo=58, routed)          1.505     4.553    clk_IBUF_BUFG
    SLICE_X1Y24          FDRE                                         r  data_1_p1_reg[1]/C





Min Delay Paths
--------------------------------------------------------------------------------------
Slack:                    inf
  Source:                 data_in_2[6]
                            (input port)
  Destination:            data_2_p1_reg[6]/D
                            (rising edge-triggered cell FDRE clocked by clk_pin_p  {rise@0.000ns fall@12.500ns period=25.000ns})
  Path Group:             (none)
  Path Type:              Hold (Min at Fast Process Corner)
  Data Path Delay:        0.709ns  (logic 0.167ns (23.498%)  route 0.542ns (76.502%))
  Logic Levels:           1  (IBUF=1)
  Clock Path Skew:        2.099ns (DCD - SCD - CPR)
    Destination Clock Delay (DCD):    2.099ns
    Source Clock Delay      (SCD):    0.000ns
    Clock Pessimism Removal (CPR):    -0.000ns

    Location             Delay type                Incr(ns)  Path(ns)    Netlist Resource(s)
  -------------------------------------------------------------------    -------------------
    U17                                               0.000     0.000 r  data_in_2[6] (IN)
                         net (fo=0)                   0.000     0.000    data_in_2[6]
    U17                  IBUF (Prop_ibuf_I_O)         0.167     0.167 r  data_in_2_IBUF[6]_inst/O
                         net (fo=1, routed)           0.542     0.709    data_in_2_IBUF[6]
    SLICE_X0Y26          FDRE                                         r  data_2_p1_reg[6]/D
  -------------------------------------------------------------------    -------------------

                         (clock clk_pin_p rise edge)
                                                      0.000     0.000 r  
    C15                                               0.000     0.000 r  clk (IN)
                         net (fo=0)                   0.000     0.000    clk
    C15                  IBUF (Prop_ibuf_I_O)         0.353     0.353 r  clk_IBUF_inst/O
                         net (fo=1, routed)           0.865     1.218    clk_IBUF
    BUFGCTRL_X0Y16       BUFG (Prop_bufg_I_O)         0.029     1.247 r  clk_IBUF_BUFG_inst/O
                         net (fo=58, routed)          0.853     2.099    clk_IBUF_BUFG
    SLICE_X0Y26          FDRE                                         r  data_2_p1_reg[6]/C

Slack:                    inf
  Source:                 data_in_1[7]
                            (input port)
  Destination:            data_1_p1_reg[7]/D
                            (rising edge-triggered cell FDRE clocked by clk_pin_p  {rise@0.000ns fall@12.500ns period=25.000ns})
  Path Group:             (none)
  Path Type:              Hold (Min at Fast Process Corner)
  Data Path Delay:        0.760ns  (logic 0.165ns (21.684%)  route 0.596ns (78.316%))
  Logic Levels:           1  (IBUF=1)
  Clock Path Skew:        2.098ns (DCD - SCD - CPR)
    Destination Clock Delay (DCD):    2.098ns
    Source Clock Delay      (SCD):    0.000ns
    Clock Pessimism Removal (CPR):    -0.000ns

    Location             Delay type                Incr(ns)  Path(ns)    Netlist Resource(s)
  -------------------------------------------------------------------    -------------------
    W15                                               0.000     0.000 r  data_in_1[7] (IN)
                         net (fo=0)                   0.000     0.000    data_in_1[7]
    W15                  IBUF (Prop_ibuf_I_O)         0.165     0.165 r  data_in_1_IBUF[7]_inst/O
                         net (fo=1, routed)           0.596     0.760    data_in_1_IBUF[7]
    SLICE_X0Y24          FDRE                                         r  data_1_p1_reg[7]/D
  -------------------------------------------------------------------    -------------------

                         (clock clk_pin_p rise edge)
                                                      0.000     0.000 r  
    C15                                               0.000     0.000 r  clk (IN)
                         net (fo=0)                   0.000     0.000    clk
    C15                  IBUF (Prop_ibuf_I_O)         0.353     0.353 r  clk_IBUF_inst/O
                         net (fo=1, routed)           0.865     1.218    clk_IBUF
    BUFGCTRL_X0Y16       BUFG (Prop_bufg_I_O)         0.029     1.247 r  clk_IBUF_BUFG_inst/O
                         net (fo=58, routed)          0.852     2.098    clk_IBUF_BUFG
    SLICE_X0Y24          FDRE                                         r  data_1_p1_reg[7]/C

Slack:                    inf
  Source:                 data_in_1[6]
                            (input port)
  Destination:            data_1_p1_reg[6]/D
                            (rising edge-triggered cell FDRE clocked by clk_pin_p  {rise@0.000ns fall@12.500ns period=25.000ns})
  Path Group:             (none)
  Path Type:              Hold (Min at Fast Process Corner)
  Data Path Delay:        0.768ns  (logic 0.173ns (22.506%)  route 0.595ns (77.494%))
  Logic Levels:           1  (IBUF=1)
  Clock Path Skew:        2.098ns (DCD - SCD - CPR)
    Destination Clock Delay (DCD):    2.098ns
    Source Clock Delay      (SCD):    0.000ns
    Clock Pessimism Removal (CPR):    -0.000ns

    Location             Delay type                Incr(ns)  Path(ns)    Netlist Resource(s)
  -------------------------------------------------------------------    -------------------
    W13                                               0.000     0.000 r  data_in_1[6] (IN)
                         net (fo=0)                   0.000     0.000    data_in_1[6]
    W13                  IBUF (Prop_ibuf_I_O)         0.173     0.173 r  data_in_1_IBUF[6]_inst/O
                         net (fo=1, routed)           0.595     0.768    data_in_1_IBUF[6]
    SLICE_X0Y24          FDRE                                         r  data_1_p1_reg[6]/D
  -------------------------------------------------------------------    -------------------

                         (clock clk_pin_p rise edge)
                                                      0.000     0.000 r  
    C15                                               0.000     0.000 r  clk (IN)
                         net (fo=0)                   0.000     0.000    clk
    C15                  IBUF (Prop_ibuf_I_O)         0.353     0.353 r  clk_IBUF_inst/O
                         net (fo=1, routed)           0.865     1.218    clk_IBUF
    BUFGCTRL_X0Y16       BUFG (Prop_bufg_I_O)         0.029     1.247 r  clk_IBUF_BUFG_inst/O
                         net (fo=58, routed)          0.852     2.098    clk_IBUF_BUFG
    SLICE_X0Y24          FDRE                                         r  data_1_p1_reg[6]/C

Slack:                    inf
  Source:                 data_in_2[5]
                            (input port)
  Destination:            data_2_p1_reg[5]/D
                            (rising edge-triggered cell FDRE clocked by clk_pin_p  {rise@0.000ns fall@12.500ns period=25.000ns})
  Path Group:             (none)
  Path Type:              Hold (Min at Fast Process Corner)
  Data Path Delay:        0.778ns  (logic 0.156ns (19.993%)  route 0.622ns (80.007%))
  Logic Levels:           1  (IBUF=1)
  Clock Path Skew:        2.099ns (DCD - SCD - CPR)
    Destination Clock Delay (DCD):    2.099ns
    Source Clock Delay      (SCD):    0.000ns
    Clock Pessimism Removal (CPR):    -0.000ns

    Location             Delay type                Incr(ns)  Path(ns)    Netlist Resource(s)
  -------------------------------------------------------------------    -------------------
    U18                                               0.000     0.000 r  data_in_2[5] (IN)
                         net (fo=0)                   0.000     0.000    data_in_2[5]
    U18                  IBUF (Prop_ibuf_I_O)         0.156     0.156 r  data_in_2_IBUF[5]_inst/O
                         net (fo=1, routed)           0.622     0.778    data_in_2_IBUF[5]
    SLICE_X0Y26          FDRE                                         r  data_2_p1_reg[5]/D
  -------------------------------------------------------------------    -------------------

                         (clock clk_pin_p rise edge)
                                                      0.000     0.000 r  
    C15                                               0.000     0.000 r  clk (IN)
                         net (fo=0)                   0.000     0.000    clk
    C15                  IBUF (Prop_ibuf_I_O)         0.353     0.353 r  clk_IBUF_inst/O
                         net (fo=1, routed)           0.865     1.218    clk_IBUF
    BUFGCTRL_X0Y16       BUFG (Prop_bufg_I_O)         0.029     1.247 r  clk_IBUF_BUFG_inst/O
                         net (fo=58, routed)          0.853     2.099    clk_IBUF_BUFG
    SLICE_X0Y26          FDRE                                         r  data_2_p1_reg[5]/C

Slack:                    inf
  Source:                 data_in_1[0]
                            (input port)
  Destination:            data_1_p1_reg[0]/D
                            (rising edge-triggered cell FDRE clocked by clk_pin_p  {rise@0.000ns fall@12.500ns period=25.000ns})
  Path Group:             (none)
  Path Type:              Hold (Min at Fast Process Corner)
  Data Path Delay:        0.791ns  (logic 0.165ns (20.933%)  route 0.625ns (79.067%))
  Logic Levels:           1  (IBUF=1)
  Clock Path Skew:        2.098ns (DCD - SCD - CPR)
    Destination Clock Delay (DCD):    2.098ns
    Source Clock Delay      (SCD):    0.000ns
    Clock Pessimism Removal (CPR):    -0.000ns

    Location             Delay type                Incr(ns)  Path(ns)    Netlist Resource(s)
  -------------------------------------------------------------------    -------------------
    U14                                               0.000     0.000 r  data_in_1[0] (IN)
                         net (fo=0)                   0.000     0.000    data_in_1[0]
    U14                  IBUF (Prop_ibuf_I_O)         0.165     0.165 r  data_in_1_IBUF[0]_inst/O
                         net (fo=1, routed)           0.625     0.791    data_in_1_IBUF[0]
    SLICE_X1Y24          FDRE                                         r  data_1_p1_reg[0]/D
  -------------------------------------------------------------------    -------------------

                         (clock clk_pin_p rise edge)
                                                      0.000     0.000 r  
    C15                                               0.000     0.000 r  clk (IN)
                         net (fo=0)                   0.000     0.000    clk
    C15                  IBUF (Prop_ibuf_I_O)         0.353     0.353 r  clk_IBUF_inst/O
                         net (fo=1, routed)           0.865     1.218    clk_IBUF
    BUFGCTRL_X0Y16       BUFG (Prop_bufg_I_O)         0.029     1.247 r  clk_IBUF_BUFG_inst/O
                         net (fo=58, routed)          0.852     2.098    clk_IBUF_BUFG
    SLICE_X1Y24          FDRE                                         r  data_1_p1_reg[0]/C

Slack:                    inf
  Source:                 data_in_1[4]
                            (input port)
  Destination:            data_1_p1_reg[4]/D
                            (rising edge-triggered cell FDRE clocked by clk_pin_p  {rise@0.000ns fall@12.500ns period=25.000ns})
  Path Group:             (none)
  Path Type:              Hold (Min at Fast Process Corner)
  Data Path Delay:        0.791ns  (logic 0.174ns (21.954%)  route 0.618ns (78.046%))
  Logic Levels:           1  (IBUF=1)
  Clock Path Skew:        2.098ns (DCD - SCD - CPR)
    Destination Clock Delay (DCD):    2.098ns
    Source Clock Delay      (SCD):    0.000ns
    Clock Pessimism Removal (CPR):    -0.000ns

    Location             Delay type                Incr(ns)  Path(ns)    Netlist Resource(s)
  -------------------------------------------------------------------    -------------------
    U15                                               0.000     0.000 r  data_in_1[4] (IN)
                         net (fo=0)                   0.000     0.000    data_in_1[4]
    U15                  IBUF (Prop_ibuf_I_O)         0.174     0.174 r  data_in_1_IBUF[4]_inst/O
                         net (fo=1, routed)           0.618     0.791    data_in_1_IBUF[4]
    SLICE_X0Y24          FDRE                                         r  data_1_p1_reg[4]/D
  -------------------------------------------------------------------    -------------------

                         (clock clk_pin_p rise edge)
                                                      0.000     0.000 r  
    C15                                               0.000     0.000 r  clk (IN)
                         net (fo=0)                   0.000     0.000    clk
    C15                  IBUF (Prop_ibuf_I_O)         0.353     0.353 r  clk_IBUF_inst/O
                         net (fo=1, routed)           0.865     1.218    clk_IBUF
    BUFGCTRL_X0Y16       BUFG (Prop_bufg_I_O)         0.029     1.247 r  clk_IBUF_BUFG_inst/O
                         net (fo=58, routed)          0.852     2.098    clk_IBUF_BUFG
    SLICE_X0Y24          FDRE                                         r  data_1_p1_reg[4]/C

Slack:                    inf
  Source:                 data_in_2[3]
                            (input port)
  Destination:            data_2_p1_reg[3]/D
                            (rising edge-triggered cell FDRE clocked by clk_pin_p  {rise@0.000ns fall@12.500ns period=25.000ns})
  Path Group:             (none)
  Path Type:              Hold (Min at Fast Process Corner)
  Data Path Delay:        0.799ns  (logic 0.167ns (20.890%)  route 0.632ns (79.110%))
  Logic Levels:           1  (IBUF=1)
  Clock Path Skew:        2.099ns (DCD - SCD - CPR)
    Destination Clock Delay (DCD):    2.099ns
    Source Clock Delay      (SCD):    0.000ns
    Clock Pessimism Removal (CPR):    -0.000ns

    Location             Delay type                Incr(ns)  Path(ns)    Netlist Resource(s)
  -------------------------------------------------------------------    -------------------
    V17                                               0.000     0.000 r  data_in_2[3] (IN)
                         net (fo=0)                   0.000     0.000    data_in_2[3]
    V17                  IBUF (Prop_ibuf_I_O)         0.167     0.167 r  data_in_2_IBUF[3]_inst/O
                         net (fo=1, routed)           0.632     0.799    data_in_2_IBUF[3]
    SLICE_X1Y26          FDRE                                         r  data_2_p1_reg[3]/D
  -------------------------------------------------------------------    -------------------

                         (clock clk_pin_p rise edge)
                                                      0.000     0.000 r  
    C15                                               0.000     0.000 r  clk (IN)
                         net (fo=0)                   0.000     0.000    clk
    C15                  IBUF (Prop_ibuf_I_O)         0.353     0.353 r  clk_IBUF_inst/O
                         net (fo=1, routed)           0.865     1.218    clk_IBUF
    BUFGCTRL_X0Y16       BUFG (Prop_bufg_I_O)         0.029     1.247 r  clk_IBUF_BUFG_inst/O
                         net (fo=58, routed)          0.853     2.099    clk_IBUF_BUFG
    SLICE_X1Y26          FDRE                                         r  data_2_p1_reg[3]/C

Slack:                    inf
  Source:                 data_in_2[2]
                            (input port)
  Destination:            data_2_p1_reg[2]/D
                            (rising edge-triggered cell FDRE clocked by clk_pin_p  {rise@0.000ns fall@12.500ns period=25.000ns})
  Path Group:             (none)
  Path Type:              Hold (Min at Fast Process Corner)
  Data Path Delay:        0.799ns  (logic 0.178ns (22.240%)  route 0.622ns (77.760%))
  Logic Levels:           1  (IBUF=1)
  Clock Path Skew:        2.099ns (DCD - SCD - CPR)
    Destination Clock Delay (DCD):    2.099ns
    Source Clock Delay      (SCD):    0.000ns
    Clock Pessimism Removal (CPR):    -0.000ns

    Location             Delay type                Incr(ns)  Path(ns)    Netlist Resource(s)
  -------------------------------------------------------------------    -------------------
    W16                                               0.000     0.000 r  data_in_2[2] (IN)
                         net (fo=0)                   0.000     0.000    data_in_2[2]
    W16                  IBUF (Prop_ibuf_I_O)         0.178     0.178 r  data_in_2_IBUF[2]_inst/O
                         net (fo=1, routed)           0.622     0.799    data_in_2_IBUF[2]
    SLICE_X1Y26          FDRE                                         r  data_2_p1_reg[2]/D
  -------------------------------------------------------------------    -------------------

                         (clock clk_pin_p rise edge)
                                                      0.000     0.000 r  
    C15                                               0.000     0.000 r  clk (IN)
                         net (fo=0)                   0.000     0.000    clk
    C15                  IBUF (Prop_ibuf_I_O)         0.353     0.353 r  clk_IBUF_inst/O
                         net (fo=1, routed)           0.865     1.218    clk_IBUF
    BUFGCTRL_X0Y16       BUFG (Prop_bufg_I_O)         0.029     1.247 r  clk_IBUF_BUFG_inst/O
                         net (fo=58, routed)          0.853     2.099    clk_IBUF_BUFG
    SLICE_X1Y26          FDRE                                         r  data_2_p1_reg[2]/C

Slack:                    inf
  Source:                 data_in_2[0]
                            (input port)
  Destination:            data_2_p1_reg[0]/D
                            (rising edge-triggered cell FDRE clocked by clk_pin_p  {rise@0.000ns fall@12.500ns period=25.000ns})
  Path Group:             (none)
  Path Type:              Hold (Min at Fast Process Corner)
  Data Path Delay:        0.808ns  (logic 0.180ns (22.294%)  route 0.628ns (77.706%))
  Logic Levels:           1  (IBUF=1)
  Clock Path Skew:        2.101ns (DCD - SCD - CPR)
    Destination Clock Delay (DCD):    2.101ns
    Source Clock Delay      (SCD):    0.000ns
    Clock Pessimism Removal (CPR):    -0.000ns

    Location             Delay type                Incr(ns)  Path(ns)    Netlist Resource(s)
  -------------------------------------------------------------------    -------------------
    V15                                               0.000     0.000 r  data_in_2[0] (IN)
                         net (fo=0)                   0.000     0.000    data_in_2[0]
    V15                  IBUF (Prop_ibuf_I_O)         0.180     0.180 r  data_in_2_IBUF[0]_inst/O
                         net (fo=1, routed)           0.628     0.808    data_in_2_IBUF[0]
    SLICE_X1Y27          FDRE                                         r  data_2_p1_reg[0]/D
  -------------------------------------------------------------------    -------------------

                         (clock clk_pin_p rise edge)
                                                      0.000     0.000 r  
    C15                                               0.000     0.000 r  clk (IN)
                         net (fo=0)                   0.000     0.000    clk
    C15                  IBUF (Prop_ibuf_I_O)         0.353     0.353 r  clk_IBUF_inst/O
                         net (fo=1, routed)           0.865     1.218    clk_IBUF
    BUFGCTRL_X0Y16       BUFG (Prop_bufg_I_O)         0.029     1.247 r  clk_IBUF_BUFG_inst/O
                         net (fo=58, routed)          0.855     2.101    clk_IBUF_BUFG
    SLICE_X1Y27          FDRE                                         r  data_2_p1_reg[0]/C

Slack:                    inf
  Source:                 data_in_2[1]
                            (input port)
  Destination:            data_2_p1_reg[1]/D
                            (rising edge-triggered cell FDRE clocked by clk_pin_p  {rise@0.000ns fall@12.500ns period=25.000ns})
  Path Group:             (none)
  Path Type:              Hold (Min at Fast Process Corner)
  Data Path Delay:        0.822ns  (logic 0.163ns (19.791%)  route 0.659ns (80.209%))
  Logic Levels:           1  (IBUF=1)
  Clock Path Skew:        2.101ns (DCD - SCD - CPR)
    Destination Clock Delay (DCD):    2.101ns
    Source Clock Delay      (SCD):    0.000ns
    Clock Pessimism Removal (CPR):    -0.000ns

    Location             Delay type                Incr(ns)  Path(ns)    Netlist Resource(s)
  -------------------------------------------------------------------    -------------------
    W17                                               0.000     0.000 r  data_in_2[1] (IN)
                         net (fo=0)                   0.000     0.000    data_in_2[1]
    W17                  IBUF (Prop_ibuf_I_O)         0.163     0.163 r  data_in_2_IBUF[1]_inst/O
                         net (fo=1, routed)           0.659     0.822    data_in_2_IBUF[1]
    SLICE_X0Y27          FDRE                                         r  data_2_p1_reg[1]/D
  -------------------------------------------------------------------    -------------------

                         (clock clk_pin_p rise edge)
                                                      0.000     0.000 r  
    C15                                               0.000     0.000 r  clk (IN)
                         net (fo=0)                   0.000     0.000    clk
    C15                  IBUF (Prop_ibuf_I_O)         0.353     0.353 r  clk_IBUF_inst/O
                         net (fo=1, routed)           0.865     1.218    clk_IBUF
    BUFGCTRL_X0Y16       BUFG (Prop_bufg_I_O)         0.029     1.247 r  clk_IBUF_BUFG_inst/O
                         net (fo=58, routed)          0.855     2.101    clk_IBUF_BUFG
    SLICE_X0Y27          FDRE                                         r  data_2_p1_reg[1]/C





