Copyright 1986-2022 Xilinx, Inc. All Rights Reserved. Copyright 2022-2025 Advanced Micro Devices, Inc. All Rights Reserved.
---------------------------------------------------------------------------------------------------------------------------------------------------------------------------------------------------
| Tool Version : Vivado v.2024.2.2 (lin64) Build 6060944 Thu Mar 06 19:10:09 MST 2025
| Date         : Mon Apr 14 14:19:48 2025
| Host         : ece-linlabsrv01.ece.gatech.edu running 64-bit Red Hat Enterprise Linux release 8.10 (Ootpa)
| Command      : report_timing_summary -max_paths 10 -report_unconstrained -file da_timing_summary_routed.rpt -pb da_timing_summary_routed.pb -rpx da_timing_summary_routed.rpx -warn_on_violation
| Design       : da
| Device       : 7a35t-cpg236
| Speed File   : -1  PRODUCTION 1.23 2018-06-13
| Design State : Routed
---------------------------------------------------------------------------------------------------------------------------------------------------------------------------------------------------

Timing Summary Report

------------------------------------------------------------------------------------------------
| Timer Settings
| --------------
------------------------------------------------------------------------------------------------

  Enable Multi Corner Analysis               :  Yes
  Enable Pessimism Removal                   :  Yes
  Pessimism Removal Resolution               :  Nearest Common Node
  Enable Input Delay Default Clock           :  No
  Enable Preset / Clear Arcs                 :  No
  Disable Flight Delays                      :  No
  Ignore I/O Paths                           :  No
  Timing Early Launch at Borrowing Latches   :  No
  Borrow Time for Max Delay Exceptions       :  Yes
  Merge Timing Exceptions                    :  Yes
  Inter-SLR Compensation                     :  Conservative

  Corner  Analyze    Analyze    
  Name    Max Paths  Min Paths  
  ------  ---------  ---------  
  Slow    Yes        Yes        
  Fast    Yes        Yes        


------------------------------------------------------------------------------------------------
| Report Methodology
| ------------------
------------------------------------------------------------------------------------------------

Rule       Severity  Description                    Violations  
---------  --------  -----------------------------  ----------  
TIMING-18  Warning   Missing input or output delay  30          

Note: This report is based on the most recent report_methodology run and may not be up-to-date. Run report_methodology on the current design for the latest report.



check_timing report

Table of Contents
-----------------
1. checking no_clock (0)
2. checking constant_clock (0)
3. checking pulse_width_clock (0)
4. checking unconstrained_internal_endpoints (0)
5. checking no_input_delay (18)
6. checking no_output_delay (12)
7. checking multiple_clock (0)
8. checking generated_clocks (0)
9. checking loops (0)
10. checking partial_input_delay (0)
11. checking partial_output_delay (0)
12. checking latch_loops (0)

1. checking no_clock (0)
------------------------
 There are 0 register/latch pins with no clock.


2. checking constant_clock (0)
------------------------------
 There are 0 register/latch pins with constant_clock.


3. checking pulse_width_clock (0)
---------------------------------
 There are 0 register/latch pins which need pulse_width check


4. checking unconstrained_internal_endpoints (0)
------------------------------------------------
 There are 0 pins that are not constrained for maximum delay.

 There are 0 pins that are not constrained for maximum delay due to constant clock.


5. checking no_input_delay (18)
-------------------------------
 There are 18 input ports with no input delay specified. (HIGH)

 There are 0 input ports with no input delay but user has a false path constraint.


6. checking no_output_delay (12)
--------------------------------
 There are 12 ports with no output delay specified. (HIGH)

 There are 0 ports with no output delay but user has a false path constraint

 There are 0 ports with no output delay but with a timing clock defined on it or propagating through it


7. checking multiple_clock (0)
------------------------------
 There are 0 register/latch pins with multiple clocks.


8. checking generated_clocks (0)
--------------------------------
 There are 0 generated clocks that are not connected to a clock source.


9. checking loops (0)
---------------------
 There are 0 combinational loops in the design.


10. checking partial_input_delay (0)
------------------------------------
 There are 0 input ports with partial input delay specified.


11. checking partial_output_delay (0)
-------------------------------------
 There are 0 ports with partial output delay specified.


12. checking latch_loops (0)
----------------------------
 There are 0 combinational latch loops in the design through latch input



------------------------------------------------------------------------------------------------
| Design Timing Summary
| ---------------------
------------------------------------------------------------------------------------------------

    WNS(ns)      TNS(ns)  TNS Failing Endpoints  TNS Total Endpoints      WHS(ns)      THS(ns)  THS Failing Endpoints  THS Total Endpoints     WPWS(ns)     TPWS(ns)  TPWS Failing Endpoints  TPWS Total Endpoints  
    -------      -------  ---------------------  -------------------      -------      -------  ---------------------  -------------------     --------     --------  ----------------------  --------------------  
      5.100        0.000                      0                   63        0.136        0.000                      0                   63        4.500        0.000                       0                    42  


All user specified timing constraints are met.


------------------------------------------------------------------------------------------------
| Clock Summary
| -------------
------------------------------------------------------------------------------------------------

Clock      Waveform(ns)       Period(ns)      Frequency(MHz)
-----      ------------       ----------      --------------
clk_pin_p  {0.000 5.000}      10.000          100.000         


------------------------------------------------------------------------------------------------
| Intra Clock Table
| -----------------
------------------------------------------------------------------------------------------------

Clock             WNS(ns)      TNS(ns)  TNS Failing Endpoints  TNS Total Endpoints      WHS(ns)      THS(ns)  THS Failing Endpoints  THS Total Endpoints     WPWS(ns)     TPWS(ns)  TPWS Failing Endpoints  TPWS Total Endpoints  
-----             -------      -------  ---------------------  -------------------      -------      -------  ---------------------  -------------------     --------     --------  ----------------------  --------------------  
clk_pin_p           5.100        0.000                      0                   63        0.136        0.000                      0                   63        4.500        0.000                       0                    42  


------------------------------------------------------------------------------------------------
| Inter Clock Table
| -----------------
------------------------------------------------------------------------------------------------

From Clock    To Clock          WNS(ns)      TNS(ns)  TNS Failing Endpoints  TNS Total Endpoints      WHS(ns)      THS(ns)  THS Failing Endpoints  THS Total Endpoints  
----------    --------          -------      -------  ---------------------  -------------------      -------      -------  ---------------------  -------------------  


------------------------------------------------------------------------------------------------
| Other Path Groups Table
| -----------------------
------------------------------------------------------------------------------------------------

Path Group    From Clock    To Clock          WNS(ns)      TNS(ns)  TNS Failing Endpoints  TNS Total Endpoints      WHS(ns)      THS(ns)  THS Failing Endpoints  THS Total Endpoints  
----------    ----------    --------          -------      -------  ---------------------  -------------------      -------      -------  ---------------------  -------------------  


------------------------------------------------------------------------------------------------
| User Ignored Path Table
| -----------------------
------------------------------------------------------------------------------------------------

Path Group    From Clock    To Clock    
----------    ----------    --------    


------------------------------------------------------------------------------------------------
| Unconstrained Path Table
| ------------------------
------------------------------------------------------------------------------------------------

Path Group    From Clock    To Clock    
----------    ----------    --------    
(none)        clk_pin_p                   
(none)                      clk_pin_p     


------------------------------------------------------------------------------------------------
| Timing Details
| --------------
------------------------------------------------------------------------------------------------


---------------------------------------------------------------------------------------------------
From Clock:  clk_pin_p
  To Clock:  clk_pin_p

Setup :            0  Failing Endpoints,  Worst Slack        5.100ns,  Total Violation        0.000ns
Hold  :            0  Failing Endpoints,  Worst Slack        0.136ns,  Total Violation        0.000ns
PW    :            0  Failing Endpoints,  Worst Slack        4.500ns,  Total Violation        0.000ns
---------------------------------------------------------------------------------------------------


Max Delay Paths
--------------------------------------------------------------------------------------
Slack (MET) :             5.100ns  (required time - arrival time)
  Source:                 fetch_unit_inst/addr_1_reg[0]/C
                            (rising edge-triggered cell FDRE clocked by clk_pin_p  {rise@0.000ns fall@5.000ns period=10.000ns})
  Destination:            excut_unit_inst/data_out_reg[9]/D
                            (rising edge-triggered cell FDRE clocked by clk_pin_p  {rise@0.000ns fall@5.000ns period=10.000ns})
  Path Group:             clk_pin_p
  Path Type:              Setup (Max at Slow Process Corner)
  Requirement:            10.000ns  (clk_pin_p rise@10.000ns - clk_pin_p rise@0.000ns)
  Data Path Delay:        4.600ns  (logic 1.867ns (40.591%)  route 2.733ns (59.409%))
  Logic Levels:           5  (CARRY4=2 LUT5=3)
  Clock Path Skew:        -0.028ns (DCD - SCD + CPR)
    Destination Clock Delay (DCD):    4.276ns = ( 14.276 - 10.000 ) 
    Source Clock Delay      (SCD):    4.640ns
    Clock Pessimism Removal (CPR):    0.336ns
  Clock Uncertainty:      0.035ns  ((TSJ^2 + TIJ^2)^1/2 + DJ) / 2 + PE
    Total System Jitter     (TSJ):    0.071ns
    Total Input Jitter      (TIJ):    0.000ns
    Discrete Jitter          (DJ):    0.000ns
    Phase Error              (PE):    0.000ns

    Location             Delay type                Incr(ns)  Path(ns)    Netlist Resource(s)
  -------------------------------------------------------------------    -------------------
                         (clock clk_pin_p rise edge)
                                                      0.000     0.000 r  
    M18                                               0.000     0.000 r  clk (IN)
                         net (fo=0)                   0.000     0.000    clk
    M18                  IBUF (Prop_ibuf_I_O)         0.938     0.938 r  clk_IBUF_inst/O
                         net (fo=1, routed)           1.972     2.910    clk_IBUF
    BUFGCTRL_X0Y0        BUFG (Prop_bufg_I_O)         0.096     3.006 r  clk_IBUF_BUFG_inst/O
                         net (fo=41, routed)          1.634     4.640    fetch_unit_inst/CLK
    SLICE_X2Y12          FDRE                                         r  fetch_unit_inst/addr_1_reg[0]/C
  -------------------------------------------------------------------    -------------------
    SLICE_X2Y12          FDRE (Prop_fdre_C_Q)         0.518     5.158 r  fetch_unit_inst/addr_1_reg[0]/Q
                         net (fo=7, routed)           1.135     6.293    fetch_unit_inst/fetch_unit_addr_1[0]
    SLICE_X1Y15          LUT5 (Prop_lut5_I1_O)        0.150     6.443 r  fetch_unit_inst/i___0_carry__0_i_10/O
                         net (fo=4, routed)           0.756     7.198    fetch_unit_inst/i___0_carry__0_i_10_n_0
    SLICE_X1Y14          LUT5 (Prop_lut5_I1_O)        0.326     7.524 r  fetch_unit_inst/i___0_carry__0_i_1/O
                         net (fo=2, routed)           0.500     8.024    fetch_unit_inst/acc_res_reg[6][3]
    SLICE_X0Y14          LUT5 (Prop_lut5_I4_O)        0.124     8.148 r  fetch_unit_inst/i___0_carry__0_i_5/O
                         net (fo=1, routed)           0.000     8.148    excut_unit_inst/data_out_reg[7]_1[3]
    SLICE_X0Y14          CARRY4 (Prop_carry4_S[3]_CO[3])
                                                      0.401     8.549 r  excut_unit_inst/_inferred__3/i___0_carry__0/CO[3]
                         net (fo=1, routed)           0.000     8.549    excut_unit_inst/_inferred__3/i___0_carry__0_n_0
    SLICE_X0Y15          CARRY4 (Prop_carry4_CI_O[1])
                                                      0.348     8.897 r  excut_unit_inst/_inferred__3/i___0_carry__1/O[1]
                         net (fo=2, routed)           0.342     9.239    excut_unit_inst/next_acc_res[9]
    SLICE_X0Y16          FDRE                                         r  excut_unit_inst/data_out_reg[9]/D
  -------------------------------------------------------------------    -------------------

                         (clock clk_pin_p rise edge)
                                                     10.000    10.000 r  
    M18                                               0.000    10.000 r  clk (IN)
                         net (fo=0)                   0.000    10.000    clk
    M18                  IBUF (Prop_ibuf_I_O)         0.805    10.805 r  clk_IBUF_inst/O
                         net (fo=1, routed)           1.868    12.673    clk_IBUF
    BUFGCTRL_X0Y0        BUFG (Prop_bufg_I_O)         0.091    12.764 r  clk_IBUF_BUFG_inst/O
                         net (fo=41, routed)          1.512    14.276    excut_unit_inst/CLK
    SLICE_X0Y16          FDRE                                         r  excut_unit_inst/data_out_reg[9]/C
                         clock pessimism              0.336    14.612    
                         clock uncertainty           -0.035    14.577    
    SLICE_X0Y16          FDRE (Setup_fdre_C_D)       -0.237    14.340    excut_unit_inst/data_out_reg[9]
  -------------------------------------------------------------------
                         required time                         14.340    
                         arrival time                          -9.239    
  -------------------------------------------------------------------
                         slack                                  5.100    

Slack (MET) :             5.142ns  (required time - arrival time)
  Source:                 fetch_unit_inst/addr_1_reg[0]/C
                            (rising edge-triggered cell FDRE clocked by clk_pin_p  {rise@0.000ns fall@5.000ns period=10.000ns})
  Destination:            excut_unit_inst/data_out_reg[6]/D
                            (rising edge-triggered cell FDRE clocked by clk_pin_p  {rise@0.000ns fall@5.000ns period=10.000ns})
  Path Group:             clk_pin_p
  Path Type:              Setup (Max at Slow Process Corner)
  Requirement:            10.000ns  (clk_pin_p rise@10.000ns - clk_pin_p rise@0.000ns)
  Data Path Delay:        4.536ns  (logic 1.698ns (37.433%)  route 2.838ns (62.567%))
  Logic Levels:           4  (CARRY4=1 LUT5=2 LUT6=1)
  Clock Path Skew:        -0.027ns (DCD - SCD + CPR)
    Destination Clock Delay (DCD):    4.277ns = ( 14.277 - 10.000 ) 
    Source Clock Delay      (SCD):    4.640ns
    Clock Pessimism Removal (CPR):    0.336ns
  Clock Uncertainty:      0.035ns  ((TSJ^2 + TIJ^2)^1/2 + DJ) / 2 + PE
    Total System Jitter     (TSJ):    0.071ns
    Total Input Jitter      (TIJ):    0.000ns
    Discrete Jitter          (DJ):    0.000ns
    Phase Error              (PE):    0.000ns

    Location             Delay type                Incr(ns)  Path(ns)    Netlist Resource(s)
  -------------------------------------------------------------------    -------------------
                         (clock clk_pin_p rise edge)
                                                      0.000     0.000 r  
    M18                                               0.000     0.000 r  clk (IN)
                         net (fo=0)                   0.000     0.000    clk
    M18                  IBUF (Prop_ibuf_I_O)         0.938     0.938 r  clk_IBUF_inst/O
                         net (fo=1, routed)           1.972     2.910    clk_IBUF
    BUFGCTRL_X0Y0        BUFG (Prop_bufg_I_O)         0.096     3.006 r  clk_IBUF_BUFG_inst/O
                         net (fo=41, routed)          1.634     4.640    fetch_unit_inst/CLK
    SLICE_X2Y12          FDRE                                         r  fetch_unit_inst/addr_1_reg[0]/C
  -------------------------------------------------------------------    -------------------
    SLICE_X2Y12          FDRE (Prop_fdre_C_Q)         0.518     5.158 r  fetch_unit_inst/addr_1_reg[0]/Q
                         net (fo=7, routed)           1.135     6.293    fetch_unit_inst/fetch_unit_addr_1[0]
    SLICE_X1Y15          LUT5 (Prop_lut5_I1_O)        0.150     6.443 f  fetch_unit_inst/i___0_carry__0_i_10/O
                         net (fo=4, routed)           0.754     7.196    fetch_unit_inst/i___0_carry__0_i_10_n_0
    SLICE_X1Y14          LUT5 (Prop_lut5_I3_O)        0.326     7.522 r  fetch_unit_inst/i___0_carry__0_i_3/O
                         net (fo=2, routed)           0.348     7.870    fetch_unit_inst/acc_res_reg[6][1]
    SLICE_X0Y14          LUT6 (Prop_lut6_I0_O)        0.124     7.994 r  fetch_unit_inst/i___0_carry__0_i_7/O
                         net (fo=1, routed)           0.000     7.994    excut_unit_inst/data_out_reg[7]_1[1]
    SLICE_X0Y14          CARRY4 (Prop_carry4_S[1]_O[2])
                                                      0.580     8.574 r  excut_unit_inst/_inferred__3/i___0_carry__0/O[2]
                         net (fo=2, routed)           0.602     9.176    excut_unit_inst/next_acc_res[6]
    SLICE_X1Y15          FDRE                                         r  excut_unit_inst/data_out_reg[6]/D
  -------------------------------------------------------------------    -------------------

                         (clock clk_pin_p rise edge)
                                                     10.000    10.000 r  
    M18                                               0.000    10.000 r  clk (IN)
                         net (fo=0)                   0.000    10.000    clk
    M18                  IBUF (Prop_ibuf_I_O)         0.805    10.805 r  clk_IBUF_inst/O
                         net (fo=1, routed)           1.868    12.673    clk_IBUF
    BUFGCTRL_X0Y0        BUFG (Prop_bufg_I_O)         0.091    12.764 r  clk_IBUF_BUFG_inst/O
                         net (fo=41, routed)          1.513    14.277    excut_unit_inst/CLK
    SLICE_X1Y15          FDRE                                         r  excut_unit_inst/data_out_reg[6]/C
                         clock pessimism              0.336    14.613    
                         clock uncertainty           -0.035    14.578    
    SLICE_X1Y15          FDRE (Setup_fdre_C_D)       -0.259    14.319    excut_unit_inst/data_out_reg[6]
  -------------------------------------------------------------------
                         required time                         14.319    
                         arrival time                          -9.176    
  -------------------------------------------------------------------
                         slack                                  5.142    

Slack (MET) :             5.180ns  (required time - arrival time)
  Source:                 fetch_unit_inst/addr_1_reg[0]/C
                            (rising edge-triggered cell FDRE clocked by clk_pin_p  {rise@0.000ns fall@5.000ns period=10.000ns})
  Destination:            excut_unit_inst/data_out_reg[7]/D
                            (rising edge-triggered cell FDRE clocked by clk_pin_p  {rise@0.000ns fall@5.000ns period=10.000ns})
  Path Group:             clk_pin_p
  Path Type:              Setup (Max at Slow Process Corner)
  Requirement:            10.000ns  (clk_pin_p rise@10.000ns - clk_pin_p rise@0.000ns)
  Data Path Delay:        4.514ns  (logic 1.758ns (38.942%)  route 2.756ns (61.058%))
  Logic Levels:           4  (CARRY4=1 LUT5=2 LUT6=1)
  Clock Path Skew:        -0.027ns (DCD - SCD + CPR)
    Destination Clock Delay (DCD):    4.277ns = ( 14.277 - 10.000 ) 
    Source Clock Delay      (SCD):    4.640ns
    Clock Pessimism Removal (CPR):    0.336ns
  Clock Uncertainty:      0.035ns  ((TSJ^2 + TIJ^2)^1/2 + DJ) / 2 + PE
    Total System Jitter     (TSJ):    0.071ns
    Total Input Jitter      (TIJ):    0.000ns
    Discrete Jitter          (DJ):    0.000ns
    Phase Error              (PE):    0.000ns

    Location             Delay type                Incr(ns)  Path(ns)    Netlist Resource(s)
  -------------------------------------------------------------------    -------------------
                         (clock clk_pin_p rise edge)
                                                      0.000     0.000 r  
    M18                                               0.000     0.000 r  clk (IN)
                         net (fo=0)                   0.000     0.000    clk
    M18                  IBUF (Prop_ibuf_I_O)         0.938     0.938 r  clk_IBUF_inst/O
                         net (fo=1, routed)           1.972     2.910    clk_IBUF
    BUFGCTRL_X0Y0        BUFG (Prop_bufg_I_O)         0.096     3.006 r  clk_IBUF_BUFG_inst/O
                         net (fo=41, routed)          1.634     4.640    fetch_unit_inst/CLK
    SLICE_X2Y12          FDRE                                         r  fetch_unit_inst/addr_1_reg[0]/C
  -------------------------------------------------------------------    -------------------
    SLICE_X2Y12          FDRE (Prop_fdre_C_Q)         0.518     5.158 r  fetch_unit_inst/addr_1_reg[0]/Q
                         net (fo=7, routed)           1.135     6.293    fetch_unit_inst/fetch_unit_addr_1[0]
    SLICE_X1Y15          LUT5 (Prop_lut5_I1_O)        0.150     6.443 f  fetch_unit_inst/i___0_carry__0_i_10/O
                         net (fo=4, routed)           0.754     7.196    fetch_unit_inst/i___0_carry__0_i_10_n_0
    SLICE_X1Y14          LUT5 (Prop_lut5_I3_O)        0.326     7.522 r  fetch_unit_inst/i___0_carry__0_i_3/O
                         net (fo=2, routed)           0.348     7.870    fetch_unit_inst/acc_res_reg[6][1]
    SLICE_X0Y14          LUT6 (Prop_lut6_I0_O)        0.124     7.994 r  fetch_unit_inst/i___0_carry__0_i_7/O
                         net (fo=1, routed)           0.000     7.994    excut_unit_inst/data_out_reg[7]_1[1]
    SLICE_X0Y14          CARRY4 (Prop_carry4_S[1]_O[3])
                                                      0.640     8.634 r  excut_unit_inst/_inferred__3/i___0_carry__0/O[3]
                         net (fo=2, routed)           0.520     9.154    excut_unit_inst/next_acc_res[7]
    SLICE_X1Y15          FDRE                                         r  excut_unit_inst/data_out_reg[7]/D
  -------------------------------------------------------------------    -------------------

                         (clock clk_pin_p rise edge)
                                                     10.000    10.000 r  
    M18                                               0.000    10.000 r  clk (IN)
                         net (fo=0)                   0.000    10.000    clk
    M18                  IBUF (Prop_ibuf_I_O)         0.805    10.805 r  clk_IBUF_inst/O
                         net (fo=1, routed)           1.868    12.673    clk_IBUF
    BUFGCTRL_X0Y0        BUFG (Prop_bufg_I_O)         0.091    12.764 r  clk_IBUF_BUFG_inst/O
                         net (fo=41, routed)          1.513    14.277    excut_unit_inst/CLK
    SLICE_X1Y15          FDRE                                         r  excut_unit_inst/data_out_reg[7]/C
                         clock pessimism              0.336    14.613    
                         clock uncertainty           -0.035    14.578    
    SLICE_X1Y15          FDRE (Setup_fdre_C_D)       -0.243    14.335    excut_unit_inst/data_out_reg[7]
  -------------------------------------------------------------------
                         required time                         14.335    
                         arrival time                          -9.154    
  -------------------------------------------------------------------
                         slack                                  5.180    

Slack (MET) :             5.222ns  (required time - arrival time)
  Source:                 fetch_unit_inst/addr_1_reg[0]/C
                            (rising edge-triggered cell FDRE clocked by clk_pin_p  {rise@0.000ns fall@5.000ns period=10.000ns})
  Destination:            excut_unit_inst/data_out_reg[8]/D
                            (rising edge-triggered cell FDRE clocked by clk_pin_p  {rise@0.000ns fall@5.000ns period=10.000ns})
  Path Group:             clk_pin_p
  Path Type:              Setup (Max at Slow Process Corner)
  Requirement:            10.000ns  (clk_pin_p rise@10.000ns - clk_pin_p rise@0.000ns)
  Data Path Delay:        4.479ns  (logic 1.754ns (39.161%)  route 2.725ns (60.839%))
  Logic Levels:           5  (CARRY4=2 LUT5=3)
  Clock Path Skew:        -0.028ns (DCD - SCD + CPR)
    Destination Clock Delay (DCD):    4.276ns = ( 14.276 - 10.000 ) 
    Source Clock Delay      (SCD):    4.640ns
    Clock Pessimism Removal (CPR):    0.336ns
  Clock Uncertainty:      0.035ns  ((TSJ^2 + TIJ^2)^1/2 + DJ) / 2 + PE
    Total System Jitter     (TSJ):    0.071ns
    Total Input Jitter      (TIJ):    0.000ns
    Discrete Jitter          (DJ):    0.000ns
    Phase Error              (PE):    0.000ns

    Location             Delay type                Incr(ns)  Path(ns)    Netlist Resource(s)
  -------------------------------------------------------------------    -------------------
                         (clock clk_pin_p rise edge)
                                                      0.000     0.000 r  
    M18                                               0.000     0.000 r  clk (IN)
                         net (fo=0)                   0.000     0.000    clk
    M18                  IBUF (Prop_ibuf_I_O)         0.938     0.938 r  clk_IBUF_inst/O
                         net (fo=1, routed)           1.972     2.910    clk_IBUF
    BUFGCTRL_X0Y0        BUFG (Prop_bufg_I_O)         0.096     3.006 r  clk_IBUF_BUFG_inst/O
                         net (fo=41, routed)          1.634     4.640    fetch_unit_inst/CLK
    SLICE_X2Y12          FDRE                                         r  fetch_unit_inst/addr_1_reg[0]/C
  -------------------------------------------------------------------    -------------------
    SLICE_X2Y12          FDRE (Prop_fdre_C_Q)         0.518     5.158 r  fetch_unit_inst/addr_1_reg[0]/Q
                         net (fo=7, routed)           1.135     6.293    fetch_unit_inst/fetch_unit_addr_1[0]
    SLICE_X1Y15          LUT5 (Prop_lut5_I1_O)        0.150     6.443 r  fetch_unit_inst/i___0_carry__0_i_10/O
                         net (fo=4, routed)           0.756     7.198    fetch_unit_inst/i___0_carry__0_i_10_n_0
    SLICE_X1Y14          LUT5 (Prop_lut5_I1_O)        0.326     7.524 r  fetch_unit_inst/i___0_carry__0_i_1/O
                         net (fo=2, routed)           0.500     8.024    fetch_unit_inst/acc_res_reg[6][3]
    SLICE_X0Y14          LUT5 (Prop_lut5_I4_O)        0.124     8.148 r  fetch_unit_inst/i___0_carry__0_i_5/O
                         net (fo=1, routed)           0.000     8.148    excut_unit_inst/data_out_reg[7]_1[3]
    SLICE_X0Y14          CARRY4 (Prop_carry4_S[3]_CO[3])
                                                      0.401     8.549 r  excut_unit_inst/_inferred__3/i___0_carry__0/CO[3]
                         net (fo=1, routed)           0.000     8.549    excut_unit_inst/_inferred__3/i___0_carry__0_n_0
    SLICE_X0Y15          CARRY4 (Prop_carry4_CI_O[0])
                                                      0.235     8.784 r  excut_unit_inst/_inferred__3/i___0_carry__1/O[0]
                         net (fo=2, routed)           0.335     9.119    excut_unit_inst/next_acc_res[8]
    SLICE_X0Y16          FDRE                                         r  excut_unit_inst/data_out_reg[8]/D
  -------------------------------------------------------------------    -------------------

                         (clock clk_pin_p rise edge)
                                                     10.000    10.000 r  
    M18                                               0.000    10.000 r  clk (IN)
                         net (fo=0)                   0.000    10.000    clk
    M18                  IBUF (Prop_ibuf_I_O)         0.805    10.805 r  clk_IBUF_inst/O
                         net (fo=1, routed)           1.868    12.673    clk_IBUF
    BUFGCTRL_X0Y0        BUFG (Prop_bufg_I_O)         0.091    12.764 r  clk_IBUF_BUFG_inst/O
                         net (fo=41, routed)          1.512    14.276    excut_unit_inst/CLK
    SLICE_X0Y16          FDRE                                         r  excut_unit_inst/data_out_reg[8]/C
                         clock pessimism              0.336    14.612    
                         clock uncertainty           -0.035    14.577    
    SLICE_X0Y16          FDRE (Setup_fdre_C_D)       -0.236    14.341    excut_unit_inst/data_out_reg[8]
  -------------------------------------------------------------------
                         required time                         14.341    
                         arrival time                          -9.119    
  -------------------------------------------------------------------
                         slack                                  5.222    

Slack (MET) :             5.325ns  (required time - arrival time)
  Source:                 excut_unit_inst/state_reg/C
                            (rising edge-triggered cell FDRE clocked by clk_pin_p  {rise@0.000ns fall@5.000ns period=10.000ns})
  Destination:            excut_unit_inst/data_out_reg[5]/D
                            (rising edge-triggered cell FDRE clocked by clk_pin_p  {rise@0.000ns fall@5.000ns period=10.000ns})
  Path Group:             clk_pin_p
  Path Type:              Setup (Max at Slow Process Corner)
  Requirement:            10.000ns  (clk_pin_p rise@10.000ns - clk_pin_p rise@0.000ns)
  Data Path Delay:        4.367ns  (logic 1.809ns (41.420%)  route 2.558ns (58.580%))
  Logic Levels:           5  (CARRY4=2 LUT4=1 LUT5=1 LUT6=1)
  Clock Path Skew:        -0.026ns (DCD - SCD + CPR)
    Destination Clock Delay (DCD):    4.277ns = ( 14.277 - 10.000 ) 
    Source Clock Delay      (SCD):    4.639ns
    Clock Pessimism Removal (CPR):    0.336ns
  Clock Uncertainty:      0.035ns  ((TSJ^2 + TIJ^2)^1/2 + DJ) / 2 + PE
    Total System Jitter     (TSJ):    0.071ns
    Total Input Jitter      (TIJ):    0.000ns
    Discrete Jitter          (DJ):    0.000ns
    Phase Error              (PE):    0.000ns

    Location             Delay type                Incr(ns)  Path(ns)    Netlist Resource(s)
  -------------------------------------------------------------------    -------------------
                         (clock clk_pin_p rise edge)
                                                      0.000     0.000 r  
    M18                                               0.000     0.000 r  clk (IN)
                         net (fo=0)                   0.000     0.000    clk
    M18                  IBUF (Prop_ibuf_I_O)         0.938     0.938 r  clk_IBUF_inst/O
                         net (fo=1, routed)           1.972     2.910    clk_IBUF
    BUFGCTRL_X0Y0        BUFG (Prop_bufg_I_O)         0.096     3.006 r  clk_IBUF_BUFG_inst/O
                         net (fo=41, routed)          1.633     4.639    excut_unit_inst/CLK
    SLICE_X3Y14          FDRE                                         r  excut_unit_inst/state_reg/C
  -------------------------------------------------------------------    -------------------
    SLICE_X3Y14          FDRE (Prop_fdre_C_Q)         0.456     5.095 r  excut_unit_inst/state_reg/Q
                         net (fo=28, routed)          1.088     6.183    fetch_unit_inst/state
    SLICE_X1Y13          LUT5 (Prop_lut5_I0_O)        0.153     6.336 r  fetch_unit_inst/i___0_carry_i_9/O
                         net (fo=2, routed)           0.658     6.995    fetch_unit_inst/state_reg_0
    SLICE_X1Y14          LUT4 (Prop_lut4_I1_O)        0.327     7.322 r  fetch_unit_inst/i___0_carry_i_1/O
                         net (fo=2, routed)           0.425     7.746    fetch_unit_inst/DI[0]
    SLICE_X0Y13          LUT6 (Prop_lut6_I0_O)        0.124     7.870 r  fetch_unit_inst/i___0_carry_i_4/O
                         net (fo=1, routed)           0.000     7.870    excut_unit_inst/S[1]
    SLICE_X0Y13          CARRY4 (Prop_carry4_S[3]_CO[3])
                                                      0.401     8.271 r  excut_unit_inst/_inferred__3/i___0_carry/CO[3]
                         net (fo=1, routed)           0.000     8.271    excut_unit_inst/_inferred__3/i___0_carry_n_0
    SLICE_X0Y14          CARRY4 (Prop_carry4_CI_O[1])
                                                      0.348     8.619 r  excut_unit_inst/_inferred__3/i___0_carry__0/O[1]
                         net (fo=2, routed)           0.387     9.006    excut_unit_inst/next_acc_res[5]
    SLICE_X1Y15          FDRE                                         r  excut_unit_inst/data_out_reg[5]/D
  -------------------------------------------------------------------    -------------------

                         (clock clk_pin_p rise edge)
                                                     10.000    10.000 r  
    M18                                               0.000    10.000 r  clk (IN)
                         net (fo=0)                   0.000    10.000    clk
    M18                  IBUF (Prop_ibuf_I_O)         0.805    10.805 r  clk_IBUF_inst/O
                         net (fo=1, routed)           1.868    12.673    clk_IBUF
    BUFGCTRL_X0Y0        BUFG (Prop_bufg_I_O)         0.091    12.764 r  clk_IBUF_BUFG_inst/O
                         net (fo=41, routed)          1.513    14.277    excut_unit_inst/CLK
    SLICE_X1Y15          FDRE                                         r  excut_unit_inst/data_out_reg[5]/C
                         clock pessimism              0.336    14.613    
                         clock uncertainty           -0.035    14.578    
    SLICE_X1Y15          FDRE (Setup_fdre_C_D)       -0.246    14.332    excut_unit_inst/data_out_reg[5]
  -------------------------------------------------------------------
                         required time                         14.332    
                         arrival time                          -9.006    
  -------------------------------------------------------------------
                         slack                                  5.325    

Slack (MET) :             5.339ns  (required time - arrival time)
  Source:                 excut_unit_inst/state_reg/C
                            (rising edge-triggered cell FDRE clocked by clk_pin_p  {rise@0.000ns fall@5.000ns period=10.000ns})
  Destination:            excut_unit_inst/data_out_reg[4]/D
                            (rising edge-triggered cell FDRE clocked by clk_pin_p  {rise@0.000ns fall@5.000ns period=10.000ns})
  Path Group:             clk_pin_p
  Path Type:              Setup (Max at Slow Process Corner)
  Requirement:            10.000ns  (clk_pin_p rise@10.000ns - clk_pin_p rise@0.000ns)
  Data Path Delay:        4.343ns  (logic 1.696ns (39.052%)  route 2.647ns (60.948%))
  Logic Levels:           5  (CARRY4=2 LUT4=1 LUT5=1 LUT6=1)
  Clock Path Skew:        -0.027ns (DCD - SCD + CPR)
    Destination Clock Delay (DCD):    4.276ns = ( 14.276 - 10.000 ) 
    Source Clock Delay      (SCD):    4.639ns
    Clock Pessimism Removal (CPR):    0.336ns
  Clock Uncertainty:      0.035ns  ((TSJ^2 + TIJ^2)^1/2 + DJ) / 2 + PE
    Total System Jitter     (TSJ):    0.071ns
    Total Input Jitter      (TIJ):    0.000ns
    Discrete Jitter          (DJ):    0.000ns
    Phase Error              (PE):    0.000ns

    Location             Delay type                Incr(ns)  Path(ns)    Netlist Resource(s)
  -------------------------------------------------------------------    -------------------
                         (clock clk_pin_p rise edge)
                                                      0.000     0.000 r  
    M18                                               0.000     0.000 r  clk (IN)
                         net (fo=0)                   0.000     0.000    clk
    M18                  IBUF (Prop_ibuf_I_O)         0.938     0.938 r  clk_IBUF_inst/O
                         net (fo=1, routed)           1.972     2.910    clk_IBUF
    BUFGCTRL_X0Y0        BUFG (Prop_bufg_I_O)         0.096     3.006 r  clk_IBUF_BUFG_inst/O
                         net (fo=41, routed)          1.633     4.639    excut_unit_inst/CLK
    SLICE_X3Y14          FDRE                                         r  excut_unit_inst/state_reg/C
  -------------------------------------------------------------------    -------------------
    SLICE_X3Y14          FDRE (Prop_fdre_C_Q)         0.456     5.095 r  excut_unit_inst/state_reg/Q
                         net (fo=28, routed)          1.088     6.183    fetch_unit_inst/state
    SLICE_X1Y13          LUT5 (Prop_lut5_I0_O)        0.153     6.336 r  fetch_unit_inst/i___0_carry_i_9/O
                         net (fo=2, routed)           0.658     6.995    fetch_unit_inst/state_reg_0
    SLICE_X1Y14          LUT4 (Prop_lut4_I1_O)        0.327     7.322 r  fetch_unit_inst/i___0_carry_i_1/O
                         net (fo=2, routed)           0.425     7.746    fetch_unit_inst/DI[0]
    SLICE_X0Y13          LUT6 (Prop_lut6_I0_O)        0.124     7.870 r  fetch_unit_inst/i___0_carry_i_4/O
                         net (fo=1, routed)           0.000     7.870    excut_unit_inst/S[1]
    SLICE_X0Y13          CARRY4 (Prop_carry4_S[3]_CO[3])
                                                      0.401     8.271 r  excut_unit_inst/_inferred__3/i___0_carry/CO[3]
                         net (fo=1, routed)           0.000     8.271    excut_unit_inst/_inferred__3/i___0_carry_n_0
    SLICE_X0Y14          CARRY4 (Prop_carry4_CI_O[0])
                                                      0.235     8.506 r  excut_unit_inst/_inferred__3/i___0_carry__0/O[0]
                         net (fo=2, routed)           0.475     8.982    excut_unit_inst/next_acc_res[4]
    SLICE_X0Y16          FDRE                                         r  excut_unit_inst/data_out_reg[4]/D
  -------------------------------------------------------------------    -------------------

                         (clock clk_pin_p rise edge)
                                                     10.000    10.000 r  
    M18                                               0.000    10.000 r  clk (IN)
                         net (fo=0)                   0.000    10.000    clk
    M18                  IBUF (Prop_ibuf_I_O)         0.805    10.805 r  clk_IBUF_inst/O
                         net (fo=1, routed)           1.868    12.673    clk_IBUF
    BUFGCTRL_X0Y0        BUFG (Prop_bufg_I_O)         0.091    12.764 r  clk_IBUF_BUFG_inst/O
                         net (fo=41, routed)          1.512    14.276    excut_unit_inst/CLK
    SLICE_X0Y16          FDRE                                         r  excut_unit_inst/data_out_reg[4]/C
                         clock pessimism              0.336    14.612    
                         clock uncertainty           -0.035    14.577    
    SLICE_X0Y16          FDRE (Setup_fdre_C_D)       -0.256    14.321    excut_unit_inst/data_out_reg[4]
  -------------------------------------------------------------------
                         required time                         14.321    
                         arrival time                          -8.982    
  -------------------------------------------------------------------
                         slack                                  5.339    

Slack (MET) :             5.702ns  (required time - arrival time)
  Source:                 fetch_unit_inst/addr_1_reg[1]/C
                            (rising edge-triggered cell FDRE clocked by clk_pin_p  {rise@0.000ns fall@5.000ns period=10.000ns})
  Destination:            excut_unit_inst/data_out_reg[2]/D
                            (rising edge-triggered cell FDRE clocked by clk_pin_p  {rise@0.000ns fall@5.000ns period=10.000ns})
  Path Group:             clk_pin_p
  Path Type:              Setup (Max at Slow Process Corner)
  Requirement:            10.000ns  (clk_pin_p rise@10.000ns - clk_pin_p rise@0.000ns)
  Data Path Delay:        3.996ns  (logic 1.076ns (26.928%)  route 2.920ns (73.072%))
  Logic Levels:           4  (CARRY4=1 LUT4=2 LUT5=1)
  Clock Path Skew:        -0.028ns (DCD - SCD + CPR)
    Destination Clock Delay (DCD):    4.276ns = ( 14.276 - 10.000 ) 
    Source Clock Delay      (SCD):    4.640ns
    Clock Pessimism Removal (CPR):    0.336ns
  Clock Uncertainty:      0.035ns  ((TSJ^2 + TIJ^2)^1/2 + DJ) / 2 + PE
    Total System Jitter     (TSJ):    0.071ns
    Total Input Jitter      (TIJ):    0.000ns
    Discrete Jitter          (DJ):    0.000ns
    Phase Error              (PE):    0.000ns

    Location             Delay type                Incr(ns)  Path(ns)    Netlist Resource(s)
  -------------------------------------------------------------------    -------------------
                         (clock clk_pin_p rise edge)
                                                      0.000     0.000 r  
    M18                                               0.000     0.000 r  clk (IN)
                         net (fo=0)                   0.000     0.000    clk
    M18                  IBUF (Prop_ibuf_I_O)         0.938     0.938 r  clk_IBUF_inst/O
                         net (fo=1, routed)           1.972     2.910    clk_IBUF
    BUFGCTRL_X0Y0        BUFG (Prop_bufg_I_O)         0.096     3.006 r  clk_IBUF_BUFG_inst/O
                         net (fo=41, routed)          1.634     4.640    fetch_unit_inst/CLK
    SLICE_X1Y12          FDRE                                         r  fetch_unit_inst/addr_1_reg[1]/C
  -------------------------------------------------------------------    -------------------
    SLICE_X1Y12          FDRE (Prop_fdre_C_Q)         0.456     5.096 r  fetch_unit_inst/addr_1_reg[1]/Q
                         net (fo=7, routed)           1.131     6.227    fetch_unit_inst/fetch_unit_addr_1[1]
    SLICE_X1Y15          LUT4 (Prop_lut4_I1_O)        0.124     6.351 r  fetch_unit_inst/i___0_carry_i_10/O
                         net (fo=4, routed)           0.463     6.814    excut_unit_inst/data_out_reg[3]_0
    SLICE_X1Y13          LUT4 (Prop_lut4_I2_O)        0.124     6.938 r  excut_unit_inst/i___0_carry_i_2/O
                         net (fo=2, routed)           0.514     7.451    excut_unit_inst/i___0_carry_i_2_n_0
    SLICE_X0Y13          LUT5 (Prop_lut5_I0_O)        0.124     7.575 r  excut_unit_inst/i___0_carry_i_5/O
                         net (fo=1, routed)           0.000     7.575    excut_unit_inst/i___0_carry_i_5_n_0
    SLICE_X0Y13          CARRY4 (Prop_carry4_S[2]_O[2])
                                                      0.248     7.823 r  excut_unit_inst/_inferred__3/i___0_carry/O[2]
                         net (fo=2, routed)           0.813     8.636    excut_unit_inst/next_acc_res[2]
    SLICE_X1Y16          FDRE                                         r  excut_unit_inst/data_out_reg[2]/D
  -------------------------------------------------------------------    -------------------

                         (clock clk_pin_p rise edge)
                                                     10.000    10.000 r  
    M18                                               0.000    10.000 r  clk (IN)
                         net (fo=0)                   0.000    10.000    clk
    M18                  IBUF (Prop_ibuf_I_O)         0.805    10.805 r  clk_IBUF_inst/O
                         net (fo=1, routed)           1.868    12.673    clk_IBUF
    BUFGCTRL_X0Y0        BUFG (Prop_bufg_I_O)         0.091    12.764 r  clk_IBUF_BUFG_inst/O
                         net (fo=41, routed)          1.512    14.276    excut_unit_inst/CLK
    SLICE_X1Y16          FDRE                                         r  excut_unit_inst/data_out_reg[2]/C
                         clock pessimism              0.336    14.612    
                         clock uncertainty           -0.035    14.577    
    SLICE_X1Y16          FDRE (Setup_fdre_C_D)       -0.239    14.338    excut_unit_inst/data_out_reg[2]
  -------------------------------------------------------------------
                         required time                         14.338    
                         arrival time                          -8.636    
  -------------------------------------------------------------------
                         slack                                  5.702    

Slack (MET) :             5.723ns  (required time - arrival time)
  Source:                 excut_unit_inst/state_reg/C
                            (rising edge-triggered cell FDRE clocked by clk_pin_p  {rise@0.000ns fall@5.000ns period=10.000ns})
  Destination:            excut_unit_inst/data_out_reg[3]/D
                            (rising edge-triggered cell FDRE clocked by clk_pin_p  {rise@0.000ns fall@5.000ns period=10.000ns})
  Path Group:             clk_pin_p
  Path Type:              Setup (Max at Slow Process Corner)
  Requirement:            10.000ns  (clk_pin_p rise@10.000ns - clk_pin_p rise@0.000ns)
  Data Path Delay:        3.965ns  (logic 1.308ns (32.986%)  route 2.657ns (67.014%))
  Logic Levels:           4  (CARRY4=1 LUT4=1 LUT5=1 LUT6=1)
  Clock Path Skew:        -0.027ns (DCD - SCD + CPR)
    Destination Clock Delay (DCD):    4.276ns = ( 14.276 - 10.000 ) 
    Source Clock Delay      (SCD):    4.639ns
    Clock Pessimism Removal (CPR):    0.336ns
  Clock Uncertainty:      0.035ns  ((TSJ^2 + TIJ^2)^1/2 + DJ) / 2 + PE
    Total System Jitter     (TSJ):    0.071ns
    Total Input Jitter      (TIJ):    0.000ns
    Discrete Jitter          (DJ):    0.000ns
    Phase Error              (PE):    0.000ns

    Location             Delay type                Incr(ns)  Path(ns)    Netlist Resource(s)
  -------------------------------------------------------------------    -------------------
                         (clock clk_pin_p rise edge)
                                                      0.000     0.000 r  
    M18                                               0.000     0.000 r  clk (IN)
                         net (fo=0)                   0.000     0.000    clk
    M18                  IBUF (Prop_ibuf_I_O)         0.938     0.938 r  clk_IBUF_inst/O
                         net (fo=1, routed)           1.972     2.910    clk_IBUF
    BUFGCTRL_X0Y0        BUFG (Prop_bufg_I_O)         0.096     3.006 r  clk_IBUF_BUFG_inst/O
                         net (fo=41, routed)          1.633     4.639    excut_unit_inst/CLK
    SLICE_X3Y14          FDRE                                         r  excut_unit_inst/state_reg/C
  -------------------------------------------------------------------    -------------------
    SLICE_X3Y14          FDRE (Prop_fdre_C_Q)         0.456     5.095 r  excut_unit_inst/state_reg/Q
                         net (fo=28, routed)          1.088     6.183    fetch_unit_inst/state
    SLICE_X1Y13          LUT5 (Prop_lut5_I0_O)        0.153     6.336 r  fetch_unit_inst/i___0_carry_i_9/O
                         net (fo=2, routed)           0.658     6.995    fetch_unit_inst/state_reg_0
    SLICE_X1Y14          LUT4 (Prop_lut4_I1_O)        0.327     7.322 r  fetch_unit_inst/i___0_carry_i_1/O
                         net (fo=2, routed)           0.425     7.746    fetch_unit_inst/DI[0]
    SLICE_X0Y13          LUT6 (Prop_lut6_I0_O)        0.124     7.870 r  fetch_unit_inst/i___0_carry_i_4/O
                         net (fo=1, routed)           0.000     7.870    excut_unit_inst/S[1]
    SLICE_X0Y13          CARRY4 (Prop_carry4_S[3]_O[3])
                                                      0.248     8.118 r  excut_unit_inst/_inferred__3/i___0_carry/O[3]
                         net (fo=2, routed)           0.486     8.604    excut_unit_inst/next_acc_res[3]
    SLICE_X0Y16          FDRE                                         r  excut_unit_inst/data_out_reg[3]/D
  -------------------------------------------------------------------    -------------------

                         (clock clk_pin_p rise edge)
                                                     10.000    10.000 r  
    M18                                               0.000    10.000 r  clk (IN)
                         net (fo=0)                   0.000    10.000    clk
    M18                  IBUF (Prop_ibuf_I_O)         0.805    10.805 r  clk_IBUF_inst/O
                         net (fo=1, routed)           1.868    12.673    clk_IBUF
    BUFGCTRL_X0Y0        BUFG (Prop_bufg_I_O)         0.091    12.764 r  clk_IBUF_BUFG_inst/O
                         net (fo=41, routed)          1.512    14.276    excut_unit_inst/CLK
    SLICE_X0Y16          FDRE                                         r  excut_unit_inst/data_out_reg[3]/C
                         clock pessimism              0.336    14.612    
                         clock uncertainty           -0.035    14.577    
    SLICE_X0Y16          FDRE (Setup_fdre_C_D)       -0.249    14.328    excut_unit_inst/data_out_reg[3]
  -------------------------------------------------------------------
                         required time                         14.328    
                         arrival time                          -8.604    
  -------------------------------------------------------------------
                         slack                                  5.723    

Slack (MET) :             5.731ns  (required time - arrival time)
  Source:                 fetch_unit_inst/addr_1_reg[0]/C
                            (rising edge-triggered cell FDRE clocked by clk_pin_p  {rise@0.000ns fall@5.000ns period=10.000ns})
  Destination:            excut_unit_inst/acc_res_reg[9]/D
                            (rising edge-triggered cell FDRE clocked by clk_pin_p  {rise@0.000ns fall@5.000ns period=10.000ns})
  Path Group:             clk_pin_p
  Path Type:              Setup (Max at Slow Process Corner)
  Requirement:            10.000ns  (clk_pin_p rise@10.000ns - clk_pin_p rise@0.000ns)
  Data Path Delay:        4.257ns  (logic 1.867ns (43.854%)  route 2.390ns (56.146%))
  Logic Levels:           5  (CARRY4=2 LUT5=3)
  Clock Path Skew:        -0.027ns (DCD - SCD + CPR)
    Destination Clock Delay (DCD):    4.277ns = ( 14.277 - 10.000 ) 
    Source Clock Delay      (SCD):    4.640ns
    Clock Pessimism Removal (CPR):    0.336ns
  Clock Uncertainty:      0.035ns  ((TSJ^2 + TIJ^2)^1/2 + DJ) / 2 + PE
    Total System Jitter     (TSJ):    0.071ns
    Total Input Jitter      (TIJ):    0.000ns
    Discrete Jitter          (DJ):    0.000ns
    Phase Error              (PE):    0.000ns

    Location             Delay type                Incr(ns)  Path(ns)    Netlist Resource(s)
  -------------------------------------------------------------------    -------------------
                         (clock clk_pin_p rise edge)
                                                      0.000     0.000 r  
    M18                                               0.000     0.000 r  clk (IN)
                         net (fo=0)                   0.000     0.000    clk
    M18                  IBUF (Prop_ibuf_I_O)         0.938     0.938 r  clk_IBUF_inst/O
                         net (fo=1, routed)           1.972     2.910    clk_IBUF
    BUFGCTRL_X0Y0        BUFG (Prop_bufg_I_O)         0.096     3.006 r  clk_IBUF_BUFG_inst/O
                         net (fo=41, routed)          1.634     4.640    fetch_unit_inst/CLK
    SLICE_X2Y12          FDRE                                         r  fetch_unit_inst/addr_1_reg[0]/C
  -------------------------------------------------------------------    -------------------
    SLICE_X2Y12          FDRE (Prop_fdre_C_Q)         0.518     5.158 r  fetch_unit_inst/addr_1_reg[0]/Q
                         net (fo=7, routed)           1.135     6.293    fetch_unit_inst/fetch_unit_addr_1[0]
    SLICE_X1Y15          LUT5 (Prop_lut5_I1_O)        0.150     6.443 r  fetch_unit_inst/i___0_carry__0_i_10/O
                         net (fo=4, routed)           0.756     7.198    fetch_unit_inst/i___0_carry__0_i_10_n_0
    SLICE_X1Y14          LUT5 (Prop_lut5_I1_O)        0.326     7.524 r  fetch_unit_inst/i___0_carry__0_i_1/O
                         net (fo=2, routed)           0.500     8.024    fetch_unit_inst/acc_res_reg[6][3]
    SLICE_X0Y14          LUT5 (Prop_lut5_I4_O)        0.124     8.148 r  fetch_unit_inst/i___0_carry__0_i_5/O
                         net (fo=1, routed)           0.000     8.148    excut_unit_inst/data_out_reg[7]_1[3]
    SLICE_X0Y14          CARRY4 (Prop_carry4_S[3]_CO[3])
                                                      0.401     8.549 r  excut_unit_inst/_inferred__3/i___0_carry__0/CO[3]
                         net (fo=1, routed)           0.000     8.549    excut_unit_inst/_inferred__3/i___0_carry__0_n_0
    SLICE_X0Y15          CARRY4 (Prop_carry4_CI_O[1])
                                                      0.348     8.897 r  excut_unit_inst/_inferred__3/i___0_carry__1/O[1]
                         net (fo=2, routed)           0.000     8.897    excut_unit_inst/next_acc_res[9]
    SLICE_X0Y15          FDRE                                         r  excut_unit_inst/acc_res_reg[9]/D
  -------------------------------------------------------------------    -------------------

                         (clock clk_pin_p rise edge)
                                                     10.000    10.000 r  
    M18                                               0.000    10.000 r  clk (IN)
                         net (fo=0)                   0.000    10.000    clk
    M18                  IBUF (Prop_ibuf_I_O)         0.805    10.805 r  clk_IBUF_inst/O
                         net (fo=1, routed)           1.868    12.673    clk_IBUF
    BUFGCTRL_X0Y0        BUFG (Prop_bufg_I_O)         0.091    12.764 r  clk_IBUF_BUFG_inst/O
                         net (fo=41, routed)          1.513    14.277    excut_unit_inst/CLK
    SLICE_X0Y15          FDRE                                         r  excut_unit_inst/acc_res_reg[9]/C
                         clock pessimism              0.336    14.613    
                         clock uncertainty           -0.035    14.578    
    SLICE_X0Y15          FDRE (Setup_fdre_C_D)        0.051    14.629    excut_unit_inst/acc_res_reg[9]
  -------------------------------------------------------------------
                         required time                         14.629    
                         arrival time                          -8.897    
  -------------------------------------------------------------------
                         slack                                  5.731    

Slack (MET) :             5.844ns  (required time - arrival time)
  Source:                 fetch_unit_inst/addr_1_reg[0]/C
                            (rising edge-triggered cell FDRE clocked by clk_pin_p  {rise@0.000ns fall@5.000ns period=10.000ns})
  Destination:            excut_unit_inst/acc_res_reg[8]/D
                            (rising edge-triggered cell FDRE clocked by clk_pin_p  {rise@0.000ns fall@5.000ns period=10.000ns})
  Path Group:             clk_pin_p
  Path Type:              Setup (Max at Slow Process Corner)
  Requirement:            10.000ns  (clk_pin_p rise@10.000ns - clk_pin_p rise@0.000ns)
  Data Path Delay:        4.144ns  (logic 1.754ns (42.323%)  route 2.390ns (57.677%))
  Logic Levels:           5  (CARRY4=2 LUT5=3)
  Clock Path Skew:        -0.027ns (DCD - SCD + CPR)
    Destination Clock Delay (DCD):    4.277ns = ( 14.277 - 10.000 ) 
    Source Clock Delay      (SCD):    4.640ns
    Clock Pessimism Removal (CPR):    0.336ns
  Clock Uncertainty:      0.035ns  ((TSJ^2 + TIJ^2)^1/2 + DJ) / 2 + PE
    Total System Jitter     (TSJ):    0.071ns
    Total Input Jitter      (TIJ):    0.000ns
    Discrete Jitter          (DJ):    0.000ns
    Phase Error              (PE):    0.000ns

    Location             Delay type                Incr(ns)  Path(ns)    Netlist Resource(s)
  -------------------------------------------------------------------    -------------------
                         (clock clk_pin_p rise edge)
                                                      0.000     0.000 r  
    M18                                               0.000     0.000 r  clk (IN)
                         net (fo=0)                   0.000     0.000    clk
    M18                  IBUF (Prop_ibuf_I_O)         0.938     0.938 r  clk_IBUF_inst/O
                         net (fo=1, routed)           1.972     2.910    clk_IBUF
    BUFGCTRL_X0Y0        BUFG (Prop_bufg_I_O)         0.096     3.006 r  clk_IBUF_BUFG_inst/O
                         net (fo=41, routed)          1.634     4.640    fetch_unit_inst/CLK
    SLICE_X2Y12          FDRE                                         r  fetch_unit_inst/addr_1_reg[0]/C
  -------------------------------------------------------------------    -------------------
    SLICE_X2Y12          FDRE (Prop_fdre_C_Q)         0.518     5.158 r  fetch_unit_inst/addr_1_reg[0]/Q
                         net (fo=7, routed)           1.135     6.293    fetch_unit_inst/fetch_unit_addr_1[0]
    SLICE_X1Y15          LUT5 (Prop_lut5_I1_O)        0.150     6.443 r  fetch_unit_inst/i___0_carry__0_i_10/O
                         net (fo=4, routed)           0.756     7.198    fetch_unit_inst/i___0_carry__0_i_10_n_0
    SLICE_X1Y14          LUT5 (Prop_lut5_I1_O)        0.326     7.524 r  fetch_unit_inst/i___0_carry__0_i_1/O
                         net (fo=2, routed)           0.500     8.024    fetch_unit_inst/acc_res_reg[6][3]
    SLICE_X0Y14          LUT5 (Prop_lut5_I4_O)        0.124     8.148 r  fetch_unit_inst/i___0_carry__0_i_5/O
                         net (fo=1, routed)           0.000     8.148    excut_unit_inst/data_out_reg[7]_1[3]
    SLICE_X0Y14          CARRY4 (Prop_carry4_S[3]_CO[3])
                                                      0.401     8.549 r  excut_unit_inst/_inferred__3/i___0_carry__0/CO[3]
                         net (fo=1, routed)           0.000     8.549    excut_unit_inst/_inferred__3/i___0_carry__0_n_0
    SLICE_X0Y15          CARRY4 (Prop_carry4_CI_O[0])
                                                      0.235     8.784 r  excut_unit_inst/_inferred__3/i___0_carry__1/O[0]
                         net (fo=2, routed)           0.000     8.784    excut_unit_inst/next_acc_res[8]
    SLICE_X0Y15          FDRE                                         r  excut_unit_inst/acc_res_reg[8]/D
  -------------------------------------------------------------------    -------------------

                         (clock clk_pin_p rise edge)
                                                     10.000    10.000 r  
    M18                                               0.000    10.000 r  clk (IN)
                         net (fo=0)                   0.000    10.000    clk
    M18                  IBUF (Prop_ibuf_I_O)         0.805    10.805 r  clk_IBUF_inst/O
                         net (fo=1, routed)           1.868    12.673    clk_IBUF
    BUFGCTRL_X0Y0        BUFG (Prop_bufg_I_O)         0.091    12.764 r  clk_IBUF_BUFG_inst/O
                         net (fo=41, routed)          1.513    14.277    excut_unit_inst/CLK
    SLICE_X0Y15          FDRE                                         r  excut_unit_inst/acc_res_reg[8]/C
                         clock pessimism              0.336    14.613    
                         clock uncertainty           -0.035    14.578    
    SLICE_X0Y15          FDRE (Setup_fdre_C_D)        0.051    14.629    excut_unit_inst/acc_res_reg[8]
  -------------------------------------------------------------------
                         required time                         14.629    
                         arrival time                          -8.784    
  -------------------------------------------------------------------
                         slack                                  5.844    





Min Delay Paths
--------------------------------------------------------------------------------------
Slack (MET) :             0.136ns  (arrival time - required time)
  Source:                 fetch_unit_inst/data_1_reg[2]/C
                            (rising edge-triggered cell FDRE clocked by clk_pin_p  {rise@0.000ns fall@5.000ns period=10.000ns})
  Destination:            fetch_unit_inst/addr_0_reg[1]/D
                            (rising edge-triggered cell FDRE clocked by clk_pin_p  {rise@0.000ns fall@5.000ns period=10.000ns})
  Path Group:             clk_pin_p
  Path Type:              Hold (Min at Fast Process Corner)
  Requirement:            0.000ns  (clk_pin_p rise@0.000ns - clk_pin_p rise@0.000ns)
  Data Path Delay:        0.240ns  (logic 0.186ns (77.515%)  route 0.054ns (22.485%))
  Logic Levels:           1  (LUT4=1)
  Clock Path Skew:        0.013ns (DCD - SCD - CPR)
    Destination Clock Delay (DCD):    1.935ns
    Source Clock Delay      (SCD):    1.419ns
    Clock Pessimism Removal (CPR):    0.503ns

    Location             Delay type                Incr(ns)  Path(ns)    Netlist Resource(s)
  -------------------------------------------------------------------    -------------------
                         (clock clk_pin_p rise edge)
                                                      0.000     0.000 r  
    M18                                               0.000     0.000 r  clk (IN)
                         net (fo=0)                   0.000     0.000    clk
    M18                  IBUF (Prop_ibuf_I_O)         0.167     0.167 r  clk_IBUF_inst/O
                         net (fo=1, routed)           0.634     0.801    clk_IBUF
    BUFGCTRL_X0Y0        BUFG (Prop_bufg_I_O)         0.026     0.827 r  clk_IBUF_BUFG_inst/O
                         net (fo=41, routed)          0.592     1.419    fetch_unit_inst/CLK
    SLICE_X0Y12          FDRE                                         r  fetch_unit_inst/data_1_reg[2]/C
  -------------------------------------------------------------------    -------------------
    SLICE_X0Y12          FDRE (Prop_fdre_C_Q)         0.141     1.560 r  fetch_unit_inst/data_1_reg[2]/Q
                         net (fo=1, routed)           0.054     1.614    fetch_unit_inst/p_1_in[1]
    SLICE_X1Y12          LUT4 (Prop_lut4_I0_O)        0.045     1.659 r  fetch_unit_inst/addr_0[1]_i_1/O
                         net (fo=1, routed)           0.000     1.659    fetch_unit_inst/next_addr_0[1]
    SLICE_X1Y12          FDRE                                         r  fetch_unit_inst/addr_0_reg[1]/D
  -------------------------------------------------------------------    -------------------

                         (clock clk_pin_p rise edge)
                                                      0.000     0.000 r  
    M18                                               0.000     0.000 r  clk (IN)
                         net (fo=0)                   0.000     0.000    clk
    M18                  IBUF (Prop_ibuf_I_O)         0.356     0.356 r  clk_IBUF_inst/O
                         net (fo=1, routed)           0.689     1.044    clk_IBUF
    BUFGCTRL_X0Y0        BUFG (Prop_bufg_I_O)         0.029     1.073 r  clk_IBUF_BUFG_inst/O
                         net (fo=41, routed)          0.862     1.935    fetch_unit_inst/CLK
    SLICE_X1Y12          FDRE                                         r  fetch_unit_inst/addr_0_reg[1]/C
                         clock pessimism             -0.503     1.432    
    SLICE_X1Y12          FDRE (Hold_fdre_C_D)         0.091     1.523    fetch_unit_inst/addr_0_reg[1]
  -------------------------------------------------------------------
                         required time                         -1.523    
                         arrival time                           1.659    
  -------------------------------------------------------------------
                         slack                                  0.136    

Slack (MET) :             0.166ns  (arrival time - required time)
  Source:                 fetch_unit_inst/data_1_reg[3]/C
                            (rising edge-triggered cell FDRE clocked by clk_pin_p  {rise@0.000ns fall@5.000ns period=10.000ns})
  Destination:            fetch_unit_inst/addr_1_reg[1]/D
                            (rising edge-triggered cell FDRE clocked by clk_pin_p  {rise@0.000ns fall@5.000ns period=10.000ns})
  Path Group:             clk_pin_p
  Path Type:              Hold (Min at Fast Process Corner)
  Requirement:            0.000ns  (clk_pin_p rise@0.000ns - clk_pin_p rise@0.000ns)
  Data Path Delay:        0.271ns  (logic 0.186ns (68.652%)  route 0.085ns (31.348%))
  Logic Levels:           1  (LUT4=1)
  Clock Path Skew:        0.013ns (DCD - SCD - CPR)
    Destination Clock Delay (DCD):    1.935ns
    Source Clock Delay      (SCD):    1.419ns
    Clock Pessimism Removal (CPR):    0.503ns

    Location             Delay type                Incr(ns)  Path(ns)    Netlist Resource(s)
  -------------------------------------------------------------------    -------------------
                         (clock clk_pin_p rise edge)
                                                      0.000     0.000 r  
    M18                                               0.000     0.000 r  clk (IN)
                         net (fo=0)                   0.000     0.000    clk
    M18                  IBUF (Prop_ibuf_I_O)         0.167     0.167 r  clk_IBUF_inst/O
                         net (fo=1, routed)           0.634     0.801    clk_IBUF
    BUFGCTRL_X0Y0        BUFG (Prop_bufg_I_O)         0.026     0.827 r  clk_IBUF_BUFG_inst/O
                         net (fo=41, routed)          0.592     1.419    fetch_unit_inst/CLK
    SLICE_X0Y12          FDRE                                         r  fetch_unit_inst/data_1_reg[3]/C
  -------------------------------------------------------------------    -------------------
    SLICE_X0Y12          FDRE (Prop_fdre_C_Q)         0.141     1.560 r  fetch_unit_inst/data_1_reg[3]/Q
                         net (fo=1, routed)           0.085     1.645    fetch_unit_inst/data_1_reg_n_0_[3]
    SLICE_X1Y12          LUT4 (Prop_lut4_I0_O)        0.045     1.690 r  fetch_unit_inst/addr_1[1]_i_1/O
                         net (fo=1, routed)           0.000     1.690    fetch_unit_inst/next_addr_1[1]
    SLICE_X1Y12          FDRE                                         r  fetch_unit_inst/addr_1_reg[1]/D
  -------------------------------------------------------------------    -------------------

                         (clock clk_pin_p rise edge)
                                                      0.000     0.000 r  
    M18                                               0.000     0.000 r  clk (IN)
                         net (fo=0)                   0.000     0.000    clk
    M18                  IBUF (Prop_ibuf_I_O)         0.356     0.356 r  clk_IBUF_inst/O
                         net (fo=1, routed)           0.689     1.044    clk_IBUF
    BUFGCTRL_X0Y0        BUFG (Prop_bufg_I_O)         0.029     1.073 r  clk_IBUF_BUFG_inst/O
                         net (fo=41, routed)          0.862     1.935    fetch_unit_inst/CLK
    SLICE_X1Y12          FDRE                                         r  fetch_unit_inst/addr_1_reg[1]/C
                         clock pessimism             -0.503     1.432    
    SLICE_X1Y12          FDRE (Hold_fdre_C_D)         0.092     1.524    fetch_unit_inst/addr_1_reg[1]
  -------------------------------------------------------------------
                         required time                         -1.524    
                         arrival time                           1.690    
  -------------------------------------------------------------------
                         slack                                  0.166    

Slack (MET) :             0.168ns  (arrival time - required time)
  Source:                 fetch_unit_inst/data_0_reg[2]/C
                            (rising edge-triggered cell FDRE clocked by clk_pin_p  {rise@0.000ns fall@5.000ns period=10.000ns})
  Destination:            fetch_unit_inst/addr_0_reg[0]/D
                            (rising edge-triggered cell FDRE clocked by clk_pin_p  {rise@0.000ns fall@5.000ns period=10.000ns})
  Path Group:             clk_pin_p
  Path Type:              Hold (Min at Fast Process Corner)
  Requirement:            0.000ns  (clk_pin_p rise@0.000ns - clk_pin_p rise@0.000ns)
  Data Path Delay:        0.273ns  (logic 0.186ns (68.212%)  route 0.087ns (31.788%))
  Logic Levels:           1  (LUT4=1)
  Clock Path Skew:        0.013ns (DCD - SCD - CPR)
    Destination Clock Delay (DCD):    1.935ns
    Source Clock Delay      (SCD):    1.419ns
    Clock Pessimism Removal (CPR):    0.503ns

    Location             Delay type                Incr(ns)  Path(ns)    Netlist Resource(s)
  -------------------------------------------------------------------    -------------------
                         (clock clk_pin_p rise edge)
                                                      0.000     0.000 r  
    M18                                               0.000     0.000 r  clk (IN)
                         net (fo=0)                   0.000     0.000    clk
    M18                  IBUF (Prop_ibuf_I_O)         0.167     0.167 r  clk_IBUF_inst/O
                         net (fo=1, routed)           0.634     0.801    clk_IBUF
    BUFGCTRL_X0Y0        BUFG (Prop_bufg_I_O)         0.026     0.827 r  clk_IBUF_BUFG_inst/O
                         net (fo=41, routed)          0.592     1.419    fetch_unit_inst/CLK
    SLICE_X0Y12          FDRE                                         r  fetch_unit_inst/data_0_reg[2]/C
  -------------------------------------------------------------------    -------------------
    SLICE_X0Y12          FDRE (Prop_fdre_C_Q)         0.141     1.560 r  fetch_unit_inst/data_0_reg[2]/Q
                         net (fo=1, routed)           0.087     1.647    fetch_unit_inst/p_1_in[0]
    SLICE_X1Y12          LUT4 (Prop_lut4_I0_O)        0.045     1.692 r  fetch_unit_inst/addr_0[0]_i_1/O
                         net (fo=1, routed)           0.000     1.692    fetch_unit_inst/next_addr_0[0]
    SLICE_X1Y12          FDRE                                         r  fetch_unit_inst/addr_0_reg[0]/D
  -------------------------------------------------------------------    -------------------

                         (clock clk_pin_p rise edge)
                                                      0.000     0.000 r  
    M18                                               0.000     0.000 r  clk (IN)
                         net (fo=0)                   0.000     0.000    clk
    M18                  IBUF (Prop_ibuf_I_O)         0.356     0.356 r  clk_IBUF_inst/O
                         net (fo=1, routed)           0.689     1.044    clk_IBUF
    BUFGCTRL_X0Y0        BUFG (Prop_bufg_I_O)         0.029     1.073 r  clk_IBUF_BUFG_inst/O
                         net (fo=41, routed)          0.862     1.935    fetch_unit_inst/CLK
    SLICE_X1Y12          FDRE                                         r  fetch_unit_inst/addr_0_reg[0]/C
                         clock pessimism             -0.503     1.432    
    SLICE_X1Y12          FDRE (Hold_fdre_C_D)         0.092     1.524    fetch_unit_inst/addr_0_reg[0]
  -------------------------------------------------------------------
                         required time                         -1.524    
                         arrival time                           1.692    
  -------------------------------------------------------------------
                         slack                                  0.168    

Slack (MET) :             0.216ns  (arrival time - required time)
  Source:                 fetch_unit_inst/data_3_reg[2]/C
                            (rising edge-triggered cell FDRE clocked by clk_pin_p  {rise@0.000ns fall@5.000ns period=10.000ns})
  Destination:            fetch_unit_inst/addr_0_reg[3]/D
                            (rising edge-triggered cell FDRE clocked by clk_pin_p  {rise@0.000ns fall@5.000ns period=10.000ns})
  Path Group:             clk_pin_p
  Path Type:              Hold (Min at Fast Process Corner)
  Requirement:            0.000ns  (clk_pin_p rise@0.000ns - clk_pin_p rise@0.000ns)
  Data Path Delay:        0.322ns  (logic 0.186ns (57.733%)  route 0.136ns (42.267%))
  Logic Levels:           1  (LUT4=1)
  Clock Path Skew:        0.015ns (DCD - SCD - CPR)
    Destination Clock Delay (DCD):    1.934ns
    Source Clock Delay      (SCD):    1.418ns
    Clock Pessimism Removal (CPR):    0.501ns

    Location             Delay type                Incr(ns)  Path(ns)    Netlist Resource(s)
  -------------------------------------------------------------------    -------------------
                         (clock clk_pin_p rise edge)
                                                      0.000     0.000 r  
    M18                                               0.000     0.000 r  clk (IN)
                         net (fo=0)                   0.000     0.000    clk
    M18                  IBUF (Prop_ibuf_I_O)         0.167     0.167 r  clk_IBUF_inst/O
                         net (fo=1, routed)           0.634     0.801    clk_IBUF
    BUFGCTRL_X0Y0        BUFG (Prop_bufg_I_O)         0.026     0.827 r  clk_IBUF_BUFG_inst/O
                         net (fo=41, routed)          0.591     1.418    fetch_unit_inst/CLK
    SLICE_X1Y14          FDRE                                         r  fetch_unit_inst/data_3_reg[2]/C
  -------------------------------------------------------------------    -------------------
    SLICE_X1Y14          FDRE (Prop_fdre_C_Q)         0.141     1.559 r  fetch_unit_inst/data_3_reg[2]/Q
                         net (fo=1, routed)           0.136     1.695    fetch_unit_inst/p_1_in[3]
    SLICE_X1Y13          LUT4 (Prop_lut4_I0_O)        0.045     1.740 r  fetch_unit_inst/addr_0[3]_i_1/O
                         net (fo=1, routed)           0.000     1.740    fetch_unit_inst/next_addr_0[3]
    SLICE_X1Y13          FDRE                                         r  fetch_unit_inst/addr_0_reg[3]/D
  -------------------------------------------------------------------    -------------------

                         (clock clk_pin_p rise edge)
                                                      0.000     0.000 r  
    M18                                               0.000     0.000 r  clk (IN)
                         net (fo=0)                   0.000     0.000    clk
    M18                  IBUF (Prop_ibuf_I_O)         0.356     0.356 r  clk_IBUF_inst/O
                         net (fo=1, routed)           0.689     1.044    clk_IBUF
    BUFGCTRL_X0Y0        BUFG (Prop_bufg_I_O)         0.029     1.073 r  clk_IBUF_BUFG_inst/O
                         net (fo=41, routed)          0.861     1.934    fetch_unit_inst/CLK
    SLICE_X1Y13          FDRE                                         r  fetch_unit_inst/addr_0_reg[3]/C
                         clock pessimism             -0.501     1.433    
    SLICE_X1Y13          FDRE (Hold_fdre_C_D)         0.091     1.524    fetch_unit_inst/addr_0_reg[3]
  -------------------------------------------------------------------
                         required time                         -1.524    
                         arrival time                           1.740    
  -------------------------------------------------------------------
                         slack                                  0.216    

Slack (MET) :             0.220ns  (arrival time - required time)
  Source:                 fetch_unit_inst/state_reg/C
                            (rising edge-triggered cell FDRE clocked by clk_pin_p  {rise@0.000ns fall@5.000ns period=10.000ns})
  Destination:            fetch_unit_inst/addr_1_reg[3]/D
                            (rising edge-triggered cell FDRE clocked by clk_pin_p  {rise@0.000ns fall@5.000ns period=10.000ns})
  Path Group:             clk_pin_p
  Path Type:              Hold (Min at Fast Process Corner)
  Requirement:            0.000ns  (clk_pin_p rise@0.000ns - clk_pin_p rise@0.000ns)
  Data Path Delay:        0.312ns  (logic 0.227ns (72.760%)  route 0.085ns (27.240%))
  Logic Levels:           1  (LUT4=1)
  Clock Path Skew:        0.000ns (DCD - SCD - CPR)
    Destination Clock Delay (DCD):    1.934ns
    Source Clock Delay      (SCD):    1.418ns
    Clock Pessimism Removal (CPR):    0.516ns

    Location             Delay type                Incr(ns)  Path(ns)    Netlist Resource(s)
  -------------------------------------------------------------------    -------------------
                         (clock clk_pin_p rise edge)
                                                      0.000     0.000 r  
    M18                                               0.000     0.000 r  clk (IN)
                         net (fo=0)                   0.000     0.000    clk
    M18                  IBUF (Prop_ibuf_I_O)         0.167     0.167 r  clk_IBUF_inst/O
                         net (fo=1, routed)           0.634     0.801    clk_IBUF
    BUFGCTRL_X0Y0        BUFG (Prop_bufg_I_O)         0.026     0.827 r  clk_IBUF_BUFG_inst/O
                         net (fo=41, routed)          0.591     1.418    fetch_unit_inst/CLK
    SLICE_X1Y13          FDRE                                         r  fetch_unit_inst/state_reg/C
  -------------------------------------------------------------------    -------------------
    SLICE_X1Y13          FDRE (Prop_fdre_C_Q)         0.128     1.546 r  fetch_unit_inst/state_reg/Q
                         net (fo=12, routed)          0.085     1.631    fetch_unit_inst/state_0
    SLICE_X1Y13          LUT4 (Prop_lut4_I1_O)        0.099     1.730 r  fetch_unit_inst/addr_1[3]_i_1/O
                         net (fo=1, routed)           0.000     1.730    fetch_unit_inst/next_addr_1[3]
    SLICE_X1Y13          FDRE                                         r  fetch_unit_inst/addr_1_reg[3]/D
  -------------------------------------------------------------------    -------------------

                         (clock clk_pin_p rise edge)
                                                      0.000     0.000 r  
    M18                                               0.000     0.000 r  clk (IN)
                         net (fo=0)                   0.000     0.000    clk
    M18                  IBUF (Prop_ibuf_I_O)         0.356     0.356 r  clk_IBUF_inst/O
                         net (fo=1, routed)           0.689     1.044    clk_IBUF
    BUFGCTRL_X0Y0        BUFG (Prop_bufg_I_O)         0.029     1.073 r  clk_IBUF_BUFG_inst/O
                         net (fo=41, routed)          0.861     1.934    fetch_unit_inst/CLK
    SLICE_X1Y13          FDRE                                         r  fetch_unit_inst/addr_1_reg[3]/C
                         clock pessimism             -0.516     1.418    
    SLICE_X1Y13          FDRE (Hold_fdre_C_D)         0.092     1.510    fetch_unit_inst/addr_1_reg[3]
  -------------------------------------------------------------------
                         required time                         -1.510    
                         arrival time                           1.730    
  -------------------------------------------------------------------
                         slack                                  0.220    

Slack (MET) :             0.260ns  (arrival time - required time)
  Source:                 fetch_unit_inst/data_0_reg[3]/C
                            (rising edge-triggered cell FDRE clocked by clk_pin_p  {rise@0.000ns fall@5.000ns period=10.000ns})
  Destination:            fetch_unit_inst/addr_1_reg[0]/D
                            (rising edge-triggered cell FDRE clocked by clk_pin_p  {rise@0.000ns fall@5.000ns period=10.000ns})
  Path Group:             clk_pin_p
  Path Type:              Hold (Min at Fast Process Corner)
  Requirement:            0.000ns  (clk_pin_p rise@0.000ns - clk_pin_p rise@0.000ns)
  Data Path Delay:        0.396ns  (logic 0.186ns (46.970%)  route 0.210ns (53.030%))
  Logic Levels:           1  (LUT4=1)
  Clock Path Skew:        0.015ns (DCD - SCD - CPR)
    Destination Clock Delay (DCD):    1.935ns
    Source Clock Delay      (SCD):    1.419ns
    Clock Pessimism Removal (CPR):    0.501ns

    Location             Delay type                Incr(ns)  Path(ns)    Netlist Resource(s)
  -------------------------------------------------------------------    -------------------
                         (clock clk_pin_p rise edge)
                                                      0.000     0.000 r  
    M18                                               0.000     0.000 r  clk (IN)
                         net (fo=0)                   0.000     0.000    clk
    M18                  IBUF (Prop_ibuf_I_O)         0.167     0.167 r  clk_IBUF_inst/O
                         net (fo=1, routed)           0.634     0.801    clk_IBUF
    BUFGCTRL_X0Y0        BUFG (Prop_bufg_I_O)         0.026     0.827 r  clk_IBUF_BUFG_inst/O
                         net (fo=41, routed)          0.592     1.419    fetch_unit_inst/CLK
    SLICE_X0Y12          FDRE                                         r  fetch_unit_inst/data_0_reg[3]/C
  -------------------------------------------------------------------    -------------------
    SLICE_X0Y12          FDRE (Prop_fdre_C_Q)         0.141     1.560 r  fetch_unit_inst/data_0_reg[3]/Q
                         net (fo=1, routed)           0.210     1.770    fetch_unit_inst/data_0_reg_n_0_[3]
    SLICE_X2Y12          LUT4 (Prop_lut4_I0_O)        0.045     1.815 r  fetch_unit_inst/addr_1[0]_i_1/O
                         net (fo=1, routed)           0.000     1.815    fetch_unit_inst/next_addr_1[0]
    SLICE_X2Y12          FDRE                                         r  fetch_unit_inst/addr_1_reg[0]/D
  -------------------------------------------------------------------    -------------------

                         (clock clk_pin_p rise edge)
                                                      0.000     0.000 r  
    M18                                               0.000     0.000 r  clk (IN)
                         net (fo=0)                   0.000     0.000    clk
    M18                  IBUF (Prop_ibuf_I_O)         0.356     0.356 r  clk_IBUF_inst/O
                         net (fo=1, routed)           0.689     1.044    clk_IBUF
    BUFGCTRL_X0Y0        BUFG (Prop_bufg_I_O)         0.029     1.073 r  clk_IBUF_BUFG_inst/O
                         net (fo=41, routed)          0.862     1.935    fetch_unit_inst/CLK
    SLICE_X2Y12          FDRE                                         r  fetch_unit_inst/addr_1_reg[0]/C
                         clock pessimism             -0.501     1.434    
    SLICE_X2Y12          FDRE (Hold_fdre_C_D)         0.121     1.555    fetch_unit_inst/addr_1_reg[0]
  -------------------------------------------------------------------
                         required time                         -1.555    
                         arrival time                           1.815    
  -------------------------------------------------------------------
                         slack                                  0.260    

Slack (MET) :             0.262ns  (arrival time - required time)
  Source:                 fetch_unit_inst/addr_0_reg[3]/C
                            (rising edge-triggered cell FDRE clocked by clk_pin_p  {rise@0.000ns fall@5.000ns period=10.000ns})
  Destination:            excut_unit_inst/acc_res_reg[0]/D
                            (rising edge-triggered cell FDRE clocked by clk_pin_p  {rise@0.000ns fall@5.000ns period=10.000ns})
  Path Group:             clk_pin_p
  Path Type:              Hold (Min at Fast Process Corner)
  Requirement:            0.000ns  (clk_pin_p rise@0.000ns - clk_pin_p rise@0.000ns)
  Data Path Delay:        0.377ns  (logic 0.256ns (67.880%)  route 0.121ns (32.120%))
  Logic Levels:           2  (CARRY4=1 LUT6=1)
  Clock Path Skew:        0.013ns (DCD - SCD - CPR)
    Destination Clock Delay (DCD):    1.934ns
    Source Clock Delay      (SCD):    1.418ns
    Clock Pessimism Removal (CPR):    0.503ns

    Location             Delay type                Incr(ns)  Path(ns)    Netlist Resource(s)
  -------------------------------------------------------------------    -------------------
                         (clock clk_pin_p rise edge)
                                                      0.000     0.000 r  
    M18                                               0.000     0.000 r  clk (IN)
                         net (fo=0)                   0.000     0.000    clk
    M18                  IBUF (Prop_ibuf_I_O)         0.167     0.167 r  clk_IBUF_inst/O
                         net (fo=1, routed)           0.634     0.801    clk_IBUF
    BUFGCTRL_X0Y0        BUFG (Prop_bufg_I_O)         0.026     0.827 r  clk_IBUF_BUFG_inst/O
                         net (fo=41, routed)          0.591     1.418    fetch_unit_inst/CLK
    SLICE_X1Y13          FDRE                                         r  fetch_unit_inst/addr_0_reg[3]/C
  -------------------------------------------------------------------    -------------------
    SLICE_X1Y13          FDRE (Prop_fdre_C_Q)         0.141     1.559 r  fetch_unit_inst/addr_0_reg[3]/Q
                         net (fo=7, routed)           0.121     1.680    fetch_unit_inst/fetch_unit_addr_0[3]
    SLICE_X0Y13          LUT6 (Prop_lut6_I2_O)        0.045     1.725 r  fetch_unit_inst/i___0_carry_i_7/O
                         net (fo=1, routed)           0.000     1.725    excut_unit_inst/S[0]
    SLICE_X0Y13          CARRY4 (Prop_carry4_S[0]_O[0])
                                                      0.070     1.795 r  excut_unit_inst/_inferred__3/i___0_carry/O[0]
                         net (fo=2, routed)           0.000     1.795    excut_unit_inst/next_acc_res[0]
    SLICE_X0Y13          FDRE                                         r  excut_unit_inst/acc_res_reg[0]/D
  -------------------------------------------------------------------    -------------------

                         (clock clk_pin_p rise edge)
                                                      0.000     0.000 r  
    M18                                               0.000     0.000 r  clk (IN)
                         net (fo=0)                   0.000     0.000    clk
    M18                  IBUF (Prop_ibuf_I_O)         0.356     0.356 r  clk_IBUF_inst/O
                         net (fo=1, routed)           0.689     1.044    clk_IBUF
    BUFGCTRL_X0Y0        BUFG (Prop_bufg_I_O)         0.029     1.073 r  clk_IBUF_BUFG_inst/O
                         net (fo=41, routed)          0.861     1.934    excut_unit_inst/CLK
    SLICE_X0Y13          FDRE                                         r  excut_unit_inst/acc_res_reg[0]/C
                         clock pessimism             -0.503     1.431    
    SLICE_X0Y13          FDRE (Hold_fdre_C_D)         0.102     1.533    excut_unit_inst/acc_res_reg[0]
  -------------------------------------------------------------------
                         required time                         -1.533    
                         arrival time                           1.795    
  -------------------------------------------------------------------
                         slack                                  0.262    

Slack (MET) :             0.298ns  (arrival time - required time)
  Source:                 excut_unit_inst/state_reg/C
                            (rising edge-triggered cell FDRE clocked by clk_pin_p  {rise@0.000ns fall@5.000ns period=10.000ns})
  Destination:            excut_unit_inst/state_reg/D
                            (rising edge-triggered cell FDRE clocked by clk_pin_p  {rise@0.000ns fall@5.000ns period=10.000ns})
  Path Group:             clk_pin_p
  Path Type:              Hold (Min at Fast Process Corner)
  Requirement:            0.000ns  (clk_pin_p rise@0.000ns - clk_pin_p rise@0.000ns)
  Data Path Delay:        0.389ns  (logic 0.186ns (47.866%)  route 0.203ns (52.134%))
  Logic Levels:           1  (LUT1=1)
  Clock Path Skew:        0.000ns (DCD - SCD - CPR)
    Destination Clock Delay (DCD):    1.934ns
    Source Clock Delay      (SCD):    1.418ns
    Clock Pessimism Removal (CPR):    0.516ns

    Location             Delay type                Incr(ns)  Path(ns)    Netlist Resource(s)
  -------------------------------------------------------------------    -------------------
                         (clock clk_pin_p rise edge)
                                                      0.000     0.000 r  
    M18                                               0.000     0.000 r  clk (IN)
                         net (fo=0)                   0.000     0.000    clk
    M18                  IBUF (Prop_ibuf_I_O)         0.167     0.167 r  clk_IBUF_inst/O
                         net (fo=1, routed)           0.634     0.801    clk_IBUF
    BUFGCTRL_X0Y0        BUFG (Prop_bufg_I_O)         0.026     0.827 r  clk_IBUF_BUFG_inst/O
                         net (fo=41, routed)          0.591     1.418    excut_unit_inst/CLK
    SLICE_X3Y14          FDRE                                         r  excut_unit_inst/state_reg/C
  -------------------------------------------------------------------    -------------------
    SLICE_X3Y14          FDRE (Prop_fdre_C_Q)         0.141     1.559 f  excut_unit_inst/state_reg/Q
                         net (fo=28, routed)          0.203     1.761    excut_unit_inst/state
    SLICE_X3Y14          LUT1 (Prop_lut1_I0_O)        0.045     1.806 r  excut_unit_inst/state_i_2/O
                         net (fo=1, routed)           0.000     1.806    excut_unit_inst/next_state
    SLICE_X3Y14          FDRE                                         r  excut_unit_inst/state_reg/D
  -------------------------------------------------------------------    -------------------

                         (clock clk_pin_p rise edge)
                                                      0.000     0.000 r  
    M18                                               0.000     0.000 r  clk (IN)
                         net (fo=0)                   0.000     0.000    clk
    M18                  IBUF (Prop_ibuf_I_O)         0.356     0.356 r  clk_IBUF_inst/O
                         net (fo=1, routed)           0.689     1.044    clk_IBUF
    BUFGCTRL_X0Y0        BUFG (Prop_bufg_I_O)         0.029     1.073 r  clk_IBUF_BUFG_inst/O
                         net (fo=41, routed)          0.861     1.934    excut_unit_inst/CLK
    SLICE_X3Y14          FDRE                                         r  excut_unit_inst/state_reg/C
                         clock pessimism             -0.516     1.418    
    SLICE_X3Y14          FDRE (Hold_fdre_C_D)         0.091     1.509    excut_unit_inst/state_reg
  -------------------------------------------------------------------
                         required time                         -1.509    
                         arrival time                           1.806    
  -------------------------------------------------------------------
                         slack                                  0.298    

Slack (MET) :             0.298ns  (arrival time - required time)
  Source:                 fetch_unit_inst/addr_0_reg[3]/C
                            (rising edge-triggered cell FDRE clocked by clk_pin_p  {rise@0.000ns fall@5.000ns period=10.000ns})
  Destination:            excut_unit_inst/acc_res_reg[1]/D
                            (rising edge-triggered cell FDRE clocked by clk_pin_p  {rise@0.000ns fall@5.000ns period=10.000ns})
  Path Group:             clk_pin_p
  Path Type:              Hold (Min at Fast Process Corner)
  Requirement:            0.000ns  (clk_pin_p rise@0.000ns - clk_pin_p rise@0.000ns)
  Data Path Delay:        0.413ns  (logic 0.292ns (70.679%)  route 0.121ns (29.321%))
  Logic Levels:           2  (CARRY4=1 LUT6=1)
  Clock Path Skew:        0.013ns (DCD - SCD - CPR)
    Destination Clock Delay (DCD):    1.934ns
    Source Clock Delay      (SCD):    1.418ns
    Clock Pessimism Removal (CPR):    0.503ns

    Location             Delay type                Incr(ns)  Path(ns)    Netlist Resource(s)
  -------------------------------------------------------------------    -------------------
                         (clock clk_pin_p rise edge)
                                                      0.000     0.000 r  
    M18                                               0.000     0.000 r  clk (IN)
                         net (fo=0)                   0.000     0.000    clk
    M18                  IBUF (Prop_ibuf_I_O)         0.167     0.167 r  clk_IBUF_inst/O
                         net (fo=1, routed)           0.634     0.801    clk_IBUF
    BUFGCTRL_X0Y0        BUFG (Prop_bufg_I_O)         0.026     0.827 r  clk_IBUF_BUFG_inst/O
                         net (fo=41, routed)          0.591     1.418    fetch_unit_inst/CLK
    SLICE_X1Y13          FDRE                                         r  fetch_unit_inst/addr_0_reg[3]/C
  -------------------------------------------------------------------    -------------------
    SLICE_X1Y13          FDRE (Prop_fdre_C_Q)         0.141     1.559 r  fetch_unit_inst/addr_0_reg[3]/Q
                         net (fo=7, routed)           0.121     1.680    fetch_unit_inst/fetch_unit_addr_0[3]
    SLICE_X0Y13          LUT6 (Prop_lut6_I2_O)        0.045     1.725 r  fetch_unit_inst/i___0_carry_i_7/O
                         net (fo=1, routed)           0.000     1.725    excut_unit_inst/S[0]
    SLICE_X0Y13          CARRY4 (Prop_carry4_S[0]_O[1])
                                                      0.106     1.831 r  excut_unit_inst/_inferred__3/i___0_carry/O[1]
                         net (fo=2, routed)           0.000     1.831    excut_unit_inst/next_acc_res[1]
    SLICE_X0Y13          FDRE                                         r  excut_unit_inst/acc_res_reg[1]/D
  -------------------------------------------------------------------    -------------------

                         (clock clk_pin_p rise edge)
                                                      0.000     0.000 r  
    M18                                               0.000     0.000 r  clk (IN)
                         net (fo=0)                   0.000     0.000    clk
    M18                  IBUF (Prop_ibuf_I_O)         0.356     0.356 r  clk_IBUF_inst/O
                         net (fo=1, routed)           0.689     1.044    clk_IBUF
    BUFGCTRL_X0Y0        BUFG (Prop_bufg_I_O)         0.029     1.073 r  clk_IBUF_BUFG_inst/O
                         net (fo=41, routed)          0.861     1.934    excut_unit_inst/CLK
    SLICE_X0Y13          FDRE                                         r  excut_unit_inst/acc_res_reg[1]/C
                         clock pessimism             -0.503     1.431    
    SLICE_X0Y13          FDRE (Hold_fdre_C_D)         0.102     1.533    excut_unit_inst/acc_res_reg[1]
  -------------------------------------------------------------------
                         required time                         -1.533    
                         arrival time                           1.831    
  -------------------------------------------------------------------
                         slack                                  0.298    

Slack (MET) :             0.318ns  (arrival time - required time)
  Source:                 fetch_unit_inst/state_reg/C
                            (rising edge-triggered cell FDRE clocked by clk_pin_p  {rise@0.000ns fall@5.000ns period=10.000ns})
  Destination:            fetch_unit_inst/next_in_reg/D
                            (rising edge-triggered cell FDSE clocked by clk_pin_p  {rise@0.000ns fall@5.000ns period=10.000ns})
  Path Group:             clk_pin_p
  Path Type:              Hold (Min at Fast Process Corner)
  Requirement:            0.000ns  (clk_pin_p rise@0.000ns - clk_pin_p rise@0.000ns)
  Data Path Delay:        0.454ns  (logic 0.227ns (49.970%)  route 0.227ns (50.030%))
  Logic Levels:           1  (LUT2=1)
  Clock Path Skew:        0.015ns (DCD - SCD - CPR)
    Destination Clock Delay (DCD):    1.934ns
    Source Clock Delay      (SCD):    1.418ns
    Clock Pessimism Removal (CPR):    0.501ns

    Location             Delay type                Incr(ns)  Path(ns)    Netlist Resource(s)
  -------------------------------------------------------------------    -------------------
                         (clock clk_pin_p rise edge)
                                                      0.000     0.000 r  
    M18                                               0.000     0.000 r  clk (IN)
                         net (fo=0)                   0.000     0.000    clk
    M18                  IBUF (Prop_ibuf_I_O)         0.167     0.167 r  clk_IBUF_inst/O
                         net (fo=1, routed)           0.634     0.801    clk_IBUF
    BUFGCTRL_X0Y0        BUFG (Prop_bufg_I_O)         0.026     0.827 r  clk_IBUF_BUFG_inst/O
                         net (fo=41, routed)          0.591     1.418    fetch_unit_inst/CLK
    SLICE_X1Y13          FDRE                                         r  fetch_unit_inst/state_reg/C
  -------------------------------------------------------------------    -------------------
    SLICE_X1Y13          FDRE (Prop_fdre_C_Q)         0.128     1.546 r  fetch_unit_inst/state_reg/Q
                         net (fo=12, routed)          0.227     1.773    fetch_unit_inst/state_0
    SLICE_X2Y14          LUT2 (Prop_lut2_I0_O)        0.099     1.872 r  fetch_unit_inst/next_in_i_1/O
                         net (fo=1, routed)           0.000     1.872    fetch_unit_inst/next_next_in
    SLICE_X2Y14          FDSE                                         r  fetch_unit_inst/next_in_reg/D
  -------------------------------------------------------------------    -------------------

                         (clock clk_pin_p rise edge)
                                                      0.000     0.000 r  
    M18                                               0.000     0.000 r  clk (IN)
                         net (fo=0)                   0.000     0.000    clk
    M18                  IBUF (Prop_ibuf_I_O)         0.356     0.356 r  clk_IBUF_inst/O
                         net (fo=1, routed)           0.689     1.044    clk_IBUF
    BUFGCTRL_X0Y0        BUFG (Prop_bufg_I_O)         0.029     1.073 r  clk_IBUF_BUFG_inst/O
                         net (fo=41, routed)          0.861     1.934    fetch_unit_inst/CLK
    SLICE_X2Y14          FDSE                                         r  fetch_unit_inst/next_in_reg/C
                         clock pessimism             -0.501     1.433    
    SLICE_X2Y14          FDSE (Hold_fdse_C_D)         0.121     1.554    fetch_unit_inst/next_in_reg
  -------------------------------------------------------------------
                         required time                         -1.554    
                         arrival time                           1.872    
  -------------------------------------------------------------------
                         slack                                  0.318    





Pulse Width Checks
--------------------------------------------------------------------------------------
Clock Name:         clk_pin_p
Waveform(ns):       { 0.000 5.000 }
Period(ns):         10.000
Sources:            { clk }

Check Type        Corner  Lib Pin  Reference Pin  Required(ns)  Actual(ns)  Slack(ns)  Location       Pin
Min Period        n/a     BUFG/I   n/a            2.155         10.000      7.845      BUFGCTRL_X0Y0  clk_IBUF_BUFG_inst/I
Min Period        n/a     FDRE/C   n/a            1.000         10.000      9.000      SLICE_X0Y13    excut_unit_inst/acc_res_reg[0]/C
Min Period        n/a     FDRE/C   n/a            1.000         10.000      9.000      SLICE_X0Y13    excut_unit_inst/acc_res_reg[1]/C
Min Period        n/a     FDRE/C   n/a            1.000         10.000      9.000      SLICE_X0Y13    excut_unit_inst/acc_res_reg[2]/C
Min Period        n/a     FDRE/C   n/a            1.000         10.000      9.000      SLICE_X0Y13    excut_unit_inst/acc_res_reg[3]/C
Min Period        n/a     FDRE/C   n/a            1.000         10.000      9.000      SLICE_X0Y14    excut_unit_inst/acc_res_reg[4]/C
Min Period        n/a     FDRE/C   n/a            1.000         10.000      9.000      SLICE_X0Y14    excut_unit_inst/acc_res_reg[5]/C
Min Period        n/a     FDRE/C   n/a            1.000         10.000      9.000      SLICE_X0Y14    excut_unit_inst/acc_res_reg[6]/C
Min Period        n/a     FDRE/C   n/a            1.000         10.000      9.000      SLICE_X0Y14    excut_unit_inst/acc_res_reg[7]/C
Min Period        n/a     FDRE/C   n/a            1.000         10.000      9.000      SLICE_X0Y15    excut_unit_inst/acc_res_reg[8]/C
Low Pulse Width   Slow    FDRE/C   n/a            0.500         5.000       4.500      SLICE_X0Y13    excut_unit_inst/acc_res_reg[0]/C
Low Pulse Width   Fast    FDRE/C   n/a            0.500         5.000       4.500      SLICE_X0Y13    excut_unit_inst/acc_res_reg[0]/C
Low Pulse Width   Slow    FDRE/C   n/a            0.500         5.000       4.500      SLICE_X0Y13    excut_unit_inst/acc_res_reg[1]/C
Low Pulse Width   Fast    FDRE/C   n/a            0.500         5.000       4.500      SLICE_X0Y13    excut_unit_inst/acc_res_reg[1]/C
Low Pulse Width   Slow    FDRE/C   n/a            0.500         5.000       4.500      SLICE_X0Y13    excut_unit_inst/acc_res_reg[2]/C
Low Pulse Width   Fast    FDRE/C   n/a            0.500         5.000       4.500      SLICE_X0Y13    excut_unit_inst/acc_res_reg[2]/C
Low Pulse Width   Slow    FDRE/C   n/a            0.500         5.000       4.500      SLICE_X0Y13    excut_unit_inst/acc_res_reg[3]/C
Low Pulse Width   Fast    FDRE/C   n/a            0.500         5.000       4.500      SLICE_X0Y13    excut_unit_inst/acc_res_reg[3]/C
Low Pulse Width   Slow    FDRE/C   n/a            0.500         5.000       4.500      SLICE_X0Y14    excut_unit_inst/acc_res_reg[4]/C
Low Pulse Width   Fast    FDRE/C   n/a            0.500         5.000       4.500      SLICE_X0Y14    excut_unit_inst/acc_res_reg[4]/C
High Pulse Width  Slow    FDRE/C   n/a            0.500         5.000       4.500      SLICE_X0Y13    excut_unit_inst/acc_res_reg[0]/C
High Pulse Width  Fast    FDRE/C   n/a            0.500         5.000       4.500      SLICE_X0Y13    excut_unit_inst/acc_res_reg[0]/C
High Pulse Width  Slow    FDRE/C   n/a            0.500         5.000       4.500      SLICE_X0Y13    excut_unit_inst/acc_res_reg[1]/C
High Pulse Width  Fast    FDRE/C   n/a            0.500         5.000       4.500      SLICE_X0Y13    excut_unit_inst/acc_res_reg[1]/C
High Pulse Width  Slow    FDRE/C   n/a            0.500         5.000       4.500      SLICE_X0Y13    excut_unit_inst/acc_res_reg[2]/C
High Pulse Width  Fast    FDRE/C   n/a            0.500         5.000       4.500      SLICE_X0Y13    excut_unit_inst/acc_res_reg[2]/C
High Pulse Width  Slow    FDRE/C   n/a            0.500         5.000       4.500      SLICE_X0Y13    excut_unit_inst/acc_res_reg[3]/C
High Pulse Width  Fast    FDRE/C   n/a            0.500         5.000       4.500      SLICE_X0Y13    excut_unit_inst/acc_res_reg[3]/C
High Pulse Width  Slow    FDRE/C   n/a            0.500         5.000       4.500      SLICE_X0Y14    excut_unit_inst/acc_res_reg[4]/C
High Pulse Width  Fast    FDRE/C   n/a            0.500         5.000       4.500      SLICE_X0Y14    excut_unit_inst/acc_res_reg[4]/C



--------------------------------------------------------------------------------------
Path Group:  (none)
From Clock:  clk_pin_p
  To Clock:  

Max Delay            12 Endpoints
Min Delay            12 Endpoints
--------------------------------------------------------------------------------------


Max Delay Paths
--------------------------------------------------------------------------------------
Slack:                    inf
  Source:                 fetch_unit_inst/next_in_reg/C
                            (rising edge-triggered cell FDSE clocked by clk_pin_p  {rise@0.000ns fall@5.000ns period=10.000ns})
  Destination:            next_in
                            (output port)
  Path Group:             (none)
  Path Type:              Max at Slow Process Corner
  Data Path Delay:        5.251ns  (logic 3.114ns (59.307%)  route 2.137ns (40.693%))
  Logic Levels:           1  (OBUF=1)
  Clock Uncertainty:      0.025ns  ((TSJ^2 + TIJ^2)^1/2 + DJ) / 2 + PE
    Total System Jitter     (TSJ):    0.050ns
    Total Input Jitter      (TIJ):    0.000ns
    Discrete Jitter          (DJ):    0.000ns
    Phase Error              (PE):    0.000ns

    Location             Delay type                Incr(ns)  Path(ns)    Netlist Resource(s)
  -------------------------------------------------------------------    -------------------
                         (clock clk_pin_p rise edge)
                                                      0.000     0.000 r  
    M18                                               0.000     0.000 r  clk (IN)
                         net (fo=0)                   0.000     0.000    clk
    M18                  IBUF (Prop_ibuf_I_O)         0.938     0.938 r  clk_IBUF_inst/O
                         net (fo=1, routed)           1.972     2.910    clk_IBUF
    BUFGCTRL_X0Y0        BUFG (Prop_bufg_I_O)         0.096     3.006 r  clk_IBUF_BUFG_inst/O
                         net (fo=41, routed)          1.633     4.639    fetch_unit_inst/CLK
    SLICE_X2Y14          FDSE                                         r  fetch_unit_inst/next_in_reg/C
  -------------------------------------------------------------------    -------------------
    SLICE_X2Y14          FDSE (Prop_fdse_C_Q)         0.518     5.157 r  fetch_unit_inst/next_in_reg/Q
                         net (fo=1, routed)           2.137     7.294    next_in_OBUF
    R19                  OBUF (Prop_obuf_I_O)         2.596     9.890 r  next_in_OBUF_inst/O
                         net (fo=0)                   0.000     9.890    next_in
    R19                                                               r  next_in (OUT)
  -------------------------------------------------------------------    -------------------

Slack:                    inf
  Source:                 excut_unit_inst/out_valid_reg/C
                            (rising edge-triggered cell FDRE clocked by clk_pin_p  {rise@0.000ns fall@5.000ns period=10.000ns})
  Destination:            out_valid
                            (output port)
  Path Group:             (none)
  Path Type:              Max at Slow Process Corner
  Data Path Delay:        5.201ns  (logic 3.046ns (58.562%)  route 2.155ns (41.438%))
  Logic Levels:           1  (OBUF=1)
  Clock Uncertainty:      0.025ns  ((TSJ^2 + TIJ^2)^1/2 + DJ) / 2 + PE
    Total System Jitter     (TSJ):    0.050ns
    Total Input Jitter      (TIJ):    0.000ns
    Discrete Jitter          (DJ):    0.000ns
    Phase Error              (PE):    0.000ns

    Location             Delay type                Incr(ns)  Path(ns)    Netlist Resource(s)
  -------------------------------------------------------------------    -------------------
                         (clock clk_pin_p rise edge)
                                                      0.000     0.000 r  
    M18                                               0.000     0.000 r  clk (IN)
                         net (fo=0)                   0.000     0.000    clk
    M18                  IBUF (Prop_ibuf_I_O)         0.938     0.938 r  clk_IBUF_inst/O
                         net (fo=1, routed)           1.972     2.910    clk_IBUF
    BUFGCTRL_X0Y0        BUFG (Prop_bufg_I_O)         0.096     3.006 r  clk_IBUF_BUFG_inst/O
                         net (fo=41, routed)          1.631     4.637    excut_unit_inst/CLK
    SLICE_X0Y15          FDRE                                         r  excut_unit_inst/out_valid_reg/C
  -------------------------------------------------------------------    -------------------
    SLICE_X0Y15          FDRE (Prop_fdre_C_Q)         0.456     5.093 r  excut_unit_inst/out_valid_reg/Q
                         net (fo=1, routed)           2.155     7.248    out_valid_OBUF
    P19                  OBUF (Prop_obuf_I_O)         2.590     9.837 r  out_valid_OBUF_inst/O
                         net (fo=0)                   0.000     9.837    out_valid
    P19                                                               r  out_valid (OUT)
  -------------------------------------------------------------------    -------------------

Slack:                    inf
  Source:                 excut_unit_inst/data_out_reg[8]/C
                            (rising edge-triggered cell FDRE clocked by clk_pin_p  {rise@0.000ns fall@5.000ns period=10.000ns})
  Destination:            data_out[8]
                            (output port)
  Path Group:             (none)
  Path Type:              Max at Slow Process Corner
  Data Path Delay:        5.184ns  (logic 3.080ns (59.412%)  route 2.104ns (40.588%))
  Logic Levels:           1  (OBUF=1)
  Clock Uncertainty:      0.025ns  ((TSJ^2 + TIJ^2)^1/2 + DJ) / 2 + PE
    Total System Jitter     (TSJ):    0.050ns
    Total Input Jitter      (TIJ):    0.000ns
    Discrete Jitter          (DJ):    0.000ns
    Phase Error              (PE):    0.000ns

    Location             Delay type                Incr(ns)  Path(ns)    Netlist Resource(s)
  -------------------------------------------------------------------    -------------------
                         (clock clk_pin_p rise edge)
                                                      0.000     0.000 r  
    M18                                               0.000     0.000 r  clk (IN)
                         net (fo=0)                   0.000     0.000    clk
    M18                  IBUF (Prop_ibuf_I_O)         0.938     0.938 r  clk_IBUF_inst/O
                         net (fo=1, routed)           1.972     2.910    clk_IBUF
    BUFGCTRL_X0Y0        BUFG (Prop_bufg_I_O)         0.096     3.006 r  clk_IBUF_BUFG_inst/O
                         net (fo=41, routed)          1.630     4.636    excut_unit_inst/CLK
    SLICE_X0Y16          FDRE                                         r  excut_unit_inst/data_out_reg[8]/C
  -------------------------------------------------------------------    -------------------
    SLICE_X0Y16          FDRE (Prop_fdre_C_Q)         0.456     5.092 r  excut_unit_inst/data_out_reg[8]/Q
                         net (fo=1, routed)           2.104     7.196    data_out_OBUF[8]
    L17                  OBUF (Prop_obuf_I_O)         2.624     9.820 r  data_out_OBUF[8]_inst/O
                         net (fo=0)                   0.000     9.820    data_out[8]
    L17                                                               r  data_out[8] (OUT)
  -------------------------------------------------------------------    -------------------

Slack:                    inf
  Source:                 excut_unit_inst/data_out_reg[7]/C
                            (rising edge-triggered cell FDRE clocked by clk_pin_p  {rise@0.000ns fall@5.000ns period=10.000ns})
  Destination:            data_out[7]
                            (output port)
  Path Group:             (none)
  Path Type:              Max at Slow Process Corner
  Data Path Delay:        5.172ns  (logic 3.086ns (59.663%)  route 2.086ns (40.337%))
  Logic Levels:           1  (OBUF=1)
  Clock Uncertainty:      0.025ns  ((TSJ^2 + TIJ^2)^1/2 + DJ) / 2 + PE
    Total System Jitter     (TSJ):    0.050ns
    Total Input Jitter      (TIJ):    0.000ns
    Discrete Jitter          (DJ):    0.000ns
    Phase Error              (PE):    0.000ns

    Location             Delay type                Incr(ns)  Path(ns)    Netlist Resource(s)
  -------------------------------------------------------------------    -------------------
                         (clock clk_pin_p rise edge)
                                                      0.000     0.000 r  
    M18                                               0.000     0.000 r  clk (IN)
                         net (fo=0)                   0.000     0.000    clk
    M18                  IBUF (Prop_ibuf_I_O)         0.938     0.938 r  clk_IBUF_inst/O
                         net (fo=1, routed)           1.972     2.910    clk_IBUF
    BUFGCTRL_X0Y0        BUFG (Prop_bufg_I_O)         0.096     3.006 r  clk_IBUF_BUFG_inst/O
                         net (fo=41, routed)          1.631     4.637    excut_unit_inst/CLK
    SLICE_X1Y15          FDRE                                         r  excut_unit_inst/data_out_reg[7]/C
  -------------------------------------------------------------------    -------------------
    SLICE_X1Y15          FDRE (Prop_fdre_C_Q)         0.456     5.093 r  excut_unit_inst/data_out_reg[7]/Q
                         net (fo=1, routed)           2.086     7.179    data_out_OBUF[7]
    K17                  OBUF (Prop_obuf_I_O)         2.630     9.809 r  data_out_OBUF[7]_inst/O
                         net (fo=0)                   0.000     9.809    data_out[7]
    K17                                                               r  data_out[7] (OUT)
  -------------------------------------------------------------------    -------------------

Slack:                    inf
  Source:                 excut_unit_inst/data_out_reg[9]/C
                            (rising edge-triggered cell FDRE clocked by clk_pin_p  {rise@0.000ns fall@5.000ns period=10.000ns})
  Destination:            data_out[9]
                            (output port)
  Path Group:             (none)
  Path Type:              Max at Slow Process Corner
  Data Path Delay:        5.163ns  (logic 3.068ns (59.427%)  route 2.095ns (40.573%))
  Logic Levels:           1  (OBUF=1)
  Clock Uncertainty:      0.025ns  ((TSJ^2 + TIJ^2)^1/2 + DJ) / 2 + PE
    Total System Jitter     (TSJ):    0.050ns
    Total Input Jitter      (TIJ):    0.000ns
    Discrete Jitter          (DJ):    0.000ns
    Phase Error              (PE):    0.000ns

    Location             Delay type                Incr(ns)  Path(ns)    Netlist Resource(s)
  -------------------------------------------------------------------    -------------------
                         (clock clk_pin_p rise edge)
                                                      0.000     0.000 r  
    M18                                               0.000     0.000 r  clk (IN)
                         net (fo=0)                   0.000     0.000    clk
    M18                  IBUF (Prop_ibuf_I_O)         0.938     0.938 r  clk_IBUF_inst/O
                         net (fo=1, routed)           1.972     2.910    clk_IBUF
    BUFGCTRL_X0Y0        BUFG (Prop_bufg_I_O)         0.096     3.006 r  clk_IBUF_BUFG_inst/O
                         net (fo=41, routed)          1.630     4.636    excut_unit_inst/CLK
    SLICE_X0Y16          FDRE                                         r  excut_unit_inst/data_out_reg[9]/C
  -------------------------------------------------------------------    -------------------
    SLICE_X0Y16          FDRE (Prop_fdre_C_Q)         0.456     5.092 r  excut_unit_inst/data_out_reg[9]/Q
                         net (fo=1, routed)           2.095     7.187    data_out_OBUF[9]
    M19                  OBUF (Prop_obuf_I_O)         2.612     9.798 r  data_out_OBUF[9]_inst/O
                         net (fo=0)                   0.000     9.798    data_out[9]
    M19                                                               r  data_out[9] (OUT)
  -------------------------------------------------------------------    -------------------

Slack:                    inf
  Source:                 excut_unit_inst/data_out_reg[6]/C
                            (rising edge-triggered cell FDRE clocked by clk_pin_p  {rise@0.000ns fall@5.000ns period=10.000ns})
  Destination:            data_out[6]
                            (output port)
  Path Group:             (none)
  Path Type:              Max at Slow Process Corner
  Data Path Delay:        4.958ns  (logic 3.041ns (61.340%)  route 1.917ns (38.660%))
  Logic Levels:           1  (OBUF=1)
  Clock Uncertainty:      0.025ns  ((TSJ^2 + TIJ^2)^1/2 + DJ) / 2 + PE
    Total System Jitter     (TSJ):    0.050ns
    Total Input Jitter      (TIJ):    0.000ns
    Discrete Jitter          (DJ):    0.000ns
    Phase Error              (PE):    0.000ns

    Location             Delay type                Incr(ns)  Path(ns)    Netlist Resource(s)
  -------------------------------------------------------------------    -------------------
                         (clock clk_pin_p rise edge)
                                                      0.000     0.000 r  
    M18                                               0.000     0.000 r  clk (IN)
                         net (fo=0)                   0.000     0.000    clk
    M18                  IBUF (Prop_ibuf_I_O)         0.938     0.938 r  clk_IBUF_inst/O
                         net (fo=1, routed)           1.972     2.910    clk_IBUF
    BUFGCTRL_X0Y0        BUFG (Prop_bufg_I_O)         0.096     3.006 r  clk_IBUF_BUFG_inst/O
                         net (fo=41, routed)          1.631     4.637    excut_unit_inst/CLK
    SLICE_X1Y15          FDRE                                         r  excut_unit_inst/data_out_reg[6]/C
  -------------------------------------------------------------------    -------------------
    SLICE_X1Y15          FDRE (Prop_fdre_C_Q)         0.456     5.093 r  excut_unit_inst/data_out_reg[6]/Q
                         net (fo=1, routed)           1.917     7.010    data_out_OBUF[6]
    N17                  OBUF (Prop_obuf_I_O)         2.585     9.595 r  data_out_OBUF[6]_inst/O
                         net (fo=0)                   0.000     9.595    data_out[6]
    N17                                                               r  data_out[6] (OUT)
  -------------------------------------------------------------------    -------------------

Slack:                    inf
  Source:                 excut_unit_inst/data_out_reg[3]/C
                            (rising edge-triggered cell FDRE clocked by clk_pin_p  {rise@0.000ns fall@5.000ns period=10.000ns})
  Destination:            data_out[3]
                            (output port)
  Path Group:             (none)
  Path Type:              Max at Slow Process Corner
  Data Path Delay:        4.916ns  (logic 3.049ns (62.031%)  route 1.867ns (37.969%))
  Logic Levels:           1  (OBUF=1)
  Clock Uncertainty:      0.025ns  ((TSJ^2 + TIJ^2)^1/2 + DJ) / 2 + PE
    Total System Jitter     (TSJ):    0.050ns
    Total Input Jitter      (TIJ):    0.000ns
    Discrete Jitter          (DJ):    0.000ns
    Phase Error              (PE):    0.000ns

    Location             Delay type                Incr(ns)  Path(ns)    Netlist Resource(s)
  -------------------------------------------------------------------    -------------------
                         (clock clk_pin_p rise edge)
                                                      0.000     0.000 r  
    M18                                               0.000     0.000 r  clk (IN)
                         net (fo=0)                   0.000     0.000    clk
    M18                  IBUF (Prop_ibuf_I_O)         0.938     0.938 r  clk_IBUF_inst/O
                         net (fo=1, routed)           1.972     2.910    clk_IBUF
    BUFGCTRL_X0Y0        BUFG (Prop_bufg_I_O)         0.096     3.006 r  clk_IBUF_BUFG_inst/O
                         net (fo=41, routed)          1.630     4.636    excut_unit_inst/CLK
    SLICE_X0Y16          FDRE                                         r  excut_unit_inst/data_out_reg[3]/C
  -------------------------------------------------------------------    -------------------
    SLICE_X0Y16          FDRE (Prop_fdre_C_Q)         0.456     5.092 r  excut_unit_inst/data_out_reg[3]/Q
                         net (fo=1, routed)           1.867     6.959    data_out_OBUF[3]
    R18                  OBUF (Prop_obuf_I_O)         2.593     9.552 r  data_out_OBUF[3]_inst/O
                         net (fo=0)                   0.000     9.552    data_out[3]
    R18                                                               r  data_out[3] (OUT)
  -------------------------------------------------------------------    -------------------

Slack:                    inf
  Source:                 excut_unit_inst/data_out_reg[5]/C
                            (rising edge-triggered cell FDRE clocked by clk_pin_p  {rise@0.000ns fall@5.000ns period=10.000ns})
  Destination:            data_out[5]
                            (output port)
  Path Group:             (none)
  Path Type:              Max at Slow Process Corner
  Data Path Delay:        4.914ns  (logic 3.046ns (61.983%)  route 1.868ns (38.017%))
  Logic Levels:           1  (OBUF=1)
  Clock Uncertainty:      0.025ns  ((TSJ^2 + TIJ^2)^1/2 + DJ) / 2 + PE
    Total System Jitter     (TSJ):    0.050ns
    Total Input Jitter      (TIJ):    0.000ns
    Discrete Jitter          (DJ):    0.000ns
    Phase Error              (PE):    0.000ns

    Location             Delay type                Incr(ns)  Path(ns)    Netlist Resource(s)
  -------------------------------------------------------------------    -------------------
                         (clock clk_pin_p rise edge)
                                                      0.000     0.000 r  
    M18                                               0.000     0.000 r  clk (IN)
                         net (fo=0)                   0.000     0.000    clk
    M18                  IBUF (Prop_ibuf_I_O)         0.938     0.938 r  clk_IBUF_inst/O
                         net (fo=1, routed)           1.972     2.910    clk_IBUF
    BUFGCTRL_X0Y0        BUFG (Prop_bufg_I_O)         0.096     3.006 r  clk_IBUF_BUFG_inst/O
                         net (fo=41, routed)          1.631     4.637    excut_unit_inst/CLK
    SLICE_X1Y15          FDRE                                         r  excut_unit_inst/data_out_reg[5]/C
  -------------------------------------------------------------------    -------------------
    SLICE_X1Y15          FDRE (Prop_fdre_C_Q)         0.456     5.093 r  excut_unit_inst/data_out_reg[5]/Q
                         net (fo=1, routed)           1.868     6.961    data_out_OBUF[5]
    P17                  OBUF (Prop_obuf_I_O)         2.590     9.551 r  data_out_OBUF[5]_inst/O
                         net (fo=0)                   0.000     9.551    data_out[5]
    P17                                                               r  data_out[5] (OUT)
  -------------------------------------------------------------------    -------------------

Slack:                    inf
  Source:                 excut_unit_inst/data_out_reg[2]/C
                            (rising edge-triggered cell FDRE clocked by clk_pin_p  {rise@0.000ns fall@5.000ns period=10.000ns})
  Destination:            data_out[2]
                            (output port)
  Path Group:             (none)
  Path Type:              Max at Slow Process Corner
  Data Path Delay:        4.913ns  (logic 3.050ns (62.074%)  route 1.863ns (37.926%))
  Logic Levels:           1  (OBUF=1)
  Clock Uncertainty:      0.025ns  ((TSJ^2 + TIJ^2)^1/2 + DJ) / 2 + PE
    Total System Jitter     (TSJ):    0.050ns
    Total Input Jitter      (TIJ):    0.000ns
    Discrete Jitter          (DJ):    0.000ns
    Phase Error              (PE):    0.000ns

    Location             Delay type                Incr(ns)  Path(ns)    Netlist Resource(s)
  -------------------------------------------------------------------    -------------------
                         (clock clk_pin_p rise edge)
                                                      0.000     0.000 r  
    M18                                               0.000     0.000 r  clk (IN)
                         net (fo=0)                   0.000     0.000    clk
    M18                  IBUF (Prop_ibuf_I_O)         0.938     0.938 r  clk_IBUF_inst/O
                         net (fo=1, routed)           1.972     2.910    clk_IBUF
    BUFGCTRL_X0Y0        BUFG (Prop_bufg_I_O)         0.096     3.006 r  clk_IBUF_BUFG_inst/O
                         net (fo=41, routed)          1.630     4.636    excut_unit_inst/CLK
    SLICE_X1Y16          FDRE                                         r  excut_unit_inst/data_out_reg[2]/C
  -------------------------------------------------------------------    -------------------
    SLICE_X1Y16          FDRE (Prop_fdre_C_Q)         0.456     5.092 r  excut_unit_inst/data_out_reg[2]/Q
                         net (fo=1, routed)           1.863     6.955    data_out_OBUF[2]
    U19                  OBUF (Prop_obuf_I_O)         2.594     9.549 r  data_out_OBUF[2]_inst/O
                         net (fo=0)                   0.000     9.549    data_out[2]
    U19                                                               r  data_out[2] (OUT)
  -------------------------------------------------------------------    -------------------

Slack:                    inf
  Source:                 excut_unit_inst/data_out_reg[1]/C
                            (rising edge-triggered cell FDRE clocked by clk_pin_p  {rise@0.000ns fall@5.000ns period=10.000ns})
  Destination:            data_out[1]
                            (output port)
  Path Group:             (none)
  Path Type:              Max at Slow Process Corner
  Data Path Delay:        4.883ns  (logic 3.058ns (62.629%)  route 1.825ns (37.371%))
  Logic Levels:           1  (OBUF=1)
  Clock Uncertainty:      0.025ns  ((TSJ^2 + TIJ^2)^1/2 + DJ) / 2 + PE
    Total System Jitter     (TSJ):    0.050ns
    Total Input Jitter      (TIJ):    0.000ns
    Discrete Jitter          (DJ):    0.000ns
    Phase Error              (PE):    0.000ns

    Location             Delay type                Incr(ns)  Path(ns)    Netlist Resource(s)
  -------------------------------------------------------------------    -------------------
                         (clock clk_pin_p rise edge)
                                                      0.000     0.000 r  
    M18                                               0.000     0.000 r  clk (IN)
                         net (fo=0)                   0.000     0.000    clk
    M18                  IBUF (Prop_ibuf_I_O)         0.938     0.938 r  clk_IBUF_inst/O
                         net (fo=1, routed)           1.972     2.910    clk_IBUF
    BUFGCTRL_X0Y0        BUFG (Prop_bufg_I_O)         0.096     3.006 r  clk_IBUF_BUFG_inst/O
                         net (fo=41, routed)          1.630     4.636    excut_unit_inst/CLK
    SLICE_X1Y16          FDRE                                         r  excut_unit_inst/data_out_reg[1]/C
  -------------------------------------------------------------------    -------------------
    SLICE_X1Y16          FDRE (Prop_fdre_C_Q)         0.456     5.092 r  excut_unit_inst/data_out_reg[1]/Q
                         net (fo=1, routed)           1.825     6.917    data_out_OBUF[1]
    V19                  OBUF (Prop_obuf_I_O)         2.602     9.519 r  data_out_OBUF[1]_inst/O
                         net (fo=0)                   0.000     9.519    data_out[1]
    V19                                                               r  data_out[1] (OUT)
  -------------------------------------------------------------------    -------------------





Min Delay Paths
--------------------------------------------------------------------------------------
Slack:                    inf
  Source:                 excut_unit_inst/data_out_reg[0]/C
                            (rising edge-triggered cell FDRE clocked by clk_pin_p  {rise@0.000ns fall@5.000ns period=10.000ns})
  Destination:            data_out[0]
                            (output port)
  Path Group:             (none)
  Path Type:              Min at Fast Process Corner
  Data Path Delay:        1.603ns  (logic 1.260ns (78.598%)  route 0.343ns (21.402%))
  Logic Levels:           1  (OBUF=1)
  Clock Uncertainty:      0.025ns  ((TSJ^2 + TIJ^2)^1/2 + DJ) / 2 + PE
    Total System Jitter     (TSJ):    0.050ns
    Total Input Jitter      (TIJ):    0.000ns
    Discrete Jitter          (DJ):    0.000ns
    Phase Error              (PE):    0.000ns

    Location             Delay type                Incr(ns)  Path(ns)    Netlist Resource(s)
  -------------------------------------------------------------------    -------------------
                         (clock clk_pin_p rise edge)
                                                      0.000     0.000 r  
    M18                                               0.000     0.000 r  clk (IN)
                         net (fo=0)                   0.000     0.000    clk
    M18                  IBUF (Prop_ibuf_I_O)         0.167     0.167 r  clk_IBUF_inst/O
                         net (fo=1, routed)           0.634     0.801    clk_IBUF
    BUFGCTRL_X0Y0        BUFG (Prop_bufg_I_O)         0.026     0.827 r  clk_IBUF_BUFG_inst/O
                         net (fo=41, routed)          0.590     1.417    excut_unit_inst/CLK
    SLICE_X1Y16          FDRE                                         r  excut_unit_inst/data_out_reg[0]/C
  -------------------------------------------------------------------    -------------------
    SLICE_X1Y16          FDRE (Prop_fdre_C_Q)         0.141     1.558 r  excut_unit_inst/data_out_reg[0]/Q
                         net (fo=1, routed)           0.343     1.901    data_out_OBUF[0]
    W18                  OBUF (Prop_obuf_I_O)         1.119     3.020 r  data_out_OBUF[0]_inst/O
                         net (fo=0)                   0.000     3.020    data_out[0]
    W18                                                               r  data_out[0] (OUT)
  -------------------------------------------------------------------    -------------------

Slack:                    inf
  Source:                 excut_unit_inst/data_out_reg[4]/C
                            (rising edge-triggered cell FDRE clocked by clk_pin_p  {rise@0.000ns fall@5.000ns period=10.000ns})
  Destination:            data_out[4]
                            (output port)
  Path Group:             (none)
  Path Type:              Min at Fast Process Corner
  Data Path Delay:        1.632ns  (logic 1.265ns (77.510%)  route 0.367ns (22.490%))
  Logic Levels:           1  (OBUF=1)
  Clock Uncertainty:      0.025ns  ((TSJ^2 + TIJ^2)^1/2 + DJ) / 2 + PE
    Total System Jitter     (TSJ):    0.050ns
    Total Input Jitter      (TIJ):    0.000ns
    Discrete Jitter          (DJ):    0.000ns
    Phase Error              (PE):    0.000ns

    Location             Delay type                Incr(ns)  Path(ns)    Netlist Resource(s)
  -------------------------------------------------------------------    -------------------
                         (clock clk_pin_p rise edge)
                                                      0.000     0.000 r  
    M18                                               0.000     0.000 r  clk (IN)
                         net (fo=0)                   0.000     0.000    clk
    M18                  IBUF (Prop_ibuf_I_O)         0.167     0.167 r  clk_IBUF_inst/O
                         net (fo=1, routed)           0.634     0.801    clk_IBUF
    BUFGCTRL_X0Y0        BUFG (Prop_bufg_I_O)         0.026     0.827 r  clk_IBUF_BUFG_inst/O
                         net (fo=41, routed)          0.590     1.417    excut_unit_inst/CLK
    SLICE_X0Y16          FDRE                                         r  excut_unit_inst/data_out_reg[4]/C
  -------------------------------------------------------------------    -------------------
    SLICE_X0Y16          FDRE (Prop_fdre_C_Q)         0.141     1.558 r  excut_unit_inst/data_out_reg[4]/Q
                         net (fo=1, routed)           0.367     1.925    data_out_OBUF[4]
    P18                  OBUF (Prop_obuf_I_O)         1.124     3.049 r  data_out_OBUF[4]_inst/O
                         net (fo=0)                   0.000     3.049    data_out[4]
    P18                                                               r  data_out[4] (OUT)
  -------------------------------------------------------------------    -------------------

Slack:                    inf
  Source:                 excut_unit_inst/data_out_reg[1]/C
                            (rising edge-triggered cell FDRE clocked by clk_pin_p  {rise@0.000ns fall@5.000ns period=10.000ns})
  Destination:            data_out[1]
                            (output port)
  Path Group:             (none)
  Path Type:              Min at Fast Process Corner
  Data Path Delay:        1.652ns  (logic 1.260ns (76.284%)  route 0.392ns (23.716%))
  Logic Levels:           1  (OBUF=1)
  Clock Uncertainty:      0.025ns  ((TSJ^2 + TIJ^2)^1/2 + DJ) / 2 + PE
    Total System Jitter     (TSJ):    0.050ns
    Total Input Jitter      (TIJ):    0.000ns
    Discrete Jitter          (DJ):    0.000ns
    Phase Error              (PE):    0.000ns

    Location             Delay type                Incr(ns)  Path(ns)    Netlist Resource(s)
  -------------------------------------------------------------------    -------------------
                         (clock clk_pin_p rise edge)
                                                      0.000     0.000 r  
    M18                                               0.000     0.000 r  clk (IN)
                         net (fo=0)                   0.000     0.000    clk
    M18                  IBUF (Prop_ibuf_I_O)         0.167     0.167 r  clk_IBUF_inst/O
                         net (fo=1, routed)           0.634     0.801    clk_IBUF
    BUFGCTRL_X0Y0        BUFG (Prop_bufg_I_O)         0.026     0.827 r  clk_IBUF_BUFG_inst/O
                         net (fo=41, routed)          0.590     1.417    excut_unit_inst/CLK
    SLICE_X1Y16          FDRE                                         r  excut_unit_inst/data_out_reg[1]/C
  -------------------------------------------------------------------    -------------------
    SLICE_X1Y16          FDRE (Prop_fdre_C_Q)         0.141     1.558 r  excut_unit_inst/data_out_reg[1]/Q
                         net (fo=1, routed)           0.392     1.950    data_out_OBUF[1]
    V19                  OBUF (Prop_obuf_I_O)         1.119     3.069 r  data_out_OBUF[1]_inst/O
                         net (fo=0)                   0.000     3.069    data_out[1]
    V19                                                               r  data_out[1] (OUT)
  -------------------------------------------------------------------    -------------------

Slack:                    inf
  Source:                 excut_unit_inst/data_out_reg[3]/C
                            (rising edge-triggered cell FDRE clocked by clk_pin_p  {rise@0.000ns fall@5.000ns period=10.000ns})
  Destination:            data_out[3]
                            (output port)
  Path Group:             (none)
  Path Type:              Min at Fast Process Corner
  Data Path Delay:        1.656ns  (logic 1.252ns (75.572%)  route 0.405ns (24.428%))
  Logic Levels:           1  (OBUF=1)
  Clock Uncertainty:      0.025ns  ((TSJ^2 + TIJ^2)^1/2 + DJ) / 2 + PE
    Total System Jitter     (TSJ):    0.050ns
    Total Input Jitter      (TIJ):    0.000ns
    Discrete Jitter          (DJ):    0.000ns
    Phase Error              (PE):    0.000ns

    Location             Delay type                Incr(ns)  Path(ns)    Netlist Resource(s)
  -------------------------------------------------------------------    -------------------
                         (clock clk_pin_p rise edge)
                                                      0.000     0.000 r  
    M18                                               0.000     0.000 r  clk (IN)
                         net (fo=0)                   0.000     0.000    clk
    M18                  IBUF (Prop_ibuf_I_O)         0.167     0.167 r  clk_IBUF_inst/O
                         net (fo=1, routed)           0.634     0.801    clk_IBUF
    BUFGCTRL_X0Y0        BUFG (Prop_bufg_I_O)         0.026     0.827 r  clk_IBUF_BUFG_inst/O
                         net (fo=41, routed)          0.590     1.417    excut_unit_inst/CLK
    SLICE_X0Y16          FDRE                                         r  excut_unit_inst/data_out_reg[3]/C
  -------------------------------------------------------------------    -------------------
    SLICE_X0Y16          FDRE (Prop_fdre_C_Q)         0.141     1.558 r  excut_unit_inst/data_out_reg[3]/Q
                         net (fo=1, routed)           0.405     1.962    data_out_OBUF[3]
    R18                  OBUF (Prop_obuf_I_O)         1.111     3.073 r  data_out_OBUF[3]_inst/O
                         net (fo=0)                   0.000     3.073    data_out[3]
    R18                                                               r  data_out[3] (OUT)
  -------------------------------------------------------------------    -------------------

Slack:                    inf
  Source:                 excut_unit_inst/data_out_reg[2]/C
                            (rising edge-triggered cell FDRE clocked by clk_pin_p  {rise@0.000ns fall@5.000ns period=10.000ns})
  Destination:            data_out[2]
                            (output port)
  Path Group:             (none)
  Path Type:              Min at Fast Process Corner
  Data Path Delay:        1.661ns  (logic 1.252ns (75.402%)  route 0.408ns (24.598%))
  Logic Levels:           1  (OBUF=1)
  Clock Uncertainty:      0.025ns  ((TSJ^2 + TIJ^2)^1/2 + DJ) / 2 + PE
    Total System Jitter     (TSJ):    0.050ns
    Total Input Jitter      (TIJ):    0.000ns
    Discrete Jitter          (DJ):    0.000ns
    Phase Error              (PE):    0.000ns

    Location             Delay type                Incr(ns)  Path(ns)    Netlist Resource(s)
  -------------------------------------------------------------------    -------------------
                         (clock clk_pin_p rise edge)
                                                      0.000     0.000 r  
    M18                                               0.000     0.000 r  clk (IN)
                         net (fo=0)                   0.000     0.000    clk
    M18                  IBUF (Prop_ibuf_I_O)         0.167     0.167 r  clk_IBUF_inst/O
                         net (fo=1, routed)           0.634     0.801    clk_IBUF
    BUFGCTRL_X0Y0        BUFG (Prop_bufg_I_O)         0.026     0.827 r  clk_IBUF_BUFG_inst/O
                         net (fo=41, routed)          0.590     1.417    excut_unit_inst/CLK
    SLICE_X1Y16          FDRE                                         r  excut_unit_inst/data_out_reg[2]/C
  -------------------------------------------------------------------    -------------------
    SLICE_X1Y16          FDRE (Prop_fdre_C_Q)         0.141     1.558 r  excut_unit_inst/data_out_reg[2]/Q
                         net (fo=1, routed)           0.408     1.966    data_out_OBUF[2]
    U19                  OBUF (Prop_obuf_I_O)         1.111     3.077 r  data_out_OBUF[2]_inst/O
                         net (fo=0)                   0.000     3.077    data_out[2]
    U19                                                               r  data_out[2] (OUT)
  -------------------------------------------------------------------    -------------------

Slack:                    inf
  Source:                 excut_unit_inst/data_out_reg[5]/C
                            (rising edge-triggered cell FDRE clocked by clk_pin_p  {rise@0.000ns fall@5.000ns period=10.000ns})
  Destination:            data_out[5]
                            (output port)
  Path Group:             (none)
  Path Type:              Min at Fast Process Corner
  Data Path Delay:        1.674ns  (logic 1.248ns (74.550%)  route 0.426ns (25.450%))
  Logic Levels:           1  (OBUF=1)
  Clock Uncertainty:      0.025ns  ((TSJ^2 + TIJ^2)^1/2 + DJ) / 2 + PE
    Total System Jitter     (TSJ):    0.050ns
    Total Input Jitter      (TIJ):    0.000ns
    Discrete Jitter          (DJ):    0.000ns
    Phase Error              (PE):    0.000ns

    Location             Delay type                Incr(ns)  Path(ns)    Netlist Resource(s)
  -------------------------------------------------------------------    -------------------
                         (clock clk_pin_p rise edge)
                                                      0.000     0.000 r  
    M18                                               0.000     0.000 r  clk (IN)
                         net (fo=0)                   0.000     0.000    clk
    M18                  IBUF (Prop_ibuf_I_O)         0.167     0.167 r  clk_IBUF_inst/O
                         net (fo=1, routed)           0.634     0.801    clk_IBUF
    BUFGCTRL_X0Y0        BUFG (Prop_bufg_I_O)         0.026     0.827 r  clk_IBUF_BUFG_inst/O
                         net (fo=41, routed)          0.591     1.418    excut_unit_inst/CLK
    SLICE_X1Y15          FDRE                                         r  excut_unit_inst/data_out_reg[5]/C
  -------------------------------------------------------------------    -------------------
    SLICE_X1Y15          FDRE (Prop_fdre_C_Q)         0.141     1.559 r  excut_unit_inst/data_out_reg[5]/Q
                         net (fo=1, routed)           0.426     1.985    data_out_OBUF[5]
    P17                  OBUF (Prop_obuf_I_O)         1.107     3.092 r  data_out_OBUF[5]_inst/O
                         net (fo=0)                   0.000     3.092    data_out[5]
    P17                                                               r  data_out[5] (OUT)
  -------------------------------------------------------------------    -------------------

Slack:                    inf
  Source:                 excut_unit_inst/data_out_reg[6]/C
                            (rising edge-triggered cell FDRE clocked by clk_pin_p  {rise@0.000ns fall@5.000ns period=10.000ns})
  Destination:            data_out[6]
                            (output port)
  Path Group:             (none)
  Path Type:              Min at Fast Process Corner
  Data Path Delay:        1.675ns  (logic 1.244ns (74.269%)  route 0.431ns (25.731%))
  Logic Levels:           1  (OBUF=1)
  Clock Uncertainty:      0.025ns  ((TSJ^2 + TIJ^2)^1/2 + DJ) / 2 + PE
    Total System Jitter     (TSJ):    0.050ns
    Total Input Jitter      (TIJ):    0.000ns
    Discrete Jitter          (DJ):    0.000ns
    Phase Error              (PE):    0.000ns

    Location             Delay type                Incr(ns)  Path(ns)    Netlist Resource(s)
  -------------------------------------------------------------------    -------------------
                         (clock clk_pin_p rise edge)
                                                      0.000     0.000 r  
    M18                                               0.000     0.000 r  clk (IN)
                         net (fo=0)                   0.000     0.000    clk
    M18                  IBUF (Prop_ibuf_I_O)         0.167     0.167 r  clk_IBUF_inst/O
                         net (fo=1, routed)           0.634     0.801    clk_IBUF
    BUFGCTRL_X0Y0        BUFG (Prop_bufg_I_O)         0.026     0.827 r  clk_IBUF_BUFG_inst/O
                         net (fo=41, routed)          0.591     1.418    excut_unit_inst/CLK
    SLICE_X1Y15          FDRE                                         r  excut_unit_inst/data_out_reg[6]/C
  -------------------------------------------------------------------    -------------------
    SLICE_X1Y15          FDRE (Prop_fdre_C_Q)         0.141     1.559 r  excut_unit_inst/data_out_reg[6]/Q
                         net (fo=1, routed)           0.431     1.990    data_out_OBUF[6]
    N17                  OBUF (Prop_obuf_I_O)         1.103     3.092 r  data_out_OBUF[6]_inst/O
                         net (fo=0)                   0.000     3.092    data_out[6]
    N17                                                               r  data_out[6] (OUT)
  -------------------------------------------------------------------    -------------------

Slack:                    inf
  Source:                 excut_unit_inst/out_valid_reg/C
                            (rising edge-triggered cell FDRE clocked by clk_pin_p  {rise@0.000ns fall@5.000ns period=10.000ns})
  Destination:            out_valid
                            (output port)
  Path Group:             (none)
  Path Type:              Min at Fast Process Corner
  Data Path Delay:        1.802ns  (logic 1.248ns (69.251%)  route 0.554ns (30.749%))
  Logic Levels:           1  (OBUF=1)
  Clock Uncertainty:      0.025ns  ((TSJ^2 + TIJ^2)^1/2 + DJ) / 2 + PE
    Total System Jitter     (TSJ):    0.050ns
    Total Input Jitter      (TIJ):    0.000ns
    Discrete Jitter          (DJ):    0.000ns
    Phase Error              (PE):    0.000ns

    Location             Delay type                Incr(ns)  Path(ns)    Netlist Resource(s)
  -------------------------------------------------------------------    -------------------
                         (clock clk_pin_p rise edge)
                                                      0.000     0.000 r  
    M18                                               0.000     0.000 r  clk (IN)
                         net (fo=0)                   0.000     0.000    clk
    M18                  IBUF (Prop_ibuf_I_O)         0.167     0.167 r  clk_IBUF_inst/O
                         net (fo=1, routed)           0.634     0.801    clk_IBUF
    BUFGCTRL_X0Y0        BUFG (Prop_bufg_I_O)         0.026     0.827 r  clk_IBUF_BUFG_inst/O
                         net (fo=41, routed)          0.591     1.418    excut_unit_inst/CLK
    SLICE_X0Y15          FDRE                                         r  excut_unit_inst/out_valid_reg/C
  -------------------------------------------------------------------    -------------------
    SLICE_X0Y15          FDRE (Prop_fdre_C_Q)         0.141     1.559 r  excut_unit_inst/out_valid_reg/Q
                         net (fo=1, routed)           0.554     2.113    out_valid_OBUF
    P19                  OBUF (Prop_obuf_I_O)         1.107     3.220 r  out_valid_OBUF_inst/O
                         net (fo=0)                   0.000     3.220    out_valid
    P19                                                               r  out_valid (OUT)
  -------------------------------------------------------------------    -------------------

Slack:                    inf
  Source:                 excut_unit_inst/data_out_reg[9]/C
                            (rising edge-triggered cell FDRE clocked by clk_pin_p  {rise@0.000ns fall@5.000ns period=10.000ns})
  Destination:            data_out[9]
                            (output port)
  Path Group:             (none)
  Path Type:              Min at Fast Process Corner
  Data Path Delay:        1.804ns  (logic 1.270ns (70.414%)  route 0.534ns (29.586%))
  Logic Levels:           1  (OBUF=1)
  Clock Uncertainty:      0.025ns  ((TSJ^2 + TIJ^2)^1/2 + DJ) / 2 + PE
    Total System Jitter     (TSJ):    0.050ns
    Total Input Jitter      (TIJ):    0.000ns
    Discrete Jitter          (DJ):    0.000ns
    Phase Error              (PE):    0.000ns

    Location             Delay type                Incr(ns)  Path(ns)    Netlist Resource(s)
  -------------------------------------------------------------------    -------------------
                         (clock clk_pin_p rise edge)
                                                      0.000     0.000 r  
    M18                                               0.000     0.000 r  clk (IN)
                         net (fo=0)                   0.000     0.000    clk
    M18                  IBUF (Prop_ibuf_I_O)         0.167     0.167 r  clk_IBUF_inst/O
                         net (fo=1, routed)           0.634     0.801    clk_IBUF
    BUFGCTRL_X0Y0        BUFG (Prop_bufg_I_O)         0.026     0.827 r  clk_IBUF_BUFG_inst/O
                         net (fo=41, routed)          0.590     1.417    excut_unit_inst/CLK
    SLICE_X0Y16          FDRE                                         r  excut_unit_inst/data_out_reg[9]/C
  -------------------------------------------------------------------    -------------------
    SLICE_X0Y16          FDRE (Prop_fdre_C_Q)         0.141     1.558 r  excut_unit_inst/data_out_reg[9]/Q
                         net (fo=1, routed)           0.534     2.091    data_out_OBUF[9]
    M19                  OBUF (Prop_obuf_I_O)         1.129     3.220 r  data_out_OBUF[9]_inst/O
                         net (fo=0)                   0.000     3.220    data_out[9]
    M19                                                               r  data_out[9] (OUT)
  -------------------------------------------------------------------    -------------------

Slack:                    inf
  Source:                 excut_unit_inst/data_out_reg[7]/C
                            (rising edge-triggered cell FDRE clocked by clk_pin_p  {rise@0.000ns fall@5.000ns period=10.000ns})
  Destination:            data_out[7]
                            (output port)
  Path Group:             (none)
  Path Type:              Min at Fast Process Corner
  Data Path Delay:        1.806ns  (logic 1.288ns (71.302%)  route 0.518ns (28.698%))
  Logic Levels:           1  (OBUF=1)
  Clock Uncertainty:      0.025ns  ((TSJ^2 + TIJ^2)^1/2 + DJ) / 2 + PE
    Total System Jitter     (TSJ):    0.050ns
    Total Input Jitter      (TIJ):    0.000ns
    Discrete Jitter          (DJ):    0.000ns
    Phase Error              (PE):    0.000ns

    Location             Delay type                Incr(ns)  Path(ns)    Netlist Resource(s)
  -------------------------------------------------------------------    -------------------
                         (clock clk_pin_p rise edge)
                                                      0.000     0.000 r  
    M18                                               0.000     0.000 r  clk (IN)
                         net (fo=0)                   0.000     0.000    clk
    M18                  IBUF (Prop_ibuf_I_O)         0.167     0.167 r  clk_IBUF_inst/O
                         net (fo=1, routed)           0.634     0.801    clk_IBUF
    BUFGCTRL_X0Y0        BUFG (Prop_bufg_I_O)         0.026     0.827 r  clk_IBUF_BUFG_inst/O
                         net (fo=41, routed)          0.591     1.418    excut_unit_inst/CLK
    SLICE_X1Y15          FDRE                                         r  excut_unit_inst/data_out_reg[7]/C
  -------------------------------------------------------------------    -------------------
    SLICE_X1Y15          FDRE (Prop_fdre_C_Q)         0.141     1.559 r  excut_unit_inst/data_out_reg[7]/Q
                         net (fo=1, routed)           0.518     2.077    data_out_OBUF[7]
    K17                  OBUF (Prop_obuf_I_O)         1.147     3.224 r  data_out_OBUF[7]_inst/O
                         net (fo=0)                   0.000     3.224    data_out[7]
    K17                                                               r  data_out[7] (OUT)
  -------------------------------------------------------------------    -------------------





--------------------------------------------------------------------------------------
Path Group:  (none)
From Clock:  
  To Clock:  clk_pin_p

Max Delay            60 Endpoints
Min Delay            60 Endpoints
--------------------------------------------------------------------------------------


Max Delay Paths
--------------------------------------------------------------------------------------
Slack:                    inf
  Source:                 rst
                            (input port)
  Destination:            fetch_unit_inst/data_3_reg[2]/CE
                            (rising edge-triggered cell FDRE clocked by clk_pin_p  {rise@0.000ns fall@5.000ns period=10.000ns})
  Path Group:             (none)
  Path Type:              Setup (Max at Slow Process Corner)
  Data Path Delay:        4.035ns  (logic 1.060ns (26.276%)  route 2.975ns (73.724%))
  Logic Levels:           2  (IBUF=1 LUT3=1)
  Clock Path Skew:        4.278ns (DCD - SCD + CPR)
    Destination Clock Delay (DCD):    4.278ns
    Source Clock Delay      (SCD):    0.000ns
    Clock Pessimism Removal (CPR):    0.000ns
  Clock Uncertainty:      0.025ns  ((TSJ^2 + TIJ^2)^1/2 + DJ) / 2 + PE
    Total System Jitter     (TSJ):    0.050ns
    Total Input Jitter      (TIJ):    0.000ns
    Discrete Jitter          (DJ):    0.000ns
    Phase Error              (PE):    0.000ns

    Location             Delay type                Incr(ns)  Path(ns)    Netlist Resource(s)
  -------------------------------------------------------------------    -------------------
    W19                                               0.000     0.000 f  rst (IN)
                         net (fo=0)                   0.000     0.000    rst
    W19                  IBUF (Prop_ibuf_I_O)         0.936     0.936 f  rst_IBUF_inst/O
                         net (fo=14, routed)          2.163     3.099    fetch_unit_inst/rst_IBUF
    SLICE_X0Y12          LUT3 (Prop_lut3_I2_O)        0.124     3.223 r  fetch_unit_inst/data_0[3]_i_1/O
                         net (fo=8, routed)           0.812     4.035    fetch_unit_inst/data_0
    SLICE_X1Y14          FDRE                                         r  fetch_unit_inst/data_3_reg[2]/CE
  -------------------------------------------------------------------    -------------------

                         (clock clk_pin_p rise edge)
                                                      0.000     0.000 r  
    M18                                               0.000     0.000 r  clk (IN)
                         net (fo=0)                   0.000     0.000    clk
    M18                  IBUF (Prop_ibuf_I_O)         0.805     0.805 r  clk_IBUF_inst/O
                         net (fo=1, routed)           1.868     2.673    clk_IBUF
    BUFGCTRL_X0Y0        BUFG (Prop_bufg_I_O)         0.091     2.764 r  clk_IBUF_BUFG_inst/O
                         net (fo=41, routed)          1.514     4.278    fetch_unit_inst/CLK
    SLICE_X1Y14          FDRE                                         r  fetch_unit_inst/data_3_reg[2]/C

Slack:                    inf
  Source:                 rst
                            (input port)
  Destination:            fetch_unit_inst/data_3_reg[3]/CE
                            (rising edge-triggered cell FDRE clocked by clk_pin_p  {rise@0.000ns fall@5.000ns period=10.000ns})
  Path Group:             (none)
  Path Type:              Setup (Max at Slow Process Corner)
  Data Path Delay:        4.035ns  (logic 1.060ns (26.276%)  route 2.975ns (73.724%))
  Logic Levels:           2  (IBUF=1 LUT3=1)
  Clock Path Skew:        4.278ns (DCD - SCD + CPR)
    Destination Clock Delay (DCD):    4.278ns
    Source Clock Delay      (SCD):    0.000ns
    Clock Pessimism Removal (CPR):    0.000ns
  Clock Uncertainty:      0.025ns  ((TSJ^2 + TIJ^2)^1/2 + DJ) / 2 + PE
    Total System Jitter     (TSJ):    0.050ns
    Total Input Jitter      (TIJ):    0.000ns
    Discrete Jitter          (DJ):    0.000ns
    Phase Error              (PE):    0.000ns

    Location             Delay type                Incr(ns)  Path(ns)    Netlist Resource(s)
  -------------------------------------------------------------------    -------------------
    W19                                               0.000     0.000 f  rst (IN)
                         net (fo=0)                   0.000     0.000    rst
    W19                  IBUF (Prop_ibuf_I_O)         0.936     0.936 f  rst_IBUF_inst/O
                         net (fo=14, routed)          2.163     3.099    fetch_unit_inst/rst_IBUF
    SLICE_X0Y12          LUT3 (Prop_lut3_I2_O)        0.124     3.223 r  fetch_unit_inst/data_0[3]_i_1/O
                         net (fo=8, routed)           0.812     4.035    fetch_unit_inst/data_0
    SLICE_X1Y14          FDRE                                         r  fetch_unit_inst/data_3_reg[3]/CE
  -------------------------------------------------------------------    -------------------

                         (clock clk_pin_p rise edge)
                                                      0.000     0.000 r  
    M18                                               0.000     0.000 r  clk (IN)
                         net (fo=0)                   0.000     0.000    clk
    M18                  IBUF (Prop_ibuf_I_O)         0.805     0.805 r  clk_IBUF_inst/O
                         net (fo=1, routed)           1.868     2.673    clk_IBUF
    BUFGCTRL_X0Y0        BUFG (Prop_bufg_I_O)         0.091     2.764 r  clk_IBUF_BUFG_inst/O
                         net (fo=41, routed)          1.514     4.278    fetch_unit_inst/CLK
    SLICE_X1Y14          FDRE                                         r  fetch_unit_inst/data_3_reg[3]/C

Slack:                    inf
  Source:                 rst
                            (input port)
  Destination:            excut_unit_inst/acc_res_reg[8]/R
                            (rising edge-triggered cell FDRE clocked by clk_pin_p  {rise@0.000ns fall@5.000ns period=10.000ns})
  Path Group:             (none)
  Path Type:              Setup (Max at Slow Process Corner)
  Data Path Delay:        3.911ns  (logic 1.088ns (27.823%)  route 2.823ns (72.177%))
  Logic Levels:           2  (IBUF=1 LUT2=1)
  Clock Path Skew:        4.277ns (DCD - SCD + CPR)
    Destination Clock Delay (DCD):    4.277ns
    Source Clock Delay      (SCD):    0.000ns
    Clock Pessimism Removal (CPR):    0.000ns
  Clock Uncertainty:      0.025ns  ((TSJ^2 + TIJ^2)^1/2 + DJ) / 2 + PE
    Total System Jitter     (TSJ):    0.050ns
    Total Input Jitter      (TIJ):    0.000ns
    Discrete Jitter          (DJ):    0.000ns
    Phase Error              (PE):    0.000ns

    Location             Delay type                Incr(ns)  Path(ns)    Netlist Resource(s)
  -------------------------------------------------------------------    -------------------
    W19                                               0.000     0.000 r  rst (IN)
                         net (fo=0)                   0.000     0.000    rst
    W19                  IBUF (Prop_ibuf_I_O)         0.936     0.936 r  rst_IBUF_inst/O
                         net (fo=14, routed)          2.163     3.099    fetch_unit_inst/rst_IBUF
    SLICE_X0Y12          LUT2 (Prop_lut2_I0_O)        0.152     3.251 r  fetch_unit_inst/state_i_1__0/O
                         net (fo=12, routed)          0.660     3.911    excut_unit_inst/SR[0]
    SLICE_X0Y15          FDRE                                         r  excut_unit_inst/acc_res_reg[8]/R
  -------------------------------------------------------------------    -------------------

                         (clock clk_pin_p rise edge)
                                                      0.000     0.000 r  
    M18                                               0.000     0.000 r  clk (IN)
                         net (fo=0)                   0.000     0.000    clk
    M18                  IBUF (Prop_ibuf_I_O)         0.805     0.805 r  clk_IBUF_inst/O
                         net (fo=1, routed)           1.868     2.673    clk_IBUF
    BUFGCTRL_X0Y0        BUFG (Prop_bufg_I_O)         0.091     2.764 r  clk_IBUF_BUFG_inst/O
                         net (fo=41, routed)          1.513     4.277    excut_unit_inst/CLK
    SLICE_X0Y15          FDRE                                         r  excut_unit_inst/acc_res_reg[8]/C

Slack:                    inf
  Source:                 rst
                            (input port)
  Destination:            excut_unit_inst/acc_res_reg[9]/R
                            (rising edge-triggered cell FDRE clocked by clk_pin_p  {rise@0.000ns fall@5.000ns period=10.000ns})
  Path Group:             (none)
  Path Type:              Setup (Max at Slow Process Corner)
  Data Path Delay:        3.911ns  (logic 1.088ns (27.823%)  route 2.823ns (72.177%))
  Logic Levels:           2  (IBUF=1 LUT2=1)
  Clock Path Skew:        4.277ns (DCD - SCD + CPR)
    Destination Clock Delay (DCD):    4.277ns
    Source Clock Delay      (SCD):    0.000ns
    Clock Pessimism Removal (CPR):    0.000ns
  Clock Uncertainty:      0.025ns  ((TSJ^2 + TIJ^2)^1/2 + DJ) / 2 + PE
    Total System Jitter     (TSJ):    0.050ns
    Total Input Jitter      (TIJ):    0.000ns
    Discrete Jitter          (DJ):    0.000ns
    Phase Error              (PE):    0.000ns

    Location             Delay type                Incr(ns)  Path(ns)    Netlist Resource(s)
  -------------------------------------------------------------------    -------------------
    W19                                               0.000     0.000 r  rst (IN)
                         net (fo=0)                   0.000     0.000    rst
    W19                  IBUF (Prop_ibuf_I_O)         0.936     0.936 r  rst_IBUF_inst/O
                         net (fo=14, routed)          2.163     3.099    fetch_unit_inst/rst_IBUF
    SLICE_X0Y12          LUT2 (Prop_lut2_I0_O)        0.152     3.251 r  fetch_unit_inst/state_i_1__0/O
                         net (fo=12, routed)          0.660     3.911    excut_unit_inst/SR[0]
    SLICE_X0Y15          FDRE                                         r  excut_unit_inst/acc_res_reg[9]/R
  -------------------------------------------------------------------    -------------------

                         (clock clk_pin_p rise edge)
                                                      0.000     0.000 r  
    M18                                               0.000     0.000 r  clk (IN)
                         net (fo=0)                   0.000     0.000    clk
    M18                  IBUF (Prop_ibuf_I_O)         0.805     0.805 r  clk_IBUF_inst/O
                         net (fo=1, routed)           1.868     2.673    clk_IBUF
    BUFGCTRL_X0Y0        BUFG (Prop_bufg_I_O)         0.091     2.764 r  clk_IBUF_BUFG_inst/O
                         net (fo=41, routed)          1.513     4.277    excut_unit_inst/CLK
    SLICE_X0Y15          FDRE                                         r  excut_unit_inst/acc_res_reg[9]/C

Slack:                    inf
  Source:                 rst
                            (input port)
  Destination:            excut_unit_inst/out_valid_reg/R
                            (rising edge-triggered cell FDRE clocked by clk_pin_p  {rise@0.000ns fall@5.000ns period=10.000ns})
  Path Group:             (none)
  Path Type:              Setup (Max at Slow Process Corner)
  Data Path Delay:        3.911ns  (logic 1.088ns (27.823%)  route 2.823ns (72.177%))
  Logic Levels:           2  (IBUF=1 LUT2=1)
  Clock Path Skew:        4.277ns (DCD - SCD + CPR)
    Destination Clock Delay (DCD):    4.277ns
    Source Clock Delay      (SCD):    0.000ns
    Clock Pessimism Removal (CPR):    0.000ns
  Clock Uncertainty:      0.025ns  ((TSJ^2 + TIJ^2)^1/2 + DJ) / 2 + PE
    Total System Jitter     (TSJ):    0.050ns
    Total Input Jitter      (TIJ):    0.000ns
    Discrete Jitter          (DJ):    0.000ns
    Phase Error              (PE):    0.000ns

    Location             Delay type                Incr(ns)  Path(ns)    Netlist Resource(s)
  -------------------------------------------------------------------    -------------------
    W19                                               0.000     0.000 r  rst (IN)
                         net (fo=0)                   0.000     0.000    rst
    W19                  IBUF (Prop_ibuf_I_O)         0.936     0.936 r  rst_IBUF_inst/O
                         net (fo=14, routed)          2.163     3.099    fetch_unit_inst/rst_IBUF
    SLICE_X0Y12          LUT2 (Prop_lut2_I0_O)        0.152     3.251 r  fetch_unit_inst/state_i_1__0/O
                         net (fo=12, routed)          0.660     3.911    excut_unit_inst/SR[0]
    SLICE_X0Y15          FDRE                                         r  excut_unit_inst/out_valid_reg/R
  -------------------------------------------------------------------    -------------------

                         (clock clk_pin_p rise edge)
                                                      0.000     0.000 r  
    M18                                               0.000     0.000 r  clk (IN)
                         net (fo=0)                   0.000     0.000    clk
    M18                  IBUF (Prop_ibuf_I_O)         0.805     0.805 r  clk_IBUF_inst/O
                         net (fo=1, routed)           1.868     2.673    clk_IBUF
    BUFGCTRL_X0Y0        BUFG (Prop_bufg_I_O)         0.091     2.764 r  clk_IBUF_BUFG_inst/O
                         net (fo=41, routed)          1.513     4.277    excut_unit_inst/CLK
    SLICE_X0Y15          FDRE                                         r  excut_unit_inst/out_valid_reg/C

Slack:                    inf
  Source:                 rst
                            (input port)
  Destination:            excut_unit_inst/acc_res_reg[4]/R
                            (rising edge-triggered cell FDRE clocked by clk_pin_p  {rise@0.000ns fall@5.000ns period=10.000ns})
  Path Group:             (none)
  Path Type:              Setup (Max at Slow Process Corner)
  Data Path Delay:        3.773ns  (logic 1.088ns (28.843%)  route 2.685ns (71.157%))
  Logic Levels:           2  (IBUF=1 LUT2=1)
  Clock Path Skew:        4.278ns (DCD - SCD + CPR)
    Destination Clock Delay (DCD):    4.278ns
    Source Clock Delay      (SCD):    0.000ns
    Clock Pessimism Removal (CPR):    0.000ns
  Clock Uncertainty:      0.025ns  ((TSJ^2 + TIJ^2)^1/2 + DJ) / 2 + PE
    Total System Jitter     (TSJ):    0.050ns
    Total Input Jitter      (TIJ):    0.000ns
    Discrete Jitter          (DJ):    0.000ns
    Phase Error              (PE):    0.000ns

    Location             Delay type                Incr(ns)  Path(ns)    Netlist Resource(s)
  -------------------------------------------------------------------    -------------------
    W19                                               0.000     0.000 r  rst (IN)
                         net (fo=0)                   0.000     0.000    rst
    W19                  IBUF (Prop_ibuf_I_O)         0.936     0.936 r  rst_IBUF_inst/O
                         net (fo=14, routed)          2.163     3.099    fetch_unit_inst/rst_IBUF
    SLICE_X0Y12          LUT2 (Prop_lut2_I0_O)        0.152     3.251 r  fetch_unit_inst/state_i_1__0/O
                         net (fo=12, routed)          0.522     3.773    excut_unit_inst/SR[0]
    SLICE_X0Y14          FDRE                                         r  excut_unit_inst/acc_res_reg[4]/R
  -------------------------------------------------------------------    -------------------

                         (clock clk_pin_p rise edge)
                                                      0.000     0.000 r  
    M18                                               0.000     0.000 r  clk (IN)
                         net (fo=0)                   0.000     0.000    clk
    M18                  IBUF (Prop_ibuf_I_O)         0.805     0.805 r  clk_IBUF_inst/O
                         net (fo=1, routed)           1.868     2.673    clk_IBUF
    BUFGCTRL_X0Y0        BUFG (Prop_bufg_I_O)         0.091     2.764 r  clk_IBUF_BUFG_inst/O
                         net (fo=41, routed)          1.514     4.278    excut_unit_inst/CLK
    SLICE_X0Y14          FDRE                                         r  excut_unit_inst/acc_res_reg[4]/C

Slack:                    inf
  Source:                 rst
                            (input port)
  Destination:            excut_unit_inst/acc_res_reg[5]/R
                            (rising edge-triggered cell FDRE clocked by clk_pin_p  {rise@0.000ns fall@5.000ns period=10.000ns})
  Path Group:             (none)
  Path Type:              Setup (Max at Slow Process Corner)
  Data Path Delay:        3.773ns  (logic 1.088ns (28.843%)  route 2.685ns (71.157%))
  Logic Levels:           2  (IBUF=1 LUT2=1)
  Clock Path Skew:        4.278ns (DCD - SCD + CPR)
    Destination Clock Delay (DCD):    4.278ns
    Source Clock Delay      (SCD):    0.000ns
    Clock Pessimism Removal (CPR):    0.000ns
  Clock Uncertainty:      0.025ns  ((TSJ^2 + TIJ^2)^1/2 + DJ) / 2 + PE
    Total System Jitter     (TSJ):    0.050ns
    Total Input Jitter      (TIJ):    0.000ns
    Discrete Jitter          (DJ):    0.000ns
    Phase Error              (PE):    0.000ns

    Location             Delay type                Incr(ns)  Path(ns)    Netlist Resource(s)
  -------------------------------------------------------------------    -------------------
    W19                                               0.000     0.000 r  rst (IN)
                         net (fo=0)                   0.000     0.000    rst
    W19                  IBUF (Prop_ibuf_I_O)         0.936     0.936 r  rst_IBUF_inst/O
                         net (fo=14, routed)          2.163     3.099    fetch_unit_inst/rst_IBUF
    SLICE_X0Y12          LUT2 (Prop_lut2_I0_O)        0.152     3.251 r  fetch_unit_inst/state_i_1__0/O
                         net (fo=12, routed)          0.522     3.773    excut_unit_inst/SR[0]
    SLICE_X0Y14          FDRE                                         r  excut_unit_inst/acc_res_reg[5]/R
  -------------------------------------------------------------------    -------------------

                         (clock clk_pin_p rise edge)
                                                      0.000     0.000 r  
    M18                                               0.000     0.000 r  clk (IN)
                         net (fo=0)                   0.000     0.000    clk
    M18                  IBUF (Prop_ibuf_I_O)         0.805     0.805 r  clk_IBUF_inst/O
                         net (fo=1, routed)           1.868     2.673    clk_IBUF
    BUFGCTRL_X0Y0        BUFG (Prop_bufg_I_O)         0.091     2.764 r  clk_IBUF_BUFG_inst/O
                         net (fo=41, routed)          1.514     4.278    excut_unit_inst/CLK
    SLICE_X0Y14          FDRE                                         r  excut_unit_inst/acc_res_reg[5]/C

Slack:                    inf
  Source:                 rst
                            (input port)
  Destination:            excut_unit_inst/acc_res_reg[6]/R
                            (rising edge-triggered cell FDRE clocked by clk_pin_p  {rise@0.000ns fall@5.000ns period=10.000ns})
  Path Group:             (none)
  Path Type:              Setup (Max at Slow Process Corner)
  Data Path Delay:        3.773ns  (logic 1.088ns (28.843%)  route 2.685ns (71.157%))
  Logic Levels:           2  (IBUF=1 LUT2=1)
  Clock Path Skew:        4.278ns (DCD - SCD + CPR)
    Destination Clock Delay (DCD):    4.278ns
    Source Clock Delay      (SCD):    0.000ns
    Clock Pessimism Removal (CPR):    0.000ns
  Clock Uncertainty:      0.025ns  ((TSJ^2 + TIJ^2)^1/2 + DJ) / 2 + PE
    Total System Jitter     (TSJ):    0.050ns
    Total Input Jitter      (TIJ):    0.000ns
    Discrete Jitter          (DJ):    0.000ns
    Phase Error              (PE):    0.000ns

    Location             Delay type                Incr(ns)  Path(ns)    Netlist Resource(s)
  -------------------------------------------------------------------    -------------------
    W19                                               0.000     0.000 r  rst (IN)
                         net (fo=0)                   0.000     0.000    rst
    W19                  IBUF (Prop_ibuf_I_O)         0.936     0.936 r  rst_IBUF_inst/O
                         net (fo=14, routed)          2.163     3.099    fetch_unit_inst/rst_IBUF
    SLICE_X0Y12          LUT2 (Prop_lut2_I0_O)        0.152     3.251 r  fetch_unit_inst/state_i_1__0/O
                         net (fo=12, routed)          0.522     3.773    excut_unit_inst/SR[0]
    SLICE_X0Y14          FDRE                                         r  excut_unit_inst/acc_res_reg[6]/R
  -------------------------------------------------------------------    -------------------

                         (clock clk_pin_p rise edge)
                                                      0.000     0.000 r  
    M18                                               0.000     0.000 r  clk (IN)
                         net (fo=0)                   0.000     0.000    clk
    M18                  IBUF (Prop_ibuf_I_O)         0.805     0.805 r  clk_IBUF_inst/O
                         net (fo=1, routed)           1.868     2.673    clk_IBUF
    BUFGCTRL_X0Y0        BUFG (Prop_bufg_I_O)         0.091     2.764 r  clk_IBUF_BUFG_inst/O
                         net (fo=41, routed)          1.514     4.278    excut_unit_inst/CLK
    SLICE_X0Y14          FDRE                                         r  excut_unit_inst/acc_res_reg[6]/C

Slack:                    inf
  Source:                 rst
                            (input port)
  Destination:            excut_unit_inst/acc_res_reg[7]/R
                            (rising edge-triggered cell FDRE clocked by clk_pin_p  {rise@0.000ns fall@5.000ns period=10.000ns})
  Path Group:             (none)
  Path Type:              Setup (Max at Slow Process Corner)
  Data Path Delay:        3.773ns  (logic 1.088ns (28.843%)  route 2.685ns (71.157%))
  Logic Levels:           2  (IBUF=1 LUT2=1)
  Clock Path Skew:        4.278ns (DCD - SCD + CPR)
    Destination Clock Delay (DCD):    4.278ns
    Source Clock Delay      (SCD):    0.000ns
    Clock Pessimism Removal (CPR):    0.000ns
  Clock Uncertainty:      0.025ns  ((TSJ^2 + TIJ^2)^1/2 + DJ) / 2 + PE
    Total System Jitter     (TSJ):    0.050ns
    Total Input Jitter      (TIJ):    0.000ns
    Discrete Jitter          (DJ):    0.000ns
    Phase Error              (PE):    0.000ns

    Location             Delay type                Incr(ns)  Path(ns)    Netlist Resource(s)
  -------------------------------------------------------------------    -------------------
    W19                                               0.000     0.000 r  rst (IN)
                         net (fo=0)                   0.000     0.000    rst
    W19                  IBUF (Prop_ibuf_I_O)         0.936     0.936 r  rst_IBUF_inst/O
                         net (fo=14, routed)          2.163     3.099    fetch_unit_inst/rst_IBUF
    SLICE_X0Y12          LUT2 (Prop_lut2_I0_O)        0.152     3.251 r  fetch_unit_inst/state_i_1__0/O
                         net (fo=12, routed)          0.522     3.773    excut_unit_inst/SR[0]
    SLICE_X0Y14          FDRE                                         r  excut_unit_inst/acc_res_reg[7]/R
  -------------------------------------------------------------------    -------------------

                         (clock clk_pin_p rise edge)
                                                      0.000     0.000 r  
    M18                                               0.000     0.000 r  clk (IN)
                         net (fo=0)                   0.000     0.000    clk
    M18                  IBUF (Prop_ibuf_I_O)         0.805     0.805 r  clk_IBUF_inst/O
                         net (fo=1, routed)           1.868     2.673    clk_IBUF
    BUFGCTRL_X0Y0        BUFG (Prop_bufg_I_O)         0.091     2.764 r  clk_IBUF_BUFG_inst/O
                         net (fo=41, routed)          1.514     4.278    excut_unit_inst/CLK
    SLICE_X0Y14          FDRE                                         r  excut_unit_inst/acc_res_reg[7]/C

Slack:                    inf
  Source:                 rst
                            (input port)
  Destination:            excut_unit_inst/state_reg/R
                            (rising edge-triggered cell FDRE clocked by clk_pin_p  {rise@0.000ns fall@5.000ns period=10.000ns})
  Path Group:             (none)
  Path Type:              Setup (Max at Slow Process Corner)
  Data Path Delay:        3.759ns  (logic 1.088ns (28.946%)  route 2.671ns (71.054%))
  Logic Levels:           2  (IBUF=1 LUT2=1)
  Clock Path Skew:        4.278ns (DCD - SCD + CPR)
    Destination Clock Delay (DCD):    4.278ns
    Source Clock Delay      (SCD):    0.000ns
    Clock Pessimism Removal (CPR):    0.000ns
  Clock Uncertainty:      0.025ns  ((TSJ^2 + TIJ^2)^1/2 + DJ) / 2 + PE
    Total System Jitter     (TSJ):    0.050ns
    Total Input Jitter      (TIJ):    0.000ns
    Discrete Jitter          (DJ):    0.000ns
    Phase Error              (PE):    0.000ns

    Location             Delay type                Incr(ns)  Path(ns)    Netlist Resource(s)
  -------------------------------------------------------------------    -------------------
    W19                                               0.000     0.000 r  rst (IN)
                         net (fo=0)                   0.000     0.000    rst
    W19                  IBUF (Prop_ibuf_I_O)         0.936     0.936 r  rst_IBUF_inst/O
                         net (fo=14, routed)          2.163     3.099    fetch_unit_inst/rst_IBUF
    SLICE_X0Y12          LUT2 (Prop_lut2_I0_O)        0.152     3.251 r  fetch_unit_inst/state_i_1__0/O
                         net (fo=12, routed)          0.508     3.759    excut_unit_inst/SR[0]
    SLICE_X3Y14          FDRE                                         r  excut_unit_inst/state_reg/R
  -------------------------------------------------------------------    -------------------

                         (clock clk_pin_p rise edge)
                                                      0.000     0.000 r  
    M18                                               0.000     0.000 r  clk (IN)
                         net (fo=0)                   0.000     0.000    clk
    M18                  IBUF (Prop_ibuf_I_O)         0.805     0.805 r  clk_IBUF_inst/O
                         net (fo=1, routed)           1.868     2.673    clk_IBUF
    BUFGCTRL_X0Y0        BUFG (Prop_bufg_I_O)         0.091     2.764 r  clk_IBUF_BUFG_inst/O
                         net (fo=41, routed)          1.514     4.278    excut_unit_inst/CLK
    SLICE_X3Y14          FDRE                                         r  excut_unit_inst/state_reg/C





Min Delay Paths
--------------------------------------------------------------------------------------
Slack:                    inf
  Source:                 data_in_3[2]
                            (input port)
  Destination:            fetch_unit_inst/data_3_reg[2]/D
                            (rising edge-triggered cell FDRE clocked by clk_pin_p  {rise@0.000ns fall@5.000ns period=10.000ns})
  Path Group:             (none)
  Path Type:              Hold (Min at Fast Process Corner)
  Data Path Delay:        0.460ns  (logic 0.167ns (36.186%)  route 0.294ns (63.814%))
  Logic Levels:           1  (IBUF=1)
  Clock Path Skew:        1.934ns (DCD - SCD - CPR)
    Destination Clock Delay (DCD):    1.934ns
    Source Clock Delay      (SCD):    0.000ns
    Clock Pessimism Removal (CPR):    -0.000ns

    Location             Delay type                Incr(ns)  Path(ns)    Netlist Resource(s)
  -------------------------------------------------------------------    -------------------
    U17                                               0.000     0.000 r  data_in_3[2] (IN)
                         net (fo=0)                   0.000     0.000    data_in_3[2]
    U17                  IBUF (Prop_ibuf_I_O)         0.167     0.167 r  data_in_3_IBUF[2]_inst/O
                         net (fo=1, routed)           0.294     0.460    fetch_unit_inst/data_in_3_IBUF[2]
    SLICE_X1Y14          FDRE                                         r  fetch_unit_inst/data_3_reg[2]/D
  -------------------------------------------------------------------    -------------------

                         (clock clk_pin_p rise edge)
                                                      0.000     0.000 r  
    M18                                               0.000     0.000 r  clk (IN)
                         net (fo=0)                   0.000     0.000    clk
    M18                  IBUF (Prop_ibuf_I_O)         0.356     0.356 r  clk_IBUF_inst/O
                         net (fo=1, routed)           0.689     1.044    clk_IBUF
    BUFGCTRL_X0Y0        BUFG (Prop_bufg_I_O)         0.029     1.073 r  clk_IBUF_BUFG_inst/O
                         net (fo=41, routed)          0.861     1.934    fetch_unit_inst/CLK
    SLICE_X1Y14          FDRE                                         r  fetch_unit_inst/data_3_reg[2]/C

Slack:                    inf
  Source:                 data_in_3[3]
                            (input port)
  Destination:            fetch_unit_inst/data_3_reg[3]/D
                            (rising edge-triggered cell FDRE clocked by clk_pin_p  {rise@0.000ns fall@5.000ns period=10.000ns})
  Path Group:             (none)
  Path Type:              Hold (Min at Fast Process Corner)
  Data Path Delay:        0.507ns  (logic 0.168ns (33.125%)  route 0.339ns (66.875%))
  Logic Levels:           1  (IBUF=1)
  Clock Path Skew:        1.934ns (DCD - SCD - CPR)
    Destination Clock Delay (DCD):    1.934ns
    Source Clock Delay      (SCD):    0.000ns
    Clock Pessimism Removal (CPR):    -0.000ns

    Location             Delay type                Incr(ns)  Path(ns)    Netlist Resource(s)
  -------------------------------------------------------------------    -------------------
    T18                                               0.000     0.000 r  data_in_3[3] (IN)
                         net (fo=0)                   0.000     0.000    data_in_3[3]
    T18                  IBUF (Prop_ibuf_I_O)         0.168     0.168 r  data_in_3_IBUF[3]_inst/O
                         net (fo=1, routed)           0.339     0.507    fetch_unit_inst/data_in_3_IBUF[3]
    SLICE_X1Y14          FDRE                                         r  fetch_unit_inst/data_3_reg[3]/D
  -------------------------------------------------------------------    -------------------

                         (clock clk_pin_p rise edge)
                                                      0.000     0.000 r  
    M18                                               0.000     0.000 r  clk (IN)
                         net (fo=0)                   0.000     0.000    clk
    M18                  IBUF (Prop_ibuf_I_O)         0.356     0.356 r  clk_IBUF_inst/O
                         net (fo=1, routed)           0.689     1.044    clk_IBUF
    BUFGCTRL_X0Y0        BUFG (Prop_bufg_I_O)         0.029     1.073 r  clk_IBUF_BUFG_inst/O
                         net (fo=41, routed)          0.861     1.934    fetch_unit_inst/CLK
    SLICE_X1Y14          FDRE                                         r  fetch_unit_inst/data_3_reg[3]/C

Slack:                    inf
  Source:                 data_in_2[3]
                            (input port)
  Destination:            fetch_unit_inst/data_2_reg[3]/D
                            (rising edge-triggered cell FDRE clocked by clk_pin_p  {rise@0.000ns fall@5.000ns period=10.000ns})
  Path Group:             (none)
  Path Type:              Hold (Min at Fast Process Corner)
  Data Path Delay:        0.566ns  (logic 0.167ns (29.496%)  route 0.399ns (70.504%))
  Logic Levels:           1  (IBUF=1)
  Clock Path Skew:        1.935ns (DCD - SCD - CPR)
    Destination Clock Delay (DCD):    1.935ns
    Source Clock Delay      (SCD):    0.000ns
    Clock Pessimism Removal (CPR):    -0.000ns

    Location             Delay type                Incr(ns)  Path(ns)    Netlist Resource(s)
  -------------------------------------------------------------------    -------------------
    V17                                               0.000     0.000 r  data_in_2[3] (IN)
                         net (fo=0)                   0.000     0.000    data_in_2[3]
    V17                  IBUF (Prop_ibuf_I_O)         0.167     0.167 r  data_in_2_IBUF[3]_inst/O
                         net (fo=1, routed)           0.399     0.566    fetch_unit_inst/data_in_2_IBUF[3]
    SLICE_X0Y12          FDRE                                         r  fetch_unit_inst/data_2_reg[3]/D
  -------------------------------------------------------------------    -------------------

                         (clock clk_pin_p rise edge)
                                                      0.000     0.000 r  
    M18                                               0.000     0.000 r  clk (IN)
                         net (fo=0)                   0.000     0.000    clk
    M18                  IBUF (Prop_ibuf_I_O)         0.356     0.356 r  clk_IBUF_inst/O
                         net (fo=1, routed)           0.689     1.044    clk_IBUF
    BUFGCTRL_X0Y0        BUFG (Prop_bufg_I_O)         0.029     1.073 r  clk_IBUF_BUFG_inst/O
                         net (fo=41, routed)          0.862     1.935    fetch_unit_inst/CLK
    SLICE_X0Y12          FDRE                                         r  fetch_unit_inst/data_2_reg[3]/C

Slack:                    inf
  Source:                 data_in_2[2]
                            (input port)
  Destination:            fetch_unit_inst/data_2_reg[2]/D
                            (rising edge-triggered cell FDRE clocked by clk_pin_p  {rise@0.000ns fall@5.000ns period=10.000ns})
  Path Group:             (none)
  Path Type:              Hold (Min at Fast Process Corner)
  Data Path Delay:        0.567ns  (logic 0.178ns (31.369%)  route 0.389ns (68.631%))
  Logic Levels:           1  (IBUF=1)
  Clock Path Skew:        1.935ns (DCD - SCD - CPR)
    Destination Clock Delay (DCD):    1.935ns
    Source Clock Delay      (SCD):    0.000ns
    Clock Pessimism Removal (CPR):    -0.000ns

    Location             Delay type                Incr(ns)  Path(ns)    Netlist Resource(s)
  -------------------------------------------------------------------    -------------------
    W16                                               0.000     0.000 r  data_in_2[2] (IN)
                         net (fo=0)                   0.000     0.000    data_in_2[2]
    W16                  IBUF (Prop_ibuf_I_O)         0.178     0.178 r  data_in_2_IBUF[2]_inst/O
                         net (fo=1, routed)           0.389     0.567    fetch_unit_inst/data_in_2_IBUF[2]
    SLICE_X0Y12          FDRE                                         r  fetch_unit_inst/data_2_reg[2]/D
  -------------------------------------------------------------------    -------------------

                         (clock clk_pin_p rise edge)
                                                      0.000     0.000 r  
    M18                                               0.000     0.000 r  clk (IN)
                         net (fo=0)                   0.000     0.000    clk
    M18                  IBUF (Prop_ibuf_I_O)         0.356     0.356 r  clk_IBUF_inst/O
                         net (fo=1, routed)           0.689     1.044    clk_IBUF
    BUFGCTRL_X0Y0        BUFG (Prop_bufg_I_O)         0.029     1.073 r  clk_IBUF_BUFG_inst/O
                         net (fo=41, routed)          0.862     1.935    fetch_unit_inst/CLK
    SLICE_X0Y12          FDRE                                         r  fetch_unit_inst/data_2_reg[2]/C

Slack:                    inf
  Source:                 data_in_1[3]
                            (input port)
  Destination:            fetch_unit_inst/data_1_reg[3]/D
                            (rising edge-triggered cell FDRE clocked by clk_pin_p  {rise@0.000ns fall@5.000ns period=10.000ns})
  Path Group:             (none)
  Path Type:              Hold (Min at Fast Process Corner)
  Data Path Delay:        0.592ns  (logic 0.165ns (27.830%)  route 0.428ns (72.170%))
  Logic Levels:           1  (IBUF=1)
  Clock Path Skew:        1.935ns (DCD - SCD - CPR)
    Destination Clock Delay (DCD):    1.935ns
    Source Clock Delay      (SCD):    0.000ns
    Clock Pessimism Removal (CPR):    -0.000ns

    Location             Delay type                Incr(ns)  Path(ns)    Netlist Resource(s)
  -------------------------------------------------------------------    -------------------
    W15                                               0.000     0.000 r  data_in_1[3] (IN)
                         net (fo=0)                   0.000     0.000    data_in_1[3]
    W15                  IBUF (Prop_ibuf_I_O)         0.165     0.165 r  data_in_1_IBUF[3]_inst/O
                         net (fo=1, routed)           0.428     0.592    fetch_unit_inst/data_in_1_IBUF[3]
    SLICE_X0Y12          FDRE                                         r  fetch_unit_inst/data_1_reg[3]/D
  -------------------------------------------------------------------    -------------------

                         (clock clk_pin_p rise edge)
                                                      0.000     0.000 r  
    M18                                               0.000     0.000 r  clk (IN)
                         net (fo=0)                   0.000     0.000    clk
    M18                  IBUF (Prop_ibuf_I_O)         0.356     0.356 r  clk_IBUF_inst/O
                         net (fo=1, routed)           0.689     1.044    clk_IBUF
    BUFGCTRL_X0Y0        BUFG (Prop_bufg_I_O)         0.029     1.073 r  clk_IBUF_BUFG_inst/O
                         net (fo=41, routed)          0.862     1.935    fetch_unit_inst/CLK
    SLICE_X0Y12          FDRE                                         r  fetch_unit_inst/data_1_reg[3]/C

Slack:                    inf
  Source:                 data_in_3[1]
                            (input port)
  Destination:            fetch_unit_inst/addr_1_reg[3]/D
                            (rising edge-triggered cell FDRE clocked by clk_pin_p  {rise@0.000ns fall@5.000ns period=10.000ns})
  Path Group:             (none)
  Path Type:              Hold (Min at Fast Process Corner)
  Data Path Delay:        0.596ns  (logic 0.201ns (33.618%)  route 0.396ns (66.382%))
  Logic Levels:           2  (IBUF=1 LUT4=1)
  Clock Path Skew:        1.934ns (DCD - SCD - CPR)
    Destination Clock Delay (DCD):    1.934ns
    Source Clock Delay      (SCD):    0.000ns
    Clock Pessimism Removal (CPR):    -0.000ns

    Location             Delay type                Incr(ns)  Path(ns)    Netlist Resource(s)
  -------------------------------------------------------------------    -------------------
    U18                                               0.000     0.000 r  data_in_3[1] (IN)
                         net (fo=0)                   0.000     0.000    data_in_3[1]
    U18                  IBUF (Prop_ibuf_I_O)         0.156     0.156 r  data_in_3_IBUF[1]_inst/O
                         net (fo=1, routed)           0.396     0.551    fetch_unit_inst/data_in_3_IBUF[1]
    SLICE_X1Y13          LUT4 (Prop_lut4_I3_O)        0.045     0.596 r  fetch_unit_inst/addr_1[3]_i_1/O
                         net (fo=1, routed)           0.000     0.596    fetch_unit_inst/next_addr_1[3]
    SLICE_X1Y13          FDRE                                         r  fetch_unit_inst/addr_1_reg[3]/D
  -------------------------------------------------------------------    -------------------

                         (clock clk_pin_p rise edge)
                                                      0.000     0.000 r  
    M18                                               0.000     0.000 r  clk (IN)
                         net (fo=0)                   0.000     0.000    clk
    M18                  IBUF (Prop_ibuf_I_O)         0.356     0.356 r  clk_IBUF_inst/O
                         net (fo=1, routed)           0.689     1.044    clk_IBUF
    BUFGCTRL_X0Y0        BUFG (Prop_bufg_I_O)         0.029     1.073 r  clk_IBUF_BUFG_inst/O
                         net (fo=41, routed)          0.861     1.934    fetch_unit_inst/CLK
    SLICE_X1Y13          FDRE                                         r  fetch_unit_inst/addr_1_reg[3]/C

Slack:                    inf
  Source:                 in_valid
                            (input port)
  Destination:            fetch_unit_inst/addr_1_reg[0]/D
                            (rising edge-triggered cell FDRE clocked by clk_pin_p  {rise@0.000ns fall@5.000ns period=10.000ns})
  Path Group:             (none)
  Path Type:              Hold (Min at Fast Process Corner)
  Data Path Delay:        0.609ns  (logic 0.210ns (34.523%)  route 0.399ns (65.477%))
  Logic Levels:           2  (IBUF=1 LUT4=1)
  Clock Path Skew:        1.935ns (DCD - SCD - CPR)
    Destination Clock Delay (DCD):    1.935ns
    Source Clock Delay      (SCD):    0.000ns
    Clock Pessimism Removal (CPR):    -0.000ns

    Location             Delay type                Incr(ns)  Path(ns)    Netlist Resource(s)
  -------------------------------------------------------------------    -------------------
    T17                                               0.000     0.000 r  in_valid (IN)
                         net (fo=0)                   0.000     0.000    in_valid
    T17                  IBUF (Prop_ibuf_I_O)         0.165     0.165 r  in_valid_IBUF_inst/O
                         net (fo=12, routed)          0.399     0.564    fetch_unit_inst/in_valid_IBUF
    SLICE_X2Y12          LUT4 (Prop_lut4_I2_O)        0.045     0.609 r  fetch_unit_inst/addr_1[0]_i_1/O
                         net (fo=1, routed)           0.000     0.609    fetch_unit_inst/next_addr_1[0]
    SLICE_X2Y12          FDRE                                         r  fetch_unit_inst/addr_1_reg[0]/D
  -------------------------------------------------------------------    -------------------

                         (clock clk_pin_p rise edge)
                                                      0.000     0.000 r  
    M18                                               0.000     0.000 r  clk (IN)
                         net (fo=0)                   0.000     0.000    clk
    M18                  IBUF (Prop_ibuf_I_O)         0.356     0.356 r  clk_IBUF_inst/O
                         net (fo=1, routed)           0.689     1.044    clk_IBUF
    BUFGCTRL_X0Y0        BUFG (Prop_bufg_I_O)         0.029     1.073 r  clk_IBUF_BUFG_inst/O
                         net (fo=41, routed)          0.862     1.935    fetch_unit_inst/CLK
    SLICE_X2Y12          FDRE                                         r  fetch_unit_inst/addr_1_reg[0]/C

Slack:                    inf
  Source:                 data_in_3[0]
                            (input port)
  Destination:            fetch_unit_inst/addr_0_reg[3]/D
                            (rising edge-triggered cell FDRE clocked by clk_pin_p  {rise@0.000ns fall@5.000ns period=10.000ns})
  Path Group:             (none)
  Path Type:              Hold (Min at Fast Process Corner)
  Data Path Delay:        0.632ns  (logic 0.220ns (34.851%)  route 0.412ns (65.149%))
  Logic Levels:           2  (IBUF=1 LUT4=1)
  Clock Path Skew:        1.934ns (DCD - SCD - CPR)
    Destination Clock Delay (DCD):    1.934ns
    Source Clock Delay      (SCD):    0.000ns
    Clock Pessimism Removal (CPR):    -0.000ns

    Location             Delay type                Incr(ns)  Path(ns)    Netlist Resource(s)
  -------------------------------------------------------------------    -------------------
    V16                                               0.000     0.000 r  data_in_3[0] (IN)
                         net (fo=0)                   0.000     0.000    data_in_3[0]
    V16                  IBUF (Prop_ibuf_I_O)         0.175     0.175 r  data_in_3_IBUF[0]_inst/O
                         net (fo=1, routed)           0.412     0.587    fetch_unit_inst/data_in_3_IBUF[0]
    SLICE_X1Y13          LUT4 (Prop_lut4_I3_O)        0.045     0.632 r  fetch_unit_inst/addr_0[3]_i_1/O
                         net (fo=1, routed)           0.000     0.632    fetch_unit_inst/next_addr_0[3]
    SLICE_X1Y13          FDRE                                         r  fetch_unit_inst/addr_0_reg[3]/D
  -------------------------------------------------------------------    -------------------

                         (clock clk_pin_p rise edge)
                                                      0.000     0.000 r  
    M18                                               0.000     0.000 r  clk (IN)
                         net (fo=0)                   0.000     0.000    clk
    M18                  IBUF (Prop_ibuf_I_O)         0.356     0.356 r  clk_IBUF_inst/O
                         net (fo=1, routed)           0.689     1.044    clk_IBUF
    BUFGCTRL_X0Y0        BUFG (Prop_bufg_I_O)         0.029     1.073 r  clk_IBUF_BUFG_inst/O
                         net (fo=41, routed)          0.861     1.934    fetch_unit_inst/CLK
    SLICE_X1Y13          FDRE                                         r  fetch_unit_inst/addr_0_reg[3]/C

Slack:                    inf
  Source:                 rst
                            (input port)
  Destination:            fetch_unit_inst/next_in_reg/S
                            (rising edge-triggered cell FDSE clocked by clk_pin_p  {rise@0.000ns fall@5.000ns period=10.000ns})
  Path Group:             (none)
  Path Type:              Hold (Min at Fast Process Corner)
  Data Path Delay:        0.637ns  (logic 0.165ns (25.977%)  route 0.471ns (74.023%))
  Logic Levels:           1  (IBUF=1)
  Clock Path Skew:        1.934ns (DCD - SCD - CPR)
    Destination Clock Delay (DCD):    1.934ns
    Source Clock Delay      (SCD):    0.000ns
    Clock Pessimism Removal (CPR):    -0.000ns

    Location             Delay type                Incr(ns)  Path(ns)    Netlist Resource(s)
  -------------------------------------------------------------------    -------------------
    W19                                               0.000     0.000 r  rst (IN)
                         net (fo=0)                   0.000     0.000    rst
    W19                  IBUF (Prop_ibuf_I_O)         0.165     0.165 r  rst_IBUF_inst/O
                         net (fo=14, routed)          0.471     0.637    fetch_unit_inst/rst_IBUF
    SLICE_X2Y14          FDSE                                         r  fetch_unit_inst/next_in_reg/S
  -------------------------------------------------------------------    -------------------

                         (clock clk_pin_p rise edge)
                                                      0.000     0.000 r  
    M18                                               0.000     0.000 r  clk (IN)
                         net (fo=0)                   0.000     0.000    clk
    M18                  IBUF (Prop_ibuf_I_O)         0.356     0.356 r  clk_IBUF_inst/O
                         net (fo=1, routed)           0.689     1.044    clk_IBUF
    BUFGCTRL_X0Y0        BUFG (Prop_bufg_I_O)         0.029     1.073 r  clk_IBUF_BUFG_inst/O
                         net (fo=41, routed)          0.861     1.934    fetch_unit_inst/CLK
    SLICE_X2Y14          FDSE                                         r  fetch_unit_inst/next_in_reg/C

Slack:                    inf
  Source:                 rst
                            (input port)
  Destination:            fetch_unit_inst/addr_0_reg[3]/R
                            (rising edge-triggered cell FDRE clocked by clk_pin_p  {rise@0.000ns fall@5.000ns period=10.000ns})
  Path Group:             (none)
  Path Type:              Hold (Min at Fast Process Corner)
  Data Path Delay:        0.641ns  (logic 0.165ns (25.796%)  route 0.476ns (74.204%))
  Logic Levels:           1  (IBUF=1)
  Clock Path Skew:        1.934ns (DCD - SCD - CPR)
    Destination Clock Delay (DCD):    1.934ns
    Source Clock Delay      (SCD):    0.000ns
    Clock Pessimism Removal (CPR):    -0.000ns

    Location             Delay type                Incr(ns)  Path(ns)    Netlist Resource(s)
  -------------------------------------------------------------------    -------------------
    W19                                               0.000     0.000 r  rst (IN)
                         net (fo=0)                   0.000     0.000    rst
    W19                  IBUF (Prop_ibuf_I_O)         0.165     0.165 r  rst_IBUF_inst/O
                         net (fo=14, routed)          0.476     0.641    fetch_unit_inst/rst_IBUF
    SLICE_X1Y13          FDRE                                         r  fetch_unit_inst/addr_0_reg[3]/R
  -------------------------------------------------------------------    -------------------

                         (clock clk_pin_p rise edge)
                                                      0.000     0.000 r  
    M18                                               0.000     0.000 r  clk (IN)
                         net (fo=0)                   0.000     0.000    clk
    M18                  IBUF (Prop_ibuf_I_O)         0.356     0.356 r  clk_IBUF_inst/O
                         net (fo=1, routed)           0.689     1.044    clk_IBUF
    BUFGCTRL_X0Y0        BUFG (Prop_bufg_I_O)         0.029     1.073 r  clk_IBUF_BUFG_inst/O
                         net (fo=41, routed)          0.861     1.934    fetch_unit_inst/CLK
    SLICE_X1Y13          FDRE                                         r  fetch_unit_inst/addr_0_reg[3]/C





